App_ID,SPDI_Category,SPDI_Records_Exposed,Primary_Vulnerability,Rule_8_ISO27001_Audited,Rule_8_Encryption_Active,Rule_5_Explicit_Consent,Rule_5_Grievance_Mechanism,BCP_IR_Plan_Tested
APP_NLIU_0001,Rule_3_ii_Financial_Data,458814,CSRF,0,1,0,0,1
APP_NLIU_0002,Multi_Category_SPDI,1691051,XSS,1,1,1,1,0
APP_NLIU_0003,Rule_3_iii_v_Health_Medical_Records,901881,None,0,1,1,1,0
APP_NLIU_0004,Rule_3_iii_v_Health_Medical_Records,1605548,CSRF,0,1,1,0,1
APP_NLIU_0005,Rule_3_i_Passwords,1646455,None,0,0,0,1,0
APP_NLIU_0006,Rule_3_i_Passwords,1435541,SQL_Injection,0,1,1,1,1
APP_NLIU_0007,Rule_3_i_Passwords,738082,None,1,0,1,1,1
APP_NLIU_0008,Multi_Category_SPDI,269826,None,0,0,0,1,0
APP_NLIU_0009,Rule_3_iii_v_Health_Medical_Records,1164762,SSRF,1,1,1,1,1
APP_NLIU_0010,Rule_3_iii_v_Health_Medical_Records,772469,XSS,1,0,0,1,1
APP_NLIU_0011,Rule_3_i_Passwords,1599696,SSRF,1,1,1,1,0
APP_NLIU_0012,Multi_Category_SPDI,1594861,None,0,0,1,1,1
APP_NLIU_0013,Rule_3_vi_Biometric_Information,1350360,XSS,0,0,1,0,0
APP_NLIU_0014,Rule_3_ii_Financial_Data,1523674,Exception_Handling_Failure,0,1,1,1,1
APP_NLIU_0015,Rule_3_i_Passwords,1094067,SSRF,0,0,1,1,1
APP_NLIU_0016,Rule_3_i_Passwords,1116619,SSRF,1,0,1,0,1
APP_NLIU_0017,Rule_3_ii_Financial_Data,903607,SQL_Injection,0,1,1,1,0
APP_NLIU_0018,Rule_3_iii_v_Health_Medical_Records,1182144,CSRF,0,0,1,1,0
APP_NLIU_0019,Rule_3_ii_Financial_Data,1429970,XSS,1,0,1,0,1
APP_NLIU_0020,Rule_3_ii_Financial_Data,1650589,None,1,1,1,0,1
APP_NLIU_0021,Rule_3_iii_v_Health_Medical_Records,133131,Exception_Handling_Failure,0,0,1,0,1
APP_NLIU_0022,Rule_3_i_Passwords,1099096,XSS,0,1,1,1,1
APP_NLIU_0023,Rule_3_ii_Financial_Data,330063,None,0,0,1,1,1
APP_NLIU_0024,Rule_3_ii_Financial_Data,639157,None,1,0,1,1,0
APP_NLIU_0025,Rule_3_ii_Financial_Data,593730,None,1,1,0,1,1
APP_NLIU_0026,Rule_3_vi_Biometric_Information,1838889,XSS,1,1,1,1,1
APP_NLIU_0027,Rule_3_i_Passwords,1206418,CSRF,1,0,0,1,0
APP_NLIU_0028,Rule_3_iii_v_Health_Medical_Records,372390,SQL_Injection,1,1,1,1,1
APP_NLIU_0029,Rule_3_iii_v_Health_Medical_Records,1756434,None,0,0,0,1,1
APP_NLIU_0030,Rule_3_i_Passwords,1425407,SQL_Injection,1,0,0,1,0
APP_NLIU_0031,Rule_3_iii_v_Health_Medical_Records,527485,CSRF,1,1,0,1,0
APP_NLIU_0032,Rule_3_i_Passwords,652735,XSS,1,0,1,1,1
APP_NLIU_0033,Rule_3_i_Passwords,1639341,XSS,1,1,0,1,0
APP_NLIU_0034,Multi_Category_SPDI,529532,Exception_Handling_Failure,1,0,1,1,1
APP_NLIU_0035,Multi_Category_SPDI,955292,SSRF,1,1,1,1,1
APP_NLIU_0036,Rule_3_vi_Biometric_Information,1017845,CSRF,0,1,1,0,0
APP_NLIU_0037,Rule_3_ii_Financial_Data,1919461,Exception_Handling_Failure,1,1,0,0,1
APP_NLIU_0038,Rule_3_i_Passwords,455953,None,0,0,1,1,0
APP_NLIU_0039,Rule_3_iii_v_Health_Medical_Records,1231137,None,1,1,1,1,0
APP_NLIU_0040,Rule_3_ii_Financial_Data,919394,None,0,1,0,1,0
APP_NLIU_0041,Rule_3_i_Passwords,862735,None,1,1,1,1,1
APP_NLIU_0042,Rule_3_ii_Financial_Data,1344110,XSS,1,1,1,1,0
APP_NLIU_0043,Rule_3_i_Passwords,539535,SSRF,1,1,1,1,0
APP_NLIU_0044,Multi_Category_SPDI,1253699,Exception_Handling_Failure,1,1,0,1,1
APP_NLIU_0045,Rule_3_ii_Financial_Data,1768655,Exception_Handling_Failure,1,1,1,1,1
APP_NLIU_0046,Rule_3_iii_v_Health_Medical_Records,1481470,Exception_Handling_Failure,1,1,1,1,0
APP_NLIU_0047,Rule_3_ii_Financial_Data,1045673,XSS,0,1,1,1,0
APP_NLIU_0048,Rule_3_iii_v_Health_Medical_Records,486018,XSS,1,0,1,1,1
APP_NLIU_0049,Rule_3_iii_v_Health_Medical_Records,1260934,CSRF,0,1,1,1,1
APP_NLIU_0050,Rule_3_i_Passwords,821015,XSS,0,1,1,1,1
APP_NLIU_0051,Multi_Category_SPDI,521456,SSRF,0,1,1,1,0
APP_NLIU_0052,Rule_3_vi_Biometric_Information,1192724,None,1,0,1,1,0
APP_NLIU_0053,Multi_Category_SPDI,940510,SSRF,1,1,1,1,1
APP_NLIU_0054,Multi_Category_SPDI,1199699,SQL_Injection,0,1,1,1,1
APP_NLIU_0055,Rule_3_iii_v_Health_Medical_Records,402530,XSS,1,1,1,1,1
APP_NLIU_0056,Multi_Category_SPDI,557958,Exception_Handling_Failure,1,1,1,1,1
APP_NLIU_0057,Rule_3_i_Passwords,1547549,XSS,1,1,1,1,1
APP_NLIU_0058,Rule_3_i_Passwords,990055,CSRF,1,1,1,0,0
APP_NLIU_0059,Rule_3_i_Passwords,1964928,XSS,0,0,1,0,1
APP_NLIU_0060,Rule_3_ii_Financial_Data,1063812,CSRF,1,0,1,0,0
APP_NLIU_0061,Rule_3_ii_Financial_Data,40568,None,0,0,1,0,1
APP_NLIU_0062,Rule_3_ii_Financial_Data,1685191,None,1,0,1,1,1
APP_NLIU_0063,Rule_3_vi_Biometric_Information,260745,XSS,1,1,0,1,1
APP_NLIU_0064,Rule_3_ii_Financial_Data,377332,CSRF,1,1,1,1,0
APP_NLIU_0065,Rule_3_ii_Financial_Data,490119,None,0,1,1,0,0
APP_NLIU_0066,Rule_3_iii_v_Health_Medical_Records,283496,SQL_Injection,0,1,1,1,0
APP_NLIU_0067,Rule_3_i_Passwords,1703585,XSS,0,1,0,1,0
APP_NLIU_0068,Rule_3_vi_Biometric_Information,264291,CSRF,1,1,1,1,1
APP_NLIU_0069,Rule_3_i_Passwords,443866,None,0,1,1,0,1
APP_NLIU_0070,Multi_Category_SPDI,408562,SQL_Injection,1,0,0,1,1
APP_NLIU_0071,Rule_3_vi_Biometric_Information,685516,XSS,0,1,1,1,0
APP_NLIU_0072,Rule_3_i_Passwords,60904,None,1,0,1,0,0
APP_NLIU_0073,Rule_3_i_Passwords,1985115,XSS,0,1,1,1,0
APP_NLIU_0074,Rule_3_vi_Biometric_Information,913573,SQL_Injection,0,1,1,1,0
APP_NLIU_0075,Rule_3_iii_v_Health_Medical_Records,283252,None,1,1,1,1,1
APP_NLIU_0076,Rule_3_iii_v_Health_Medical_Records,527247,XSS,1,0,1,1,1
APP_NLIU_0077,Rule_3_vi_Biometric_Information,794285,Exception_Handling_Failure,1,1,1,1,1
APP_NLIU_0078,Rule_3_i_Passwords,351300,SSRF,0,1,0,1,1
APP_NLIU_0079,Rule_3_ii_Financial_Data,271320,XSS,1,0,0,0,1
APP_NLIU_0080,Rule_3_i_Passwords,629747,XSS,1,0,1,1,0
APP_NLIU_0081,Multi_Category_SPDI,1472712,SQL_Injection,0,1,1,1,0
APP_NLIU_0082,Rule_3_iii_v_Health_Medical_Records,1239498,SQL_Injection,1,0,1,1,1
APP_NLIU_0083,Rule_3_ii_Financial_Data,1191477,None,1,1,1,1,1
APP_NLIU_0084,Rule_3_i_Passwords,128225,SSRF,0,1,0,1,1
APP_NLIU_0085,Rule_3_ii_Financial_Data,498406,SSRF,1,1,1,1,0
APP_NLIU_0086,Rule_3_ii_Financial_Data,1813711,XSS,1,0,0,1,1
APP_NLIU_0087,Rule_3_iii_v_Health_Medical_Records,226738,None,0,1,1,1,0
APP_NLIU_0088,Rule_3_iii_v_Health_Medical_Records,909890,SQL_Injection,1,1,0,1,0
APP_NLIU_0089,Multi_Category_SPDI,1688757,XSS,0,0,1,0,1
APP_NLIU_0090,Rule_3_ii_Financial_Data,865359,SQL_Injection,1,0,0,1,0
APP_NLIU_0091,Rule_3_i_Passwords,483076,SQL_Injection,1,0,1,1,1
APP_NLIU_0092,Rule_3_iii_v_Health_Medical_Records,1958186,SQL_Injection,0,1,1,1,0
APP_NLIU_0093,Rule_3_vi_Biometric_Information,247726,None,0,1,0,1,1
APP_NLIU_0094,Rule_3_iii_v_Health_Medical_Records,1356387,SQL_Injection,0,0,1,1,0
APP_NLIU_0095,Rule_3_vi_Biometric_Information,726202,SQL_Injection,1,1,0,1,0
APP_NLIU_0096,Rule_3_ii_Financial_Data,1482635,XSS,1,1,1,1,1
APP_NLIU_0097,Rule_3_iii_v_Health_Medical_Records,711168,None,0,1,1,1,0
APP_NLIU_0098,Rule_3_ii_Financial_Data,1477335,CSRF,0,1,1,0,0
APP_NLIU_0099,Rule_3_i_Passwords,470996,XSS,0,0,0,1,1
APP_NLIU_0100,Rule_3_i_Passwords,1060187,SQL_Injection,0,0,1,1,1
APP_NLIU_0101,Rule_3_i_Passwords,1403962,XSS,1,1,1,1,0
APP_NLIU_0102,Rule_3_iii_v_Health_Medical_Records,1924620,XSS,1,0,1,1,0
APP_NLIU_0103,Rule_3_ii_Financial_Data,1886910,XSS,1,1,1,1,1
APP_NLIU_0104,Rule_3_iii_v_Health_Medical_Records,776812,CSRF,1,1,0,1,1
APP_NLIU_0105,Multi_Category_SPDI,1348763,CSRF,1,1,1,1,1
APP_NLIU_0106,Rule_3_ii_Financial_Data,141343,SQL_Injection,1,1,1,1,0
APP_NLIU_0107,Rule_3_ii_Financial_Data,864299,CSRF,1,1,1,1,1
APP_NLIU_0108,Rule_3_vi_Biometric_Information,344233,SQL_Injection,1,1,0,0,0
APP_NLIU_0109,Rule_3_ii_Financial_Data,850177,None,0,1,1,1,0
APP_NLIU_0110,Rule_3_i_Passwords,1543668,None,0,1,1,1,0
APP_NLIU_0111,Rule_3_ii_Financial_Data,984581,None,0,1,1,1,0
APP_NLIU_0112,Rule_3_i_Passwords,1243767,None,1,1,1,1,1
APP_NLIU_0113,Multi_Category_SPDI,1720509,Exception_Handling_Failure,1,0,1,0,0
APP_NLIU_0114,Rule_3_vi_Biometric_Information,1730345,None,1,0,1,1,1
APP_NLIU_0115,Rule_3_iii_v_Health_Medical_Records,877402,CSRF,1,1,0,1,1
APP_NLIU_0116,Multi_Category_SPDI,1340184,Exception_Handling_Failure,1,1,1,1,0
APP_NLIU_0117,Rule_3_vi_Biometric_Information,1302796,XSS,0,1,0,1,1
APP_NLIU_0118,Rule_3_i_Passwords,1489632,XSS,0,1,1,1,1
APP_NLIU_0119,Multi_Category_SPDI,971289,None,0,0,1,1,1
APP_NLIU_0120,Rule_3_iii_v_Health_Medical_Records,647811,CSRF,0,1,1,1,0
APP_NLIU_0121,Rule_3_vi_Biometric_Information,1598526,CSRF,1,1,1,0,0
APP_NLIU_0122,Multi_Category_SPDI,809660,None,1,1,0,1,0
APP_NLIU_0123,Rule_3_ii_Financial_Data,590009,SQL_Injection,1,1,1,1,1
APP_NLIU_0124,Rule_3_i_Passwords,667746,XSS,1,1,0,0,0
APP_NLIU_0125,Rule_3_ii_Financial_Data,798294,None,1,1,1,1,1
APP_NLIU_0126,Rule_3_ii_Financial_Data,569396,Exception_Handling_Failure,1,1,1,1,0
APP_NLIU_0127,Rule_3_vi_Biometric_Information,96788,XSS,1,1,1,0,1
APP_NLIU_0128,Multi_Category_SPDI,473239,SSRF,1,1,1,1,0
APP_NLIU_0129,Rule_3_i_Passwords,249437,CSRF,1,0,1,0,0
APP_NLIU_0130,Rule_3_iii_v_Health_Medical_Records,1814875,None,1,1,1,1,0
APP_NLIU_0131,Rule_3_ii_Financial_Data,871572,XSS,1,1,0,1,1
APP_NLIU_0132,Rule_3_ii_Financial_Data,1005467,XSS,0,1,1,0,1
APP_NLIU_0133,Rule_3_i_Passwords,687561,SQL_Injection,1,1,1,1,1
APP_NLIU_0134,Rule_3_ii_Financial_Data,1908586,SQL_Injection,1,1,1,1,0
APP_NLIU_0135,Multi_Category_SPDI,54966,None,0,1,1,1,1
APP_NLIU_0136,Rule_3_ii_Financial_Data,190846,CSRF,1,1,1,1,1
APP_NLIU_0137,Rule_3_iii_v_Health_Medical_Records,1326106,Exception_Handling_Failure,0,1,1,1,0
APP_NLIU_0138,Rule_3_iii_v_Health_Medical_Records,606516,SQL_Injection,0,0,1,1,0
APP_NLIU_0139,Rule_3_ii_Financial_Data,1044524,Exception_Handling_Failure,0,1,1,1,0
APP_NLIU_0140,Multi_Category_SPDI,1199873,None,1,0,1,1,0
APP_NLIU_0141,Multi_Category_SPDI,1463485,XSS,1,0,1,1,0
APP_NLIU_0142,Rule_3_ii_Financial_Data,1387917,SQL_Injection,1,1,0,1,1
APP_NLIU_0143,Rule_3_ii_Financial_Data,48021,XSS,1,1,0,1,1
APP_NLIU_0144,Rule_3_ii_Financial_Data,386059,None,0,0,1,1,0
APP_NLIU_0145,Rule_3_ii_Financial_Data,154333,XSS,0,1,1,0,0
APP_NLIU_0146,Rule_3_i_Passwords,425594,None,0,1,1,1,0
APP_NLIU_0147,Rule_3_iii_v_Health_Medical_Records,908606,Exception_Handling_Failure,1,0,1,1,1
APP_NLIU_0148,Rule_3_iii_v_Health_Medical_Records,781934,None,1,1,1,1,0
APP_NLIU_0149,Rule_3_i_Passwords,91755,Exception_Handling_Failure,0,1,1,1,0
APP_NLIU_0150,Rule_3_ii_Financial_Data,934441,SQL_Injection,0,1,0,1,0
APP_NLIU_0151,Multi_Category_SPDI,1119906,CSRF,0,1,1,1,1
APP_NLIU_0152,Rule_3_ii_Financial_Data,707726,SSRF,1,1,1,1,0
APP_NLIU_0153,Rule_3_i_Passwords,863754,None,0,1,1,1,1
APP_NLIU_0154,Rule_3_ii_Financial_Data,1942326,None,0,1,1,1,0
APP_NLIU_0155,Multi_Category_SPDI,574601,Exception_Handling_Failure,1,1,1,0,0
APP_NLIU_0156,Rule_3_ii_Financial_Data,239729,CSRF,1,1,1,1,0
APP_NLIU_0157,Rule_3_iii_v_Health_Medical_Records,762071,SSRF,1,1,1,1,1
APP_NLIU_0158,Rule_3_vi_Biometric_Information,1342752,None,1,0,1,1,0
APP_NLIU_0159,Rule_3_ii_Financial_Data,1538755,XSS,1,0,1,1,1
APP_NLIU_0160,Rule_3_iii_v_Health_Medical_Records,153430,SSRF,1,1,0,0,0
APP_NLIU_0161,Rule_3_ii_Financial_Data,1046431,Exception_Handling_Failure,1,1,0,1,0
APP_NLIU_0162,Rule_3_iii_v_Health_Medical_Records,1901718,SQL_Injection,0,0,1,0,1
APP_NLIU_0163,Rule_3_iii_v_Health_Medical_Records,1411046,CSRF,1,1,1,1,0
APP_NLIU_0164,Rule_3_iii_v_Health_Medical_Records,1401877,XSS,1,0,0,0,0
APP_NLIU_0165,Rule_3_i_Passwords,447037,SQL_Injection,0,0,0,1,0
APP_NLIU_0166,Rule_3_vi_Biometric_Information,33365,None,1,0,1,1,0
APP_NLIU_0167,Rule_3_ii_Financial_Data,1328909,SSRF,0,1,1,1,0
APP_NLIU_0168,Rule_3_i_Passwords,1523541,SQL_Injection,1,1,1,1,0
APP_NLIU_0169,Rule_3_i_Passwords,1585112,SSRF,1,0,0,1,0
APP_NLIU_0170,Rule_3_iii_v_Health_Medical_Records,1057945,None,0,1,0,1,1
APP_NLIU_0171,Rule_3_iii_v_Health_Medical_Records,461979,XSS,1,0,1,0,1
APP_NLIU_0172,Rule_3_i_Passwords,1979130,XSS,1,1,1,1,0
APP_NLIU_0173,Rule_3_iii_v_Health_Medical_Records,1868613,SQL_Injection,1,0,1,0,1
APP_NLIU_0174,Rule_3_ii_Financial_Data,1889624,SQL_Injection,1,1,1,1,0
APP_NLIU_0175,Rule_3_iii_v_Health_Medical_Records,1501271,XSS,0,1,1,1,1
APP_NLIU_0176,Rule_3_i_Passwords,370863,None,1,1,1,1,1
APP_NLIU_0177,Rule_3_iii_v_Health_Medical_Records,1225531,None,1,0,0,1,1
APP_NLIU_0178,Rule_3_ii_Financial_Data,1610919,SQL_Injection,0,0,1,1,1
APP_NLIU_0179,Multi_Category_SPDI,1777667,XSS,1,1,0,1,0
APP_NLIU_0180,Rule_3_i_Passwords,1432400,None,1,1,1,0,0
APP_NLIU_0181,Rule_3_ii_Financial_Data,274594,CSRF,1,1,0,1,1
APP_NLIU_0182,Rule_3_i_Passwords,1187573,None,0,1,0,1,0
APP_NLIU_0183,Multi_Category_SPDI,478267,SQL_Injection,1,1,1,1,0
APP_NLIU_0184,Multi_Category_SPDI,55272,None,1,1,1,0,0
APP_NLIU_0185,Rule_3_ii_Financial_Data,1058886,None,1,1,1,1,0
APP_NLIU_0186,Rule_3_iii_v_Health_Medical_Records,1085393,None,0,0,1,1,1
APP_NLIU_0187,Rule_3_vi_Biometric_Information,1561926,Exception_Handling_Failure,1,1,1,1,0
APP_NLIU_0188,Rule_3_iii_v_Health_Medical_Records,491160,CSRF,1,1,0,1,0
APP_NLIU_0189,Rule_3_iii_v_Health_Medical_Records,1491320,None,0,1,1,1,1
APP_NLIU_0190,Rule_3_ii_Financial_Data,978283,CSRF,1,0,1,0,0
APP_NLIU_0191,Rule_3_i_Passwords,745176,CSRF,1,1,0,0,0
APP_NLIU_0192,Multi_Category_SPDI,87641,None,0,1,1,1,1
APP_NLIU_0193,Multi_Category_SPDI,1793019,None,0,1,1,1,0
APP_NLIU_0194,Rule_3_iii_v_Health_Medical_Records,1785246,None,1,0,1,1,1
APP_NLIU_0195,Rule_3_ii_Financial_Data,1593321,SSRF,1,1,1,0,0
APP_NLIU_0196,Rule_3_ii_Financial_Data,47311,None,0,0,1,1,0
APP_NLIU_0197,Rule_3_iii_v_Health_Medical_Records,1975060,None,0,1,0,1,0
APP_NLIU_0198,Multi_Category_SPDI,1205534,SQL_Injection,1,1,1,1,1
APP_NLIU_0199,Multi_Category_SPDI,1523904,CSRF,1,1,1,1,1
APP_NLIU_0200,Rule_3_vi_Biometric_Information,1497669,CSRF,0,1,0,1,1
APP_NLIU_0201,Rule_3_iii_v_Health_Medical_Records,1701437,CSRF,1,1,1,1,1
APP_NLIU_0202,Rule_3_i_Passwords,364571,None,0,1,1,1,0
APP_NLIU_0203,Rule_3_i_Passwords,1876189,Exception_Handling_Failure,1,0,0,1,1
APP_NLIU_0204,Multi_Category_SPDI,1217910,None,1,1,0,0,1
APP_NLIU_0205,Rule_3_iii_v_Health_Medical_Records,1972027,None,1,1,1,0,0
APP_NLIU_0206,Rule_3_i_Passwords,398238,CSRF,0,0,0,1,1
APP_NLIU_0207,Rule_3_i_Passwords,792560,None,1,1,1,0,1
APP_NLIU_0208,Rule_3_iii_v_Health_Medical_Records,1657386,XSS,1,0,0,1,1
APP_NLIU_0209,Rule_3_i_Passwords,1216970,None,1,0,0,1,0
APP_NLIU_0210,Rule_3_i_Passwords,53929,SSRF,1,1,0,1,1
APP_NLIU_0211,Rule_3_iii_v_Health_Medical_Records,610984,None,0,1,1,0,0
APP_NLIU_0212,Rule_3_iii_v_Health_Medical_Records,382389,SSRF,1,1,0,1,1
APP_NLIU_0213,Rule_3_iii_v_Health_Medical_Records,801240,CSRF,1,1,0,1,0
APP_NLIU_0214,Rule_3_ii_Financial_Data,1673012,None,1,1,1,0,1
APP_NLIU_0215,Rule_3_iii_v_Health_Medical_Records,451098,CSRF,1,0,1,1,0
APP_NLIU_0216,Rule_3_ii_Financial_Data,813157,Exception_Handling_Failure,1,0,0,1,1
APP_NLIU_0217,Rule_3_ii_Financial_Data,1388254,XSS,0,1,1,1,0
APP_NLIU_0218,Rule_3_iii_v_Health_Medical_Records,1355670,None,1,1,0,0,1
APP_NLIU_0219,Rule_3_iii_v_Health_Medical_Records,1797890,SSRF,1,1,1,1,1
APP_NLIU_0220,Rule_3_vi_Biometric_Information,88576,SQL_Injection,1,1,1,1,1
APP_NLIU_0221,Rule_3_iii_v_Health_Medical_Records,25557,CSRF,1,0,0,1,0
APP_NLIU_0222,Rule_3_iii_v_Health_Medical_Records,551113,XSS,1,1,0,1,0
APP_NLIU_0223,Rule_3_i_Passwords,1324718,SSRF,0,1,1,1,0
APP_NLIU_0224,Rule_3_ii_Financial_Data,41080,CSRF,0,1,1,0,1
APP_NLIU_0225,Rule_3_ii_Financial_Data,1836679,CSRF,0,0,0,1,1
APP_NLIU_0226,Rule_3_ii_Financial_Data,1242445,SQL_Injection,1,1,0,1,1
APP_NLIU_0227,Multi_Category_SPDI,1724738,XSS,0,0,1,1,0
APP_NLIU_0228,Rule_3_ii_Financial_Data,1982247,None,0,1,1,1,0
APP_NLIU_0229,Multi_Category_SPDI,498844,SSRF,1,0,0,1,1
APP_NLIU_0230,Rule_3_iii_v_Health_Medical_Records,1620271,XSS,1,1,1,1,0
APP_NLIU_0231,Rule_3_vi_Biometric_Information,1173859,Exception_Handling_Failure,1,1,1,1,0
APP_NLIU_0232,Rule_3_iii_v_Health_Medical_Records,18338,XSS,1,1,0,1,0
APP_NLIU_0233,Rule_3_iii_v_Health_Medical_Records,605577,None,1,1,1,1,0
APP_NLIU_0234,Rule_3_ii_Financial_Data,1518312,XSS,0,0,0,1,0
APP_NLIU_0235,Rule_3_i_Passwords,1727831,XSS,1,1,1,1,1
APP_NLIU_0236,Rule_3_iii_v_Health_Medical_Records,183982,SQL_Injection,1,1,1,0,0
APP_NLIU_0237,Rule_3_ii_Financial_Data,1971037,Exception_Handling_Failure,1,1,1,1,1
APP_NLIU_0238,Rule_3_i_Passwords,1162943,Exception_Handling_Failure,1,1,1,0,1
APP_NLIU_0239,Rule_3_iii_v_Health_Medical_Records,333042,SQL_Injection,1,1,1,0,1
APP_NLIU_0240,Rule_3_i_Passwords,925958,CSRF,1,1,1,0,0
APP_NLIU_0241,Multi_Category_SPDI,1695350,None,0,1,1,1,0
APP_NLIU_0242,Multi_Category_SPDI,1402260,XSS,1,1,1,0,0
APP_NLIU_0243,Multi_Category_SPDI,1548351,XSS,0,0,1,1,1
APP_NLIU_0244,Rule_3_ii_Financial_Data,1792073,None,1,0,0,0,1
APP_NLIU_0245,Rule_3_i_Passwords,448853,None,1,0,1,0,1
APP_NLIU_0246,Multi_Category_SPDI,1833919,XSS,1,0,1,1,0
APP_NLIU_0247,Rule_3_ii_Financial_Data,665709,None,1,1,0,1,1
APP_NLIU_0248,Multi_Category_SPDI,1965424,None,1,0,1,1,1
APP_NLIU_0249,Multi_Category_SPDI,831395,XSS,0,0,1,1,0
APP_NLIU_0250,Multi_Category_SPDI,998087,XSS,0,1,1,0,0
APP_NLIU_0251,Rule_3_ii_Financial_Data,1454542,CSRF,1,1,1,1,1
APP_NLIU_0252,Rule_3_ii_Financial_Data,362073,None,1,1,0,1,0
APP_NLIU_0253,Multi_Category_SPDI,1731399,Exception_Handling_Failure,1,1,0,1,1
APP_NLIU_0254,Rule_3_ii_Financial_Data,604223,SQL_Injection,1,0,1,1,0
APP_NLIU_0255,Rule_3_i_Passwords,1767728,None,0,0,1,1,0
APP_NLIU_0256,Rule_3_iii_v_Health_Medical_Records,805118,XSS,0,1,1,0,1
APP_NLIU_0257,Multi_Category_SPDI,1553131,SQL_Injection,0,1,0,0,0
APP_NLIU_0258,Rule_3_iii_v_Health_Medical_Records,1117104,XSS,1,1,1,1,1
APP_NLIU_0259,Rule_3_iii_v_Health_Medical_Records,1677675,XSS,0,1,0,0,1
APP_NLIU_0260,Rule_3_i_Passwords,513907,None,0,0,1,1,1
APP_NLIU_0261,Rule_3_iii_v_Health_Medical_Records,1338507,SSRF,1,1,1,1,1
APP_NLIU_0262,Multi_Category_SPDI,937280,None,1,0,0,1,0
APP_NLIU_0263,Rule_3_i_Passwords,382757,XSS,1,1,1,1,0
APP_NLIU_0264,Rule_3_iii_v_Health_Medical_Records,1017567,SQL_Injection,1,1,1,1,1
APP_NLIU_0265,Multi_Category_SPDI,717787,None,1,1,1,1,0
APP_NLIU_0266,Rule_3_iii_v_Health_Medical_Records,1838005,XSS,1,1,1,1,0
APP_NLIU_0267,Rule_3_iii_v_Health_Medical_Records,1158463,CSRF,1,1,0,1,0
APP_NLIU_0268,Rule_3_iii_v_Health_Medical_Records,1114662,XSS,1,1,0,1,0
APP_NLIU_0269,Rule_3_ii_Financial_Data,893663,None,0,1,1,1,1
APP_NLIU_0270,Rule_3_ii_Financial_Data,1309070,CSRF,0,1,1,1,0
APP_NLIU_0271,Rule_3_vi_Biometric_Information,513889,SSRF,0,1,1,1,0
APP_NLIU_0272,Rule_3_vi_Biometric_Information,1641172,SQL_Injection,1,1,1,0,0
APP_NLIU_0273,Multi_Category_SPDI,282941,CSRF,0,1,0,1,1
APP_NLIU_0274,Multi_Category_SPDI,1321022,None,1,0,0,1,1
APP_NLIU_0275,Rule_3_iii_v_Health_Medical_Records,461388,XSS,0,1,1,0,1
APP_NLIU_0276,Rule_3_iii_v_Health_Medical_Records,567347,SSRF,1,1,1,0,0
APP_NLIU_0277,Rule_3_vi_Biometric_Information,136980,SSRF,1,1,1,1,0
APP_NLIU_0278,Rule_3_iii_v_Health_Medical_Records,1769188,CSRF,1,1,1,0,0
APP_NLIU_0279,Rule_3_iii_v_Health_Medical_Records,1527451,None,1,0,1,0,0
APP_NLIU_0280,Rule_3_vi_Biometric_Information,148949,CSRF,0,0,1,1,1
APP_NLIU_0281,Multi_Category_SPDI,281383,None,1,1,1,0,0
APP_NLIU_0282,Rule_3_ii_Financial_Data,1009475,XSS,0,0,0,0,0
APP_NLIU_0283,Rule_3_ii_Financial_Data,32313,SSRF,1,0,1,1,1
APP_NLIU_0284,Rule_3_i_Passwords,1023394,None,1,0,1,1,1
APP_NLIU_0285,Rule_3_iii_v_Health_Medical_Records,1095679,XSS,0,0,1,1,1
APP_NLIU_0286,Rule_3_i_Passwords,184480,None,1,1,1,1,1
APP_NLIU_0287,Rule_3_ii_Financial_Data,1530043,None,1,1,0,1,0
APP_NLIU_0288,Rule_3_iii_v_Health_Medical_Records,1142347,SQL_Injection,1,1,1,1,0
APP_NLIU_0289,Rule_3_ii_Financial_Data,1179804,SQL_Injection,1,1,0,0,1
APP_NLIU_0290,Rule_3_iii_v_Health_Medical_Records,96665,None,1,0,1,0,0
APP_NLIU_0291,Rule_3_i_Passwords,801966,CSRF,1,0,1,1,0
APP_NLIU_0292,Rule_3_i_Passwords,1883068,SSRF,1,1,1,1,1
APP_NLIU_0293,Rule_3_vi_Biometric_Information,1857197,SQL_Injection,1,1,0,1,1
APP_NLIU_0294,Rule_3_ii_Financial_Data,1968439,SQL_Injection,0,0,0,1,0
APP_NLIU_0295,Rule_3_i_Passwords,1663931,None,1,1,1,1,0
APP_NLIU_0296,Rule_3_iii_v_Health_Medical_Records,802399,SQL_Injection,1,1,1,0,1
APP_NLIU_0297,Rule_3_vi_Biometric_Information,742351,XSS,0,1,1,1,0
APP_NLIU_0298,Rule_3_ii_Financial_Data,856995,Exception_Handling_Failure,0,0,1,1,0
APP_NLIU_0299,Rule_3_iii_v_Health_Medical_Records,275804,XSS,0,1,0,1,1
APP_NLIU_0300,Rule_3_i_Passwords,1434391,SQL_Injection,1,0,1,1,0
APP_NLIU_0301,Rule_3_i_Passwords,489091,None,1,1,1,1,0
APP_NLIU_0302,Rule_3_iii_v_Health_Medical_Records,134909,SQL_Injection,1,1,1,1,1
APP_NLIU_0303,Rule_3_iii_v_Health_Medical_Records,1486615,None,1,1,1,1,1
APP_NLIU_0304,Rule_3_iii_v_Health_Medical_Records,454058,None,0,0,1,1,1
APP_NLIU_0305,Rule_3_iii_v_Health_Medical_Records,145688,XSS,0,0,1,1,1
APP_NLIU_0306,Multi_Category_SPDI,1129552,XSS,1,1,1,1,0
APP_NLIU_0307,Rule_3_iii_v_Health_Medical_Records,1811072,XSS,1,1,1,0,1
APP_NLIU_0308,Rule_3_ii_Financial_Data,1233386,CSRF,0,1,0,0,1
APP_NLIU_0309,Rule_3_vi_Biometric_Information,1328827,None,1,1,1,1,1
APP_NLIU_0310,Rule_3_ii_Financial_Data,1770340,None,1,0,1,1,0
APP_NLIU_0311,Rule_3_ii_Financial_Data,1672046,CSRF,1,1,1,1,1
APP_NLIU_0312,Rule_3_i_Passwords,1821017,Exception_Handling_Failure,1,0,1,1,1
APP_NLIU_0313,Rule_3_i_Passwords,883219,None,1,0,1,0,1
APP_NLIU_0314,Multi_Category_SPDI,1855962,None,0,1,1,1,0
APP_NLIU_0315,Rule_3_vi_Biometric_Information,284087,XSS,0,1,0,1,1
APP_NLIU_0316,Rule_3_iii_v_Health_Medical_Records,1094301,XSS,1,1,0,1,1
APP_NLIU_0317,Rule_3_ii_Financial_Data,1885442,CSRF,1,1,1,1,0
APP_NLIU_0318,Rule_3_i_Passwords,1925759,None,1,1,1,1,1
APP_NLIU_0319,Rule_3_i_Passwords,539398,SQL_Injection,0,0,1,1,1
APP_NLIU_0320,Rule_3_ii_Financial_Data,503864,XSS,1,1,0,0,1
APP_NLIU_0321,Rule_3_iii_v_Health_Medical_Records,1332182,CSRF,0,1,1,0,1
APP_NLIU_0322,Rule_3_iii_v_Health_Medical_Records,1394952,CSRF,0,1,0,0,1
APP_NLIU_0323,Rule_3_iii_v_Health_Medical_Records,714441,XSS,0,1,0,1,0
APP_NLIU_0324,Rule_3_ii_Financial_Data,451015,None,1,1,1,1,1
APP_NLIU_0325,Multi_Category_SPDI,595855,SQL_Injection,0,1,1,1,1
APP_NLIU_0326,Rule_3_iii_v_Health_Medical_Records,487517,XSS,0,1,0,1,0
APP_NLIU_0327,Rule_3_iii_v_Health_Medical_Records,1760160,SQL_Injection,1,1,1,1,0
APP_NLIU_0328,Rule_3_iii_v_Health_Medical_Records,1443145,SSRF,1,0,0,1,0
APP_NLIU_0329,Rule_3_ii_Financial_Data,847495,XSS,1,1,0,1,1
APP_NLIU_0330,Rule_3_ii_Financial_Data,1166970,XSS,1,0,1,1,1
APP_NLIU_0331,Rule_3_ii_Financial_Data,1895248,CSRF,1,0,1,1,1
APP_NLIU_0332,Rule_3_vi_Biometric_Information,1921360,CSRF,0,0,1,1,1
APP_NLIU_0333,Rule_3_i_Passwords,153940,SQL_Injection,0,0,0,1,1
APP_NLIU_0334,Rule_3_i_Passwords,998477,CSRF,1,1,0,1,1
APP_NLIU_0335,Rule_3_i_Passwords,348133,None,0,1,1,1,0
APP_NLIU_0336,Rule_3_i_Passwords,1075798,None,1,0,1,1,1
APP_NLIU_0337,Multi_Category_SPDI,84794,CSRF,1,0,1,1,1
APP_NLIU_0338,Rule_3_iii_v_Health_Medical_Records,1641788,XSS,1,1,1,1,1
APP_NLIU_0339,Rule_3_ii_Financial_Data,629142,None,1,0,0,1,1
APP_NLIU_0340,Rule_3_i_Passwords,1918521,SQL_Injection,1,1,1,1,1
APP_NLIU_0341,Rule_3_ii_Financial_Data,789326,None,0,0,0,1,0
APP_NLIU_0342,Rule_3_ii_Financial_Data,846081,None,1,0,1,1,0
APP_NLIU_0343,Rule_3_i_Passwords,370130,SQL_Injection,0,1,1,1,1
APP_NLIU_0344,Rule_3_ii_Financial_Data,773103,SSRF,1,1,1,1,0
APP_NLIU_0345,Rule_3_ii_Financial_Data,875181,None,1,1,1,1,0
APP_NLIU_0346,Rule_3_iii_v_Health_Medical_Records,238127,XSS,0,0,1,1,0
APP_NLIU_0347,Rule_3_iii_v_Health_Medical_Records,509434,SQL_Injection,1,1,1,1,0
APP_NLIU_0348,Rule_3_i_Passwords,1194871,CSRF,0,1,1,1,1
APP_NLIU_0349,Rule_3_ii_Financial_Data,1232814,XSS,0,0,0,1,1
APP_NLIU_0350,Rule_3_iii_v_Health_Medical_Records,44369,Exception_Handling_Failure,1,0,1,1,1
APP_NLIU_0351,Rule_3_iii_v_Health_Medical_Records,877811,None,0,0,1,1,1
APP_NLIU_0352,Multi_Category_SPDI,1909400,None,0,1,1,1,0
APP_NLIU_0353,Rule_3_iii_v_Health_Medical_Records,1852669,CSRF,1,0,0,1,0
APP_NLIU_0354,Rule_3_i_Passwords,1724527,XSS,1,1,1,1,1
APP_NLIU_0355,Rule_3_i_Passwords,338862,XSS,0,0,1,1,0
APP_NLIU_0356,Rule_3_iii_v_Health_Medical_Records,715595,XSS,1,0,0,1,0
APP_NLIU_0357,Rule_3_i_Passwords,275114,SSRF,1,0,1,1,1
APP_NLIU_0358,Rule_3_iii_v_Health_Medical_Records,52922,None,0,1,1,1,0
APP_NLIU_0359,Multi_Category_SPDI,1547190,None,0,0,0,1,0
APP_NLIU_0360,Rule_3_iii_v_Health_Medical_Records,822187,XSS,1,1,1,1,0
APP_NLIU_0361,Rule_3_ii_Financial_Data,1032903,Exception_Handling_Failure,1,1,1,1,1
APP_NLIU_0362,Rule_3_iii_v_Health_Medical_Records,650214,SSRF,1,1,0,1,1
APP_NLIU_0363,Rule_3_ii_Financial_Data,24416,XSS,0,1,1,1,0
APP_NLIU_0364,Rule_3_iii_v_Health_Medical_Records,18672,Exception_Handling_Failure,1,1,1,1,1
APP_NLIU_0365,Multi_Category_SPDI,481684,XSS,1,1,1,1,1
APP_NLIU_0366,Rule_3_ii_Financial_Data,133145,None,0,1,0,1,1
APP_NLIU_0367,Multi_Category_SPDI,707356,Exception_Handling_Failure,0,0,1,1,0
APP_NLIU_0368,Multi_Category_SPDI,1914103,CSRF,1,0,1,1,0
APP_NLIU_0369,Rule_3_i_Passwords,5064,None,1,1,0,1,0
APP_NLIU_0370,Rule_3_i_Passwords,73835,SSRF,1,1,0,1,1
APP_NLIU_0371,Rule_3_i_Passwords,1255033,CSRF,1,1,1,1,1
APP_NLIU_0372,Rule_3_i_Passwords,1976719,CSRF,1,0,1,1,0
APP_NLIU_0373,Rule_3_i_Passwords,1301371,XSS,1,1,1,0,1
APP_NLIU_0374,Rule_3_iii_v_Health_Medical_Records,1457847,None,0,1,1,0,1
APP_NLIU_0375,Rule_3_i_Passwords,354738,XSS,0,1,1,0,1
APP_NLIU_0376,Rule_3_ii_Financial_Data,646204,None,1,1,1,1,1
APP_NLIU_0377,Rule_3_vi_Biometric_Information,1960316,XSS,1,1,1,1,1
APP_NLIU_0378,Rule_3_i_Passwords,1922524,CSRF,1,0,0,1,1
APP_NLIU_0379,Rule_3_vi_Biometric_Information,856098,None,1,1,1,1,0
APP_NLIU_0380,Rule_3_ii_Financial_Data,1248922,SSRF,1,1,1,1,0
APP_NLIU_0381,Rule_3_i_Passwords,909726,SSRF,0,1,0,1,1
APP_NLIU_0382,Rule_3_iii_v_Health_Medical_Records,1326586,XSS,1,1,1,0,0
APP_NLIU_0383,Rule_3_iii_v_Health_Medical_Records,1057465,CSRF,1,1,1,1,0
APP_NLIU_0384,Multi_Category_SPDI,1171770,SQL_Injection,0,0,1,1,1
APP_NLIU_0385,Rule_3_iii_v_Health_Medical_Records,1178290,Exception_Handling_Failure,0,0,1,1,1
APP_NLIU_0386,Rule_3_vi_Biometric_Information,970730,XSS,1,1,1,0,1
APP_NLIU_0387,Rule_3_ii_Financial_Data,1609199,XSS,1,1,0,0,1
APP_NLIU_0388,Rule_3_i_Passwords,1104123,None,0,0,1,1,0
APP_NLIU_0389,Rule_3_vi_Biometric_Information,162234,XSS,0,1,0,1,1
APP_NLIU_0390,Rule_3_vi_Biometric_Information,749809,None,1,1,0,1,1
APP_NLIU_0391,Multi_Category_SPDI,685047,SQL_Injection,1,0,0,1,1
APP_NLIU_0392,Rule_3_ii_Financial_Data,1938764,XSS,1,0,1,1,1
APP_NLIU_0393,Rule_3_ii_Financial_Data,278139,None,1,0,0,1,1
APP_NLIU_0394,Rule_3_vi_Biometric_Information,454704,XSS,1,1,1,1,0
APP_NLIU_0395,Rule_3_ii_Financial_Data,1056207,None,0,1,0,1,0
APP_NLIU_0396,Multi_Category_SPDI,142039,CSRF,1,1,1,0,0
APP_NLIU_0397,Multi_Category_SPDI,879726,SQL_Injection,0,1,1,1,1
APP_NLIU_0398,Rule_3_ii_Financial_Data,1402998,XSS,1,1,1,1,1
APP_NLIU_0399,Rule_3_vi_Biometric_Information,593759,CSRF,0,1,1,1,1
APP_NLIU_0400,Rule_3_vi_Biometric_Information,304260,None,1,1,1,0,0
APP_NLIU_0401,Rule_3_i_Passwords,1932124,SSRF,0,1,1,1,0
APP_NLIU_0402,Multi_Category_SPDI,1481019,None,1,0,1,1,1
APP_NLIU_0403,Rule_3_iii_v_Health_Medical_Records,1710878,None,0,1,1,1,1
APP_NLIU_0404,Rule_3_vi_Biometric_Information,576952,SSRF,0,1,0,1,1
APP_NLIU_0405,Rule_3_ii_Financial_Data,688429,CSRF,0,0,1,1,1
APP_NLIU_0406,Multi_Category_SPDI,1140918,None,1,1,1,1,1
APP_NLIU_0407,Rule_3_ii_Financial_Data,19407,None,1,1,1,1,1
APP_NLIU_0408,Rule_3_i_Passwords,1167502,XSS,1,1,1,1,0
APP_NLIU_0409,Multi_Category_SPDI,326345,CSRF,1,1,1,0,0
APP_NLIU_0410,Rule_3_i_Passwords,871525,XSS,1,0,1,1,0
APP_NLIU_0411,Rule_3_ii_Financial_Data,452564,Exception_Handling_Failure,1,1,0,1,0
APP_NLIU_0412,Multi_Category_SPDI,1790917,CSRF,1,1,1,0,0
APP_NLIU_0413,Multi_Category_SPDI,1595742,None,1,1,1,1,1
APP_NLIU_0414,Rule_3_iii_v_Health_Medical_Records,88100,SQL_Injection,0,1,0,1,0
APP_NLIU_0415,Rule_3_iii_v_Health_Medical_Records,1918637,SQL_Injection,1,1,0,1,0
APP_NLIU_0416,Rule_3_ii_Financial_Data,1502212,CSRF,0,0,1,1,1
APP_NLIU_0417,Rule_3_ii_Financial_Data,499308,CSRF,1,1,1,1,0
APP_NLIU_0418,Rule_3_ii_Financial_Data,1276635,CSRF,0,1,1,1,0
APP_NLIU_0419,Rule_3_iii_v_Health_Medical_Records,1621032,XSS,1,1,1,1,1
APP_NLIU_0420,Rule_3_vi_Biometric_Information,1303972,CSRF,0,1,1,1,0
APP_NLIU_0421,Rule_3_vi_Biometric_Information,1828345,SSRF,1,1,0,1,0
APP_NLIU_0422,Rule_3_vi_Biometric_Information,322006,CSRF,1,1,0,0,0
APP_NLIU_0423,Rule_3_i_Passwords,1012126,None,0,0,1,1,1
APP_NLIU_0424,Rule_3_ii_Financial_Data,1004529,XSS,0,1,0,1,1
APP_NLIU_0425,Rule_3_i_Passwords,33004,XSS,1,1,1,0,0
APP_NLIU_0426,Rule_3_iii_v_Health_Medical_Records,811903,XSS,1,0,1,1,1
APP_NLIU_0427,Rule_3_ii_Financial_Data,529252,None,1,0,1,0,0
APP_NLIU_0428,Multi_Category_SPDI,621108,SSRF,0,1,1,1,1
APP_NLIU_0429,Rule_3_ii_Financial_Data,1244815,Exception_Handling_Failure,1,1,1,1,1
APP_NLIU_0430,Rule_3_i_Passwords,1680093,None,1,0,1,0,0
APP_NLIU_0431,Rule_3_i_Passwords,482044,Exception_Handling_Failure,0,0,0,1,1
APP_NLIU_0432,Rule_3_vi_Biometric_Information,856740,SQL_Injection,0,0,1,1,1
APP_NLIU_0433,Rule_3_iii_v_Health_Medical_Records,1399689,Exception_Handling_Failure,1,0,1,0,1
APP_NLIU_0434,Rule_3_i_Passwords,1068144,SQL_Injection,1,1,0,1,1
APP_NLIU_0435,Rule_3_i_Passwords,1033464,XSS,0,1,1,1,1
APP_NLIU_0436,Rule_3_iii_v_Health_Medical_Records,1587330,None,1,1,1,1,1
APP_NLIU_0437,Rule_3_i_Passwords,1275705,SSRF,0,1,0,1,1
APP_NLIU_0438,Rule_3_vi_Biometric_Information,1635188,None,1,1,1,1,1
APP_NLIU_0439,Rule_3_iii_v_Health_Medical_Records,893640,SQL_Injection,1,1,0,0,0
APP_NLIU_0440,Rule_3_i_Passwords,151539,None,0,1,1,1,1
APP_NLIU_0441,Rule_3_i_Passwords,1020059,XSS,1,1,1,1,1
APP_NLIU_0442,Multi_Category_SPDI,1653819,SSRF,1,1,0,1,1
APP_NLIU_0443,Rule_3_ii_Financial_Data,152748,SQL_Injection,1,1,0,1,0
APP_NLIU_0444,Rule_3_ii_Financial_Data,1148367,None,0,1,1,1,0
APP_NLIU_0445,Rule_3_vi_Biometric_Information,691874,SQL_Injection,0,0,1,1,1
APP_NLIU_0446,Multi_Category_SPDI,900150,SSRF,1,0,1,1,1
APP_NLIU_0447,Multi_Category_SPDI,551938,CSRF,0,1,1,1,1
APP_NLIU_0448,Rule_3_vi_Biometric_Information,355434,Exception_Handling_Failure,1,1,1,1,1
APP_NLIU_0449,Rule_3_ii_Financial_Data,1131277,XSS,0,1,0,1,1
APP_NLIU_0450,Rule_3_i_Passwords,1850691,SQL_Injection,1,1,1,1,0
APP_NLIU_0451,Rule_3_vi_Biometric_Information,234164,CSRF,0,0,1,1,0
APP_NLIU_0452,Rule_3_iii_v_Health_Medical_Records,1506611,SSRF,1,1,1,1,1
APP_NLIU_0453,Rule_3_ii_Financial_Data,610266,SSRF,1,1,0,1,1
APP_NLIU_0454,Multi_Category_SPDI,1582724,XSS,0,0,1,1,1
APP_NLIU_0455,Rule_3_i_Passwords,664089,None,1,1,1,1,1
APP_NLIU_0456,Rule_3_ii_Financial_Data,560639,SSRF,1,1,0,0,1
APP_NLIU_0457,Rule_3_i_Passwords,1559496,CSRF,0,1,1,1,1
APP_NLIU_0458,Rule_3_ii_Financial_Data,1378464,CSRF,1,1,1,1,1
APP_NLIU_0459,Rule_3_i_Passwords,684706,None,1,1,0,0,0
APP_NLIU_0460,Rule_3_i_Passwords,911630,None,0,1,1,1,0
APP_NLIU_0461,Rule_3_i_Passwords,865587,None,0,1,1,0,1
APP_NLIU_0462,Rule_3_iii_v_Health_Medical_Records,1175025,SSRF,1,1,0,0,0
APP_NLIU_0463,Rule_3_iii_v_Health_Medical_Records,605988,SQL_Injection,1,1,1,1,1
APP_NLIU_0464,Rule_3_iii_v_Health_Medical_Records,764774,CSRF,1,1,0,1,0
APP_NLIU_0465,Multi_Category_SPDI,1846963,CSRF,0,1,1,1,1
APP_NLIU_0466,Rule_3_ii_Financial_Data,1311147,XSS,1,1,0,0,1
APP_NLIU_0467,Rule_3_ii_Financial_Data,468506,None,0,1,1,0,0
APP_NLIU_0468,Multi_Category_SPDI,442509,None,1,1,1,1,1
APP_NLIU_0469,Rule_3_ii_Financial_Data,721696,None,0,1,1,1,1
APP_NLIU_0470,Multi_Category_SPDI,813094,CSRF,1,1,0,0,1
APP_NLIU_0471,Rule_3_i_Passwords,1584272,Exception_Handling_Failure,1,0,1,1,0
APP_NLIU_0472,Multi_Category_SPDI,1749339,CSRF,1,1,1,1,1
APP_NLIU_0473,Rule_3_i_Passwords,268369,SQL_Injection,1,1,1,1,1
APP_NLIU_0474,Multi_Category_SPDI,934700,None,1,1,0,1,1
APP_NLIU_0475,Rule_3_iii_v_Health_Medical_Records,468002,SQL_Injection,1,1,0,0,1
APP_NLIU_0476,Multi_Category_SPDI,1200020,XSS,1,1,1,1,1
APP_NLIU_0477,Rule_3_i_Passwords,786608,CSRF,0,1,0,1,0
APP_NLIU_0478,Rule_3_iii_v_Health_Medical_Records,1595143,Exception_Handling_Failure,1,1,0,1,0
APP_NLIU_0479,Multi_Category_SPDI,1163977,None,1,0,1,1,1
APP_NLIU_0480,Rule_3_iii_v_Health_Medical_Records,1280377,CSRF,0,0,1,1,1
APP_NLIU_0481,Rule_3_iii_v_Health_Medical_Records,776668,None,0,1,1,1,0
APP_NLIU_0482,Rule_3_iii_v_Health_Medical_Records,1557151,CSRF,0,0,0,0,1
APP_NLIU_0483,Rule_3_ii_Financial_Data,1932412,XSS,0,1,1,1,1
APP_NLIU_0484,Rule_3_iii_v_Health_Medical_Records,174259,None,1,1,1,1,0
APP_NLIU_0485,Rule_3_iii_v_Health_Medical_Records,252145,Exception_Handling_Failure,1,1,1,0,0
APP_NLIU_0486,Multi_Category_SPDI,315625,None,1,1,0,1,1
APP_NLIU_0487,Rule_3_i_Passwords,688835,SSRF,0,1,1,1,0
APP_NLIU_0488,Rule_3_ii_Financial_Data,1098128,Exception_Handling_Failure,1,1,1,1,0
APP_NLIU_0489,Multi_Category_SPDI,204041,Exception_Handling_Failure,1,1,1,1,0
APP_NLIU_0490,Multi_Category_SPDI,1261182,None,1,0,1,0,1
APP_NLIU_0491,Rule_3_ii_Financial_Data,1808541,SSRF,0,1,1,0,1
APP_NLIU_0492,Rule_3_iii_v_Health_Medical_Records,791157,None,1,1,1,1,0
APP_NLIU_0493,Rule_3_ii_Financial_Data,1453650,XSS,1,0,0,1,0
APP_NLIU_0494,Rule_3_i_Passwords,734846,CSRF,1,1,1,1,0
APP_NLIU_0495,Rule_3_ii_Financial_Data,79474,XSS,1,1,1,1,0
APP_NLIU_0496,Rule_3_ii_Financial_Data,292312,CSRF,0,1,1,0,1
APP_NLIU_0497,Rule_3_iii_v_Health_Medical_Records,1609963,XSS,1,0,0,1,1
APP_NLIU_0498,Rule_3_i_Passwords,207252,None,1,1,1,0,1
APP_NLIU_0499,Multi_Category_SPDI,1818318,XSS,1,1,1,1,0
APP_NLIU_0500,Multi_Category_SPDI,1377175,Exception_Handling_Failure,1,1,1,0,1
APP_NLIU_0501,Rule_3_iii_v_Health_Medical_Records,583528,XSS,1,1,0,1,0
APP_NLIU_0502,Rule_3_iii_v_Health_Medical_Records,341940,SQL_Injection,1,1,1,1,1
APP_NLIU_0503,Rule_3_ii_Financial_Data,1894600,SSRF,0,0,1,0,1
APP_NLIU_0504,Rule_3_vi_Biometric_Information,1838610,XSS,0,1,1,1,0
APP_NLIU_0505,Rule_3_iii_v_Health_Medical_Records,1437901,CSRF,1,0,1,1,0
APP_NLIU_0506,Rule_3_i_Passwords,257051,SSRF,1,0,1,1,1
APP_NLIU_0507,Multi_Category_SPDI,1155187,XSS,1,0,1,1,0
APP_NLIU_0508,Rule_3_vi_Biometric_Information,1635910,CSRF,1,1,1,1,1
APP_NLIU_0509,Multi_Category_SPDI,1828332,CSRF,0,1,1,1,1
APP_NLIU_0510,Rule_3_iii_v_Health_Medical_Records,21488,XSS,1,0,0,1,0
APP_NLIU_0511,Rule_3_iii_v_Health_Medical_Records,1243489,SQL_Injection,1,1,1,1,1
APP_NLIU_0512,Rule_3_ii_Financial_Data,385665,None,0,0,0,1,1
APP_NLIU_0513,Multi_Category_SPDI,1971475,None,1,1,1,1,1
APP_NLIU_0514,Multi_Category_SPDI,713029,None,1,1,0,0,0
APP_NLIU_0515,Rule_3_i_Passwords,671205,SQL_Injection,1,1,1,0,1
APP_NLIU_0516,Rule_3_i_Passwords,1744995,None,1,1,1,1,0
APP_NLIU_0517,Rule_3_ii_Financial_Data,1071970,None,0,1,0,1,0
APP_NLIU_0518,Rule_3_vi_Biometric_Information,885425,None,1,1,1,1,0
APP_NLIU_0519,Multi_Category_SPDI,1230554,SQL_Injection,1,0,1,1,1
APP_NLIU_0520,Rule_3_i_Passwords,1112908,Exception_Handling_Failure,1,0,0,1,0
APP_NLIU_0521,Rule_3_iii_v_Health_Medical_Records,1221953,None,1,1,0,1,1
APP_NLIU_0522,Rule_3_ii_Financial_Data,1096204,XSS,0,1,1,1,1
APP_NLIU_0523,Multi_Category_SPDI,812784,Exception_Handling_Failure,1,1,1,0,1
APP_NLIU_0524,Rule_3_vi_Biometric_Information,1533474,XSS,0,0,1,1,1
APP_NLIU_0525,Rule_3_vi_Biometric_Information,874403,XSS,0,1,1,1,1
APP_NLIU_0526,Rule_3_ii_Financial_Data,1105569,SQL_Injection,1,0,1,1,1
APP_NLIU_0527,Rule_3_ii_Financial_Data,1224034,Exception_Handling_Failure,1,0,0,1,1
APP_NLIU_0528,Rule_3_ii_Financial_Data,894459,SQL_Injection,0,1,1,1,1
APP_NLIU_0529,Rule_3_i_Passwords,979128,XSS,1,1,1,1,0
APP_NLIU_0530,Multi_Category_SPDI,455281,CSRF,1,1,1,1,1
APP_NLIU_0531,Rule_3_vi_Biometric_Information,911644,XSS,0,1,1,1,1
APP_NLIU_0532,Multi_Category_SPDI,483720,SQL_Injection,1,1,1,0,1
APP_NLIU_0533,Multi_Category_SPDI,511357,Exception_Handling_Failure,0,0,0,1,1
APP_NLIU_0534,Rule_3_iii_v_Health_Medical_Records,1062115,None,1,1,1,1,1
APP_NLIU_0535,Rule_3_vi_Biometric_Information,137335,SSRF,1,1,1,0,1
APP_NLIU_0536,Multi_Category_SPDI,1460097,SQL_Injection,1,1,1,0,0
APP_NLIU_0537,Rule_3_vi_Biometric_Information,1893825,SQL_Injection,1,1,0,0,0
APP_NLIU_0538,Rule_3_ii_Financial_Data,946902,None,0,1,1,1,0
APP_NLIU_0539,Rule_3_ii_Financial_Data,1293886,XSS,1,1,1,1,1
APP_NLIU_0540,Rule_3_i_Passwords,1020120,XSS,1,0,0,1,0
APP_NLIU_0541,Multi_Category_SPDI,1260449,SQL_Injection,1,0,0,0,1
APP_NLIU_0542,Rule_3_iii_v_Health_Medical_Records,1364827,Exception_Handling_Failure,1,1,1,1,0
APP_NLIU_0543,Rule_3_ii_Financial_Data,954656,None,1,1,0,1,0
APP_NLIU_0544,Rule_3_iii_v_Health_Medical_Records,491476,None,1,1,1,1,1
APP_NLIU_0545,Rule_3_iii_v_Health_Medical_Records,953128,Exception_Handling_Failure,0,1,1,1,1
APP_NLIU_0546,Rule_3_ii_Financial_Data,920672,SQL_Injection,1,1,1,1,0
APP_NLIU_0547,Rule_3_i_Passwords,1415375,SQL_Injection,1,1,1,1,1
APP_NLIU_0548,Rule_3_iii_v_Health_Medical_Records,585420,SQL_Injection,1,1,1,1,0
APP_NLIU_0549,Rule_3_iii_v_Health_Medical_Records,1965709,CSRF,1,0,1,1,1
APP_NLIU_0550,Rule_3_vi_Biometric_Information,110494,SQL_Injection,0,1,1,0,0
APP_NLIU_0551,Rule_3_iii_v_Health_Medical_Records,1892987,CSRF,1,1,1,1,1
APP_NLIU_0552,Multi_Category_SPDI,1898021,CSRF,1,0,1,1,0
APP_NLIU_0553,Rule_3_iii_v_Health_Medical_Records,1279573,None,1,1,1,1,1
APP_NLIU_0554,Rule_3_iii_v_Health_Medical_Records,593085,Exception_Handling_Failure,1,1,1,1,0
APP_NLIU_0555,Multi_Category_SPDI,1105374,None,0,1,1,1,0
APP_NLIU_0556,Rule_3_ii_Financial_Data,1725586,None,0,1,1,1,0
APP_NLIU_0557,Rule_3_i_Passwords,1472806,SQL_Injection,1,0,1,1,1
APP_NLIU_0558,Rule_3_i_Passwords,1654285,None,1,1,1,1,1
APP_NLIU_0559,Rule_3_vi_Biometric_Information,1323154,CSRF,1,1,1,0,1
APP_NLIU_0560,Rule_3_iii_v_Health_Medical_Records,821460,Exception_Handling_Failure,1,0,1,1,1
APP_NLIU_0561,Rule_3_iii_v_Health_Medical_Records,1644422,CSRF,0,1,0,1,1
APP_NLIU_0562,Rule_3_ii_Financial_Data,1864339,None,1,0,1,1,1
APP_NLIU_0563,Rule_3_i_Passwords,72573,CSRF,1,1,1,1,1
APP_NLIU_0564,Rule_3_i_Passwords,658761,CSRF,1,1,0,1,1
APP_NLIU_0565,Rule_3_ii_Financial_Data,472508,None,0,1,1,1,1
APP_NLIU_0566,Rule_3_iii_v_Health_Medical_Records,1044970,SQL_Injection,0,1,0,0,0
APP_NLIU_0567,Rule_3_ii_Financial_Data,1230974,Exception_Handling_Failure,1,1,1,0,0
APP_NLIU_0568,Rule_3_ii_Financial_Data,350123,None,0,0,1,1,1
APP_NLIU_0569,Multi_Category_SPDI,1022232,None,1,1,0,1,1
APP_NLIU_0570,Rule_3_ii_Financial_Data,795555,None,1,0,0,1,0
APP_NLIU_0571,Rule_3_iii_v_Health_Medical_Records,283747,None,1,0,1,1,0
APP_NLIU_0572,Rule_3_vi_Biometric_Information,333085,SQL_Injection,0,1,0,1,1
APP_NLIU_0573,Rule_3_ii_Financial_Data,47597,None,0,1,0,1,1
APP_NLIU_0574,Rule_3_iii_v_Health_Medical_Records,1772174,Exception_Handling_Failure,1,1,0,1,0
APP_NLIU_0575,Multi_Category_SPDI,875670,Exception_Handling_Failure,0,0,0,1,1
APP_NLIU_0576,Multi_Category_SPDI,440935,SQL_Injection,1,1,0,0,1
APP_NLIU_0577,Rule_3_i_Passwords,1800722,Exception_Handling_Failure,0,1,1,1,0
APP_NLIU_0578,Multi_Category_SPDI,1357471,None,1,0,1,1,1
APP_NLIU_0579,Rule_3_ii_Financial_Data,1966470,None,1,1,0,1,1
APP_NLIU_0580,Rule_3_ii_Financial_Data,91978,XSS,0,0,0,1,0
APP_NLIU_0581,Rule_3_ii_Financial_Data,1333413,SQL_Injection,0,1,1,1,0
APP_NLIU_0582,Multi_Category_SPDI,1536333,CSRF,1,1,0,1,0
APP_NLIU_0583,Rule_3_ii_Financial_Data,1222345,None,1,1,1,1,0
APP_NLIU_0584,Rule_3_ii_Financial_Data,361668,None,0,0,0,1,1
APP_NLIU_0585,Rule_3_iii_v_Health_Medical_Records,365013,XSS,1,0,0,1,0
APP_NLIU_0586,Rule_3_ii_Financial_Data,690352,SQL_Injection,0,0,0,0,1
APP_NLIU_0587,Rule_3_i_Passwords,1379545,XSS,0,0,0,0,0
APP_NLIU_0588,Rule_3_i_Passwords,669882,XSS,1,0,1,1,1
APP_NLIU_0589,Rule_3_i_Passwords,1446195,None,1,1,0,1,0
APP_NLIU_0590,Rule_3_i_Passwords,1885414,Exception_Handling_Failure,1,0,1,1,1
APP_NLIU_0591,Rule_3_i_Passwords,243078,CSRF,0,1,1,1,0
APP_NLIU_0592,Rule_3_iii_v_Health_Medical_Records,1293716,XSS,0,1,1,1,0
APP_NLIU_0593,Rule_3_i_Passwords,1721057,SQL_Injection,1,0,0,1,0
APP_NLIU_0594,Rule_3_ii_Financial_Data,1701235,None,0,1,0,1,0
APP_NLIU_0595,Multi_Category_SPDI,1461011,CSRF,1,0,1,1,0
APP_NLIU_0596,Rule_3_ii_Financial_Data,793049,XSS,0,1,0,0,1
APP_NLIU_0597,Rule_3_iii_v_Health_Medical_Records,48016,CSRF,1,1,1,0,0
APP_NLIU_0598,Rule_3_i_Passwords,448888,Exception_Handling_Failure,0,0,1,0,1
APP_NLIU_0599,Rule_3_i_Passwords,1339996,Exception_Handling_Failure,0,1,1,0,1
APP_NLIU_0600,Rule_3_i_Passwords,1808823,None,1,0,0,1,1
APP_NLIU_0601,Rule_3_i_Passwords,1387960,CSRF,1,1,1,0,1
APP_NLIU_0602,Rule_3_ii_Financial_Data,897724,CSRF,0,1,1,1,1
APP_NLIU_0603,Rule_3_i_Passwords,1240383,SQL_Injection,1,0,1,1,0
APP_NLIU_0604,Rule_3_i_Passwords,1595823,Exception_Handling_Failure,0,1,1,0,0
APP_NLIU_0605,Rule_3_i_Passwords,1606386,SQL_Injection,1,0,1,1,1
APP_NLIU_0606,Rule_3_ii_Financial_Data,1502879,XSS,1,0,1,1,1
APP_NLIU_0607,Rule_3_ii_Financial_Data,1456745,None,0,0,1,1,0
APP_NLIU_0608,Rule_3_ii_Financial_Data,31567,None,1,1,1,1,1
APP_NLIU_0609,Rule_3_iii_v_Health_Medical_Records,1507315,XSS,1,1,1,0,0
APP_NLIU_0610,Rule_3_iii_v_Health_Medical_Records,1116284,XSS,1,1,0,1,0
APP_NLIU_0611,Rule_3_i_Passwords,131206,SQL_Injection,1,1,1,1,1
APP_NLIU_0612,Rule_3_vi_Biometric_Information,551848,Exception_Handling_Failure,0,0,1,0,0
APP_NLIU_0613,Rule_3_iii_v_Health_Medical_Records,1636254,None,0,1,0,1,0
APP_NLIU_0614,Rule_3_i_Passwords,1703636,SSRF,1,1,1,1,0
APP_NLIU_0615,Multi_Category_SPDI,466365,XSS,0,1,1,1,0
APP_NLIU_0616,Multi_Category_SPDI,959164,None,1,1,0,1,0
APP_NLIU_0617,Rule_3_i_Passwords,1360824,None,1,1,0,0,0
APP_NLIU_0618,Rule_3_ii_Financial_Data,1635669,SSRF,0,0,1,1,0
APP_NLIU_0619,Rule_3_vi_Biometric_Information,241109,XSS,0,0,1,1,0
APP_NLIU_0620,Rule_3_iii_v_Health_Medical_Records,500951,SSRF,1,1,1,1,0
APP_NLIU_0621,Rule_3_i_Passwords,1340216,SQL_Injection,0,1,0,1,0
APP_NLIU_0622,Rule_3_ii_Financial_Data,1792237,None,1,1,0,1,0
APP_NLIU_0623,Rule_3_ii_Financial_Data,96257,None,1,1,1,0,1
APP_NLIU_0624,Rule_3_ii_Financial_Data,1057091,None,1,0,1,1,1
APP_NLIU_0625,Rule_3_iii_v_Health_Medical_Records,533742,SQL_Injection,1,1,1,1,1
APP_NLIU_0626,Rule_3_ii_Financial_Data,242145,None,1,1,1,1,1
APP_NLIU_0627,Rule_3_ii_Financial_Data,27873,XSS,0,1,1,1,0
APP_NLIU_0628,Rule_3_iii_v_Health_Medical_Records,1913928,CSRF,1,1,1,1,1
APP_NLIU_0629,Rule_3_i_Passwords,1329447,XSS,0,1,0,0,0
APP_NLIU_0630,Rule_3_ii_Financial_Data,1706240,SQL_Injection,0,1,0,1,0
APP_NLIU_0631,Rule_3_iii_v_Health_Medical_Records,598358,None,1,1,1,1,0
APP_NLIU_0632,Multi_Category_SPDI,1939067,XSS,0,1,0,1,1
APP_NLIU_0633,Rule_3_iii_v_Health_Medical_Records,1702428,SSRF,0,0,1,1,1
APP_NLIU_0634,Rule_3_iii_v_Health_Medical_Records,233497,SSRF,0,1,1,1,1
APP_NLIU_0635,Rule_3_i_Passwords,646501,SSRF,0,0,1,1,0
APP_NLIU_0636,Rule_3_ii_Financial_Data,710339,SQL_Injection,1,1,1,1,1
APP_NLIU_0637,Rule_3_iii_v_Health_Medical_Records,1603329,XSS,0,0,1,1,0
APP_NLIU_0638,Rule_3_ii_Financial_Data,1238548,None,1,1,1,1,1
APP_NLIU_0639,Rule_3_ii_Financial_Data,589087,SQL_Injection,1,1,1,0,1
APP_NLIU_0640,Rule_3_ii_Financial_Data,515237,SQL_Injection,1,0,1,1,1
APP_NLIU_0641,Rule_3_i_Passwords,625417,XSS,1,0,1,1,0
APP_NLIU_0642,Rule_3_ii_Financial_Data,1468122,None,1,1,1,1,1
APP_NLIU_0643,Rule_3_ii_Financial_Data,1717238,CSRF,0,1,0,0,0
APP_NLIU_0644,Rule_3_ii_Financial_Data,1012470,CSRF,1,0,1,1,0
APP_NLIU_0645,Rule_3_i_Passwords,374432,XSS,1,0,1,1,1
APP_NLIU_0646,Multi_Category_SPDI,248761,CSRF,1,1,1,1,0
APP_NLIU_0647,Rule_3_iii_v_Health_Medical_Records,995221,SQL_Injection,1,1,0,1,0
APP_NLIU_0648,Rule_3_iii_v_Health_Medical_Records,247821,None,0,0,0,1,1
APP_NLIU_0649,Rule_3_vi_Biometric_Information,1066451,Exception_Handling_Failure,1,1,1,1,1
APP_NLIU_0650,Rule_3_ii_Financial_Data,1605083,XSS,0,1,0,0,0
APP_NLIU_0651,Rule_3_i_Passwords,827614,None,1,0,1,0,0
APP_NLIU_0652,Rule_3_iii_v_Health_Medical_Records,1789477,Exception_Handling_Failure,1,1,1,1,1
APP_NLIU_0653,Rule_3_iii_v_Health_Medical_Records,440485,SSRF,1,0,1,1,0
APP_NLIU_0654,Rule_3_iii_v_Health_Medical_Records,346925,CSRF,1,0,0,1,1
APP_NLIU_0655,Rule_3_ii_Financial_Data,1060033,SQL_Injection,1,0,0,1,1
APP_NLIU_0656,Rule_3_i_Passwords,929253,SQL_Injection,1,1,1,0,1
APP_NLIU_0657,Rule_3_ii_Financial_Data,1086640,Exception_Handling_Failure,0,1,1,1,0
APP_NLIU_0658,Rule_3_ii_Financial_Data,1980901,None,1,1,1,1,0
APP_NLIU_0659,Rule_3_iii_v_Health_Medical_Records,1693120,None,1,0,1,1,1
APP_NLIU_0660,Rule_3_iii_v_Health_Medical_Records,889729,Exception_Handling_Failure,1,0,1,1,1
APP_NLIU_0661,Rule_3_ii_Financial_Data,1812523,SSRF,1,1,0,1,1
APP_NLIU_0662,Multi_Category_SPDI,1263303,SQL_Injection,1,0,1,1,0
APP_NLIU_0663,Rule_3_iii_v_Health_Medical_Records,1978744,None,1,1,0,1,0
APP_NLIU_0664,Rule_3_ii_Financial_Data,165353,XSS,0,1,0,1,0
APP_NLIU_0665,Rule_3_i_Passwords,1835927,Exception_Handling_Failure,1,1,1,1,1
APP_NLIU_0666,Rule_3_i_Passwords,1290463,None,1,0,1,1,1
APP_NLIU_0667,Rule_3_ii_Financial_Data,430037,None,1,1,1,1,0
APP_NLIU_0668,Rule_3_i_Passwords,764129,None,1,0,1,1,1
APP_NLIU_0669,Rule_3_i_Passwords,947151,SQL_Injection,0,1,0,1,1
APP_NLIU_0670,Rule_3_ii_Financial_Data,1647782,None,1,1,1,1,1
APP_NLIU_0671,Rule_3_i_Passwords,1266633,None,1,1,1,1,0
APP_NLIU_0672,Multi_Category_SPDI,481015,CSRF,1,1,0,1,1
APP_NLIU_0673,Rule_3_i_Passwords,881611,Exception_Handling_Failure,1,1,1,1,0
APP_NLIU_0674,Rule_3_iii_v_Health_Medical_Records,342088,CSRF,0,0,1,1,1
APP_NLIU_0675,Rule_3_ii_Financial_Data,1142718,None,0,0,1,0,1
APP_NLIU_0676,Multi_Category_SPDI,32603,SQL_Injection,1,1,1,1,1
APP_NLIU_0677,Rule_3_i_Passwords,1886466,XSS,0,1,1,1,0
APP_NLIU_0678,Rule_3_ii_Financial_Data,75605,SSRF,1,1,1,1,1
APP_NLIU_0679,Multi_Category_SPDI,1335343,None,0,1,1,1,0
APP_NLIU_0680,Multi_Category_SPDI,573728,SSRF,0,0,1,1,1
APP_NLIU_0681,Rule_3_vi_Biometric_Information,1922435,SSRF,1,1,1,1,0
APP_NLIU_0682,Rule_3_ii_Financial_Data,1978784,XSS,1,1,1,1,0
APP_NLIU_0683,Rule_3_i_Passwords,360970,None,0,0,0,1,0
APP_NLIU_0684,Rule_3_iii_v_Health_Medical_Records,294604,SSRF,0,1,1,0,0
APP_NLIU_0685,Multi_Category_SPDI,219117,SQL_Injection,0,1,1,0,0
APP_NLIU_0686,Rule_3_iii_v_Health_Medical_Records,1791741,None,1,1,0,1,0
APP_NLIU_0687,Rule_3_iii_v_Health_Medical_Records,1520303,XSS,0,1,1,1,0
APP_NLIU_0688,Rule_3_ii_Financial_Data,1163949,None,1,1,0,1,0
APP_NLIU_0689,Rule_3_vi_Biometric_Information,1977645,SQL_Injection,1,1,0,1,1
APP_NLIU_0690,Rule_3_i_Passwords,1320590,Exception_Handling_Failure,1,1,1,1,0
APP_NLIU_0691,Rule_3_ii_Financial_Data,1072485,SSRF,0,1,1,1,1
APP_NLIU_0692,Rule_3_ii_Financial_Data,1324837,SSRF,1,0,1,1,1
APP_NLIU_0693,Rule_3_iii_v_Health_Medical_Records,254975,Exception_Handling_Failure,1,0,1,1,0
APP_NLIU_0694,Rule_3_ii_Financial_Data,1907482,XSS,0,0,1,1,0
APP_NLIU_0695,Rule_3_i_Passwords,623214,None,0,1,0,1,0
APP_NLIU_0696,Rule_3_iii_v_Health_Medical_Records,442538,CSRF,1,1,1,1,1
APP_NLIU_0697,Rule_3_ii_Financial_Data,132463,XSS,0,0,1,0,1
APP_NLIU_0698,Rule_3_iii_v_Health_Medical_Records,1155112,XSS,1,0,1,1,0
APP_NLIU_0699,Rule_3_i_Passwords,811560,None,1,1,0,1,0
APP_NLIU_0700,Rule_3_ii_Financial_Data,1305557,CSRF,1,1,1,1,1
APP_NLIU_0701,Rule_3_iii_v_Health_Medical_Records,1544109,CSRF,1,1,1,1,0
APP_NLIU_0702,Rule_3_i_Passwords,1384721,CSRF,1,1,0,1,1
APP_NLIU_0703,Rule_3_ii_Financial_Data,791872,XSS,0,1,0,1,0
APP_NLIU_0704,Rule_3_i_Passwords,185685,CSRF,0,1,1,1,0
APP_NLIU_0705,Rule_3_i_Passwords,1701355,None,1,1,1,1,0
APP_NLIU_0706,Multi_Category_SPDI,1982743,CSRF,1,0,1,1,1
APP_NLIU_0707,Rule_3_ii_Financial_Data,1550851,None,1,1,0,1,0
APP_NLIU_0708,Rule_3_vi_Biometric_Information,1204195,SQL_Injection,1,0,1,1,0
APP_NLIU_0709,Rule_3_ii_Financial_Data,1659526,Exception_Handling_Failure,0,0,1,1,0
APP_NLIU_0710,Rule_3_iii_v_Health_Medical_Records,765416,None,0,1,1,0,0
APP_NLIU_0711,Rule_3_vi_Biometric_Information,1053581,SSRF,1,1,1,1,1
APP_NLIU_0712,Rule_3_iii_v_Health_Medical_Records,1287728,None,0,1,1,1,0
APP_NLIU_0713,Rule_3_ii_Financial_Data,1322758,XSS,1,1,1,0,1
APP_NLIU_0714,Rule_3_ii_Financial_Data,1846422,None,1,1,1,1,0
APP_NLIU_0715,Rule_3_ii_Financial_Data,1534451,Exception_Handling_Failure,1,0,1,1,1
APP_NLIU_0716,Multi_Category_SPDI,1909514,CSRF,1,0,0,1,1
APP_NLIU_0717,Rule_3_vi_Biometric_Information,868018,SSRF,0,1,1,1,1
APP_NLIU_0718,Multi_Category_SPDI,1449398,CSRF,0,1,0,0,1
APP_NLIU_0719,Rule_3_i_Passwords,807914,SQL_Injection,1,1,1,1,0
APP_NLIU_0720,Rule_3_iii_v_Health_Medical_Records,759189,SQL_Injection,1,1,1,1,1
APP_NLIU_0721,Multi_Category_SPDI,1256521,SQL_Injection,1,0,1,1,1
APP_NLIU_0722,Rule_3_i_Passwords,1611812,XSS,1,0,0,1,0
APP_NLIU_0723,Rule_3_i_Passwords,1405707,None,1,1,1,1,0
APP_NLIU_0724,Rule_3_iii_v_Health_Medical_Records,227873,SQL_Injection,0,1,0,1,0
APP_NLIU_0725,Rule_3_iii_v_Health_Medical_Records,227322,SQL_Injection,0,1,0,1,1
APP_NLIU_0726,Rule_3_vi_Biometric_Information,25875,Exception_Handling_Failure,1,1,1,1,0
APP_NLIU_0727,Rule_3_i_Passwords,1328777,SSRF,0,1,1,1,1
APP_NLIU_0728,Rule_3_vi_Biometric_Information,37400,SQL_Injection,1,0,0,1,0
APP_NLIU_0729,Rule_3_ii_Financial_Data,469674,SSRF,1,1,0,1,1
APP_NLIU_0730,Rule_3_i_Passwords,73607,None,0,1,1,1,1
APP_NLIU_0731,Rule_3_i_Passwords,1927569,None,1,1,1,0,1
APP_NLIU_0732,Rule_3_vi_Biometric_Information,1343223,CSRF,1,1,1,1,0
APP_NLIU_0733,Rule_3_iii_v_Health_Medical_Records,1470557,Exception_Handling_Failure,1,1,0,1,1
APP_NLIU_0734,Rule_3_iii_v_Health_Medical_Records,1154672,XSS,0,1,1,0,1
APP_NLIU_0735,Rule_3_ii_Financial_Data,1041970,Exception_Handling_Failure,1,0,1,1,1
APP_NLIU_0736,Multi_Category_SPDI,1624476,Exception_Handling_Failure,1,0,1,1,1
APP_NLIU_0737,Rule_3_ii_Financial_Data,889750,Exception_Handling_Failure,1,1,1,1,1
APP_NLIU_0738,Rule_3_vi_Biometric_Information,1315114,CSRF,0,1,1,1,1
APP_NLIU_0739,Rule_3_ii_Financial_Data,89335,SQL_Injection,1,0,1,1,1
APP_NLIU_0740,Rule_3_ii_Financial_Data,368133,XSS,1,0,0,1,1
APP_NLIU_0741,Rule_3_ii_Financial_Data,622300,None,1,1,1,1,1
APP_NLIU_0742,Rule_3_ii_Financial_Data,86748,XSS,1,1,0,0,1
APP_NLIU_0743,Rule_3_iii_v_Health_Medical_Records,1980508,None,1,0,1,1,1
APP_NLIU_0744,Rule_3_iii_v_Health_Medical_Records,691779,None,1,1,1,1,0
APP_NLIU_0745,Rule_3_ii_Financial_Data,1118771,SSRF,0,1,1,0,1
APP_NLIU_0746,Multi_Category_SPDI,734055,Exception_Handling_Failure,1,1,1,0,0
APP_NLIU_0747,Rule_3_ii_Financial_Data,1667710,Exception_Handling_Failure,0,0,1,1,0
APP_NLIU_0748,Rule_3_iii_v_Health_Medical_Records,631692,None,1,1,0,0,0
APP_NLIU_0749,Multi_Category_SPDI,306286,None,1,1,1,1,0
APP_NLIU_0750,Rule_3_iii_v_Health_Medical_Records,790608,Exception_Handling_Failure,0,0,1,1,1
APP_NLIU_0751,Rule_3_i_Passwords,1125116,SSRF,1,1,1,1,0
APP_NLIU_0752,Multi_Category_SPDI,1747225,None,1,0,1,0,1
APP_NLIU_0753,Rule_3_iii_v_Health_Medical_Records,1392668,SQL_Injection,0,1,1,1,0
APP_NLIU_0754,Rule_3_ii_Financial_Data,1898959,None,1,1,1,1,1
APP_NLIU_0755,Rule_3_i_Passwords,1065331,None,1,0,0,1,1
APP_NLIU_0756,Rule_3_vi_Biometric_Information,1830779,CSRF,1,0,1,1,0
APP_NLIU_0757,Rule_3_iii_v_Health_Medical_Records,1433705,Exception_Handling_Failure,1,1,1,0,0
APP_NLIU_0758,Rule_3_iii_v_Health_Medical_Records,1662417,XSS,1,0,1,0,0
APP_NLIU_0759,Multi_Category_SPDI,139962,XSS,1,1,1,1,0
APP_NLIU_0760,Rule_3_vi_Biometric_Information,1934384,CSRF,1,1,1,0,0
APP_NLIU_0761,Rule_3_i_Passwords,261760,None,1,1,1,1,1
APP_NLIU_0762,Rule_3_ii_Financial_Data,1070751,None,1,1,1,1,1
APP_NLIU_0763,Rule_3_ii_Financial_Data,857119,None,1,1,1,1,0
APP_NLIU_0764,Rule_3_iii_v_Health_Medical_Records,876415,SSRF,1,0,1,1,1
APP_NLIU_0765,Rule_3_i_Passwords,486503,None,1,0,1,1,0
APP_NLIU_0766,Rule_3_iii_v_Health_Medical_Records,755071,None,1,0,0,1,0
APP_NLIU_0767,Rule_3_vi_Biometric_Information,1733224,CSRF,1,1,1,1,1
APP_NLIU_0768,Multi_Category_SPDI,51629,SQL_Injection,1,1,1,1,0
APP_NLIU_0769,Rule_3_ii_Financial_Data,1694643,CSRF,1,1,1,0,0
APP_NLIU_0770,Rule_3_vi_Biometric_Information,1232448,None,1,1,1,0,0
APP_NLIU_0771,Rule_3_i_Passwords,697727,Exception_Handling_Failure,0,1,0,0,1
APP_NLIU_0772,Rule_3_vi_Biometric_Information,1524546,None,1,0,1,0,1
APP_NLIU_0773,Rule_3_i_Passwords,1384233,CSRF,1,0,1,1,1
APP_NLIU_0774,Rule_3_ii_Financial_Data,1660626,None,1,1,1,1,1
APP_NLIU_0775,Rule_3_vi_Biometric_Information,1213670,SQL_Injection,1,1,0,1,1
APP_NLIU_0776,Rule_3_i_Passwords,1778265,CSRF,1,1,1,1,0
APP_NLIU_0777,Rule_3_ii_Financial_Data,981918,Exception_Handling_Failure,1,1,1,1,1
APP_NLIU_0778,Rule_3_iii_v_Health_Medical_Records,1972739,SQL_Injection,1,1,1,1,1
APP_NLIU_0779,Rule_3_iii_v_Health_Medical_Records,1111517,None,1,0,1,1,0
APP_NLIU_0780,Rule_3_iii_v_Health_Medical_Records,1359193,SSRF,1,1,1,1,0
APP_NLIU_0781,Rule_3_iii_v_Health_Medical_Records,715958,Exception_Handling_Failure,1,1,1,1,1
APP_NLIU_0782,Rule_3_iii_v_Health_Medical_Records,1069616,XSS,1,0,1,1,0
APP_NLIU_0783,Rule_3_ii_Financial_Data,1123382,XSS,1,1,0,1,1
APP_NLIU_0784,Rule_3_ii_Financial_Data,1722222,SQL_Injection,0,1,0,1,0
APP_NLIU_0785,Rule_3_i_Passwords,205211,SQL_Injection,0,1,1,1,1
APP_NLIU_0786,Multi_Category_SPDI,641364,None,1,0,1,0,0
APP_NLIU_0787,Rule_3_iii_v_Health_Medical_Records,60916,CSRF,1,0,1,1,1
APP_NLIU_0788,Rule_3_ii_Financial_Data,677960,None,1,0,1,1,1
APP_NLIU_0789,Rule_3_ii_Financial_Data,400507,None,1,0,1,1,0
APP_NLIU_0790,Multi_Category_SPDI,1459915,SSRF,0,1,1,1,0
APP_NLIU_0791,Rule_3_i_Passwords,795243,CSRF,0,1,1,1,0
APP_NLIU_0792,Rule_3_iii_v_Health_Medical_Records,560564,Exception_Handling_Failure,1,1,0,1,1
APP_NLIU_0793,Rule_3_iii_v_Health_Medical_Records,190217,None,0,1,1,1,1
APP_NLIU_0794,Rule_3_iii_v_Health_Medical_Records,872481,None,1,0,0,1,1
APP_NLIU_0795,Rule_3_i_Passwords,206750,XSS,1,1,1,0,0
APP_NLIU_0796,Multi_Category_SPDI,1273430,None,1,1,1,0,1
APP_NLIU_0797,Multi_Category_SPDI,751403,SQL_Injection,0,1,0,0,1
APP_NLIU_0798,Rule_3_iii_v_Health_Medical_Records,949218,None,0,0,1,0,1
APP_NLIU_0799,Rule_3_iii_v_Health_Medical_Records,716045,None,1,1,1,1,0
APP_NLIU_0800,Multi_Category_SPDI,1721130,SSRF,1,1,1,1,1
APP_NLIU_0801,Rule_3_iii_v_Health_Medical_Records,1388782,CSRF,0,1,1,1,1
APP_NLIU_0802,Rule_3_i_Passwords,1204010,SQL_Injection,1,0,1,1,1
APP_NLIU_0803,Rule_3_iii_v_Health_Medical_Records,1894507,CSRF,0,1,1,1,0
APP_NLIU_0804,Rule_3_iii_v_Health_Medical_Records,575569,None,1,1,1,1,0
APP_NLIU_0805,Rule_3_ii_Financial_Data,985317,CSRF,0,0,1,1,1
APP_NLIU_0806,Rule_3_iii_v_Health_Medical_Records,836284,SQL_Injection,1,1,1,1,0
APP_NLIU_0807,Multi_Category_SPDI,791408,CSRF,1,0,1,1,0
APP_NLIU_0808,Multi_Category_SPDI,1831557,None,0,1,1,1,1
APP_NLIU_0809,Rule_3_ii_Financial_Data,509869,Exception_Handling_Failure,1,1,1,0,1
APP_NLIU_0810,Rule_3_i_Passwords,1756772,XSS,1,0,0,1,1
APP_NLIU_0811,Multi_Category_SPDI,1582459,SSRF,1,1,1,1,0
APP_NLIU_0812,Rule_3_vi_Biometric_Information,625218,None,0,0,1,1,1
APP_NLIU_0813,Rule_3_i_Passwords,1200050,None,1,1,1,1,0
APP_NLIU_0814,Multi_Category_SPDI,1048302,CSRF,0,1,1,1,0
APP_NLIU_0815,Multi_Category_SPDI,266745,SQL_Injection,1,1,0,1,0
APP_NLIU_0816,Rule_3_iii_v_Health_Medical_Records,1774219,SQL_Injection,1,1,1,1,1
APP_NLIU_0817,Rule_3_iii_v_Health_Medical_Records,1408396,SQL_Injection,1,1,1,1,1
APP_NLIU_0818,Rule_3_ii_Financial_Data,1010635,XSS,1,1,1,1,0
APP_NLIU_0819,Rule_3_i_Passwords,1751659,None,1,1,0,1,0
APP_NLIU_0820,Rule_3_ii_Financial_Data,1235970,XSS,1,0,1,1,1
APP_NLIU_0821,Rule_3_vi_Biometric_Information,1755700,None,0,0,1,1,0
APP_NLIU_0822,Rule_3_i_Passwords,1471703,XSS,0,1,1,1,0
APP_NLIU_0823,Rule_3_ii_Financial_Data,751648,None,1,1,1,1,1
APP_NLIU_0824,Rule_3_ii_Financial_Data,1859413,None,1,1,0,1,0
APP_NLIU_0825,Rule_3_iii_v_Health_Medical_Records,1111698,SSRF,0,0,1,1,1
APP_NLIU_0826,Multi_Category_SPDI,1012260,CSRF,1,1,1,1,1
APP_NLIU_0827,Rule_3_ii_Financial_Data,759849,Exception_Handling_Failure,1,1,1,1,0
APP_NLIU_0828,Rule_3_ii_Financial_Data,1286237,SQL_Injection,1,1,1,1,1
APP_NLIU_0829,Rule_3_iii_v_Health_Medical_Records,1706773,CSRF,0,1,1,1,1
APP_NLIU_0830,Rule_3_ii_Financial_Data,270591,XSS,1,1,0,0,0
APP_NLIU_0831,Rule_3_ii_Financial_Data,189215,None,0,1,1,1,1
APP_NLIU_0832,Rule_3_ii_Financial_Data,1064238,XSS,0,1,1,1,1
APP_NLIU_0833,Rule_3_i_Passwords,1509793,None,1,1,0,1,1
APP_NLIU_0834,Rule_3_i_Passwords,1636146,XSS,0,0,1,1,1
APP_NLIU_0835,Rule_3_ii_Financial_Data,403115,None,0,1,0,1,1
APP_NLIU_0836,Rule_3_ii_Financial_Data,820014,XSS,0,1,1,0,1
APP_NLIU_0837,Multi_Category_SPDI,1645335,None,1,1,1,1,1
APP_NLIU_0838,Rule_3_ii_Financial_Data,1701377,XSS,0,0,0,1,1
APP_NLIU_0839,Rule_3_iii_v_Health_Medical_Records,1226861,Exception_Handling_Failure,0,0,0,1,0
APP_NLIU_0840,Rule_3_iii_v_Health_Medical_Records,1685442,Exception_Handling_Failure,1,1,1,0,1
APP_NLIU_0841,Rule_3_i_Passwords,1915879,XSS,1,1,1,0,0
APP_NLIU_0842,Rule_3_iii_v_Health_Medical_Records,1661069,SQL_Injection,1,1,1,0,1
APP_NLIU_0843,Rule_3_i_Passwords,865513,SQL_Injection,1,1,1,1,0
APP_NLIU_0844,Multi_Category_SPDI,897215,SQL_Injection,1,1,1,1,0
APP_NLIU_0845,Rule_3_i_Passwords,239631,None,1,0,1,1,0
APP_NLIU_0846,Rule_3_ii_Financial_Data,88805,SSRF,0,1,1,1,0
APP_NLIU_0847,Rule_3_i_Passwords,1178274,SSRF,1,1,0,1,0
APP_NLIU_0848,Multi_Category_SPDI,173902,None,1,1,1,1,0
APP_NLIU_0849,Rule_3_iii_v_Health_Medical_Records,929570,CSRF,0,1,1,0,0
APP_NLIU_0850,Rule_3_iii_v_Health_Medical_Records,1064288,XSS,1,1,1,1,1
APP_NLIU_0851,Rule_3_i_Passwords,1397247,SSRF,0,1,1,0,0
APP_NLIU_0852,Rule_3_iii_v_Health_Medical_Records,920885,None,1,1,1,0,1
APP_NLIU_0853,Rule_3_ii_Financial_Data,1704752,None,1,1,1,1,1
APP_NLIU_0854,Multi_Category_SPDI,1810262,None,1,1,1,1,1
APP_NLIU_0855,Rule_3_ii_Financial_Data,523680,XSS,0,0,1,0,0
APP_NLIU_0856,Rule_3_i_Passwords,201437,None,0,1,1,1,0
APP_NLIU_0857,Rule_3_i_Passwords,1665049,SQL_Injection,0,0,1,1,0
APP_NLIU_0858,Rule_3_ii_Financial_Data,366995,SQL_Injection,0,0,0,1,1
APP_NLIU_0859,Rule_3_iii_v_Health_Medical_Records,1477598,SQL_Injection,1,0,1,1,0
APP_NLIU_0860,Rule_3_i_Passwords,1590074,XSS,1,1,1,1,1
APP_NLIU_0861,Rule_3_vi_Biometric_Information,41972,XSS,1,1,1,1,0
APP_NLIU_0862,Rule_3_ii_Financial_Data,766254,XSS,1,1,0,1,0
APP_NLIU_0863,Rule_3_iii_v_Health_Medical_Records,301280,SQL_Injection,1,0,1,0,1
APP_NLIU_0864,Rule_3_ii_Financial_Data,442513,XSS,1,0,0,1,0
APP_NLIU_0865,Rule_3_ii_Financial_Data,1956453,None,0,1,1,1,0
APP_NLIU_0866,Rule_3_iii_v_Health_Medical_Records,807377,XSS,1,0,1,1,1
APP_NLIU_0867,Rule_3_i_Passwords,755561,None,1,1,1,1,0
APP_NLIU_0868,Rule_3_i_Passwords,1394900,SSRF,1,1,1,1,1
APP_NLIU_0869,Multi_Category_SPDI,1386173,None,1,1,1,1,0
APP_NLIU_0870,Multi_Category_SPDI,876836,XSS,1,1,0,1,1
APP_NLIU_0871,Rule_3_ii_Financial_Data,935728,SSRF,0,0,1,1,1
APP_NLIU_0872,Rule_3_ii_Financial_Data,1056628,SSRF,1,1,1,1,0
APP_NLIU_0873,Rule_3_iii_v_Health_Medical_Records,294416,Exception_Handling_Failure,0,1,1,0,1
APP_NLIU_0874,Rule_3_ii_Financial_Data,1356870,None,1,1,1,1,0
APP_NLIU_0875,Rule_3_i_Passwords,756564,XSS,1,0,1,0,0
APP_NLIU_0876,Rule_3_i_Passwords,153388,CSRF,1,1,1,1,1
APP_NLIU_0877,Rule_3_iii_v_Health_Medical_Records,1500181,None,1,1,1,1,1
APP_NLIU_0878,Rule_3_iii_v_Health_Medical_Records,1716176,Exception_Handling_Failure,1,0,1,1,1
APP_NLIU_0879,Rule_3_i_Passwords,888527,XSS,0,1,1,1,1
APP_NLIU_0880,Rule_3_ii_Financial_Data,1384494,XSS,0,0,0,1,1
APP_NLIU_0881,Rule_3_ii_Financial_Data,834607,SSRF,1,1,1,1,1
APP_NLIU_0882,Rule_3_iii_v_Health_Medical_Records,398781,Exception_Handling_Failure,0,1,1,1,1
APP_NLIU_0883,Rule_3_i_Passwords,1009802,CSRF,0,1,1,1,1
APP_NLIU_0884,Rule_3_i_Passwords,993598,None,0,1,1,1,0
APP_NLIU_0885,Rule_3_vi_Biometric_Information,1069951,XSS,1,1,1,1,1
APP_NLIU_0886,Rule_3_i_Passwords,554998,XSS,0,1,1,1,1
APP_NLIU_0887,Rule_3_iii_v_Health_Medical_Records,1758831,XSS,1,1,1,1,1
APP_NLIU_0888,Rule_3_ii_Financial_Data,783912,None,1,0,1,1,0
APP_NLIU_0889,Rule_3_i_Passwords,999143,None,1,1,1,1,1
APP_NLIU_0890,Rule_3_ii_Financial_Data,675534,XSS,0,1,1,0,1
APP_NLIU_0891,Rule_3_iii_v_Health_Medical_Records,1422746,None,1,1,1,1,1
APP_NLIU_0892,Multi_Category_SPDI,485545,XSS,1,1,1,1,1
APP_NLIU_0893,Rule_3_vi_Biometric_Information,32597,XSS,1,1,1,1,1
APP_NLIU_0894,Rule_3_ii_Financial_Data,1390009,SSRF,1,1,1,1,1
APP_NLIU_0895,Rule_3_iii_v_Health_Medical_Records,436613,XSS,1,1,1,1,1
APP_NLIU_0896,Rule_3_ii_Financial_Data,955573,SSRF,0,1,1,1,0
APP_NLIU_0897,Rule_3_ii_Financial_Data,1139263,None,1,1,1,1,1
APP_NLIU_0898,Multi_Category_SPDI,123968,CSRF,0,1,1,0,0
APP_NLIU_0899,Rule_3_i_Passwords,1618138,None,0,0,1,0,0
APP_NLIU_0900,Rule_3_i_Passwords,1521029,XSS,1,0,1,0,1
APP_NLIU_0901,Rule_3_ii_Financial_Data,208570,Exception_Handling_Failure,1,1,1,1,0
APP_NLIU_0902,Rule_3_i_Passwords,1484989,XSS,0,0,1,1,1
APP_NLIU_0903,Rule_3_i_Passwords,1626498,SQL_Injection,1,1,1,1,1
APP_NLIU_0904,Rule_3_iii_v_Health_Medical_Records,821473,CSRF,1,1,0,1,1
APP_NLIU_0905,Rule_3_ii_Financial_Data,929752,SQL_Injection,0,0,1,0,0
APP_NLIU_0906,Multi_Category_SPDI,352509,Exception_Handling_Failure,1,1,1,0,0
APP_NLIU_0907,Rule_3_vi_Biometric_Information,924707,XSS,1,1,1,1,0
APP_NLIU_0908,Rule_3_ii_Financial_Data,843418,None,1,1,1,0,0
APP_NLIU_0909,Rule_3_ii_Financial_Data,1865378,SSRF,0,0,1,0,1
APP_NLIU_0910,Rule_3_ii_Financial_Data,302391,SSRF,0,1,0,1,1
APP_NLIU_0911,Rule_3_iii_v_Health_Medical_Records,1964411,XSS,0,1,1,1,1
APP_NLIU_0912,Rule_3_ii_Financial_Data,1435264,None,0,0,1,0,1
APP_NLIU_0913,Rule_3_iii_v_Health_Medical_Records,211994,None,1,1,1,1,1
APP_NLIU_0914,Rule_3_ii_Financial_Data,785768,XSS,1,1,1,1,1
APP_NLIU_0915,Rule_3_iii_v_Health_Medical_Records,1447226,XSS,1,0,1,0,0
APP_NLIU_0916,Rule_3_ii_Financial_Data,1640846,SQL_Injection,1,1,1,1,1
APP_NLIU_0917,Rule_3_ii_Financial_Data,1905188,None,0,1,1,1,0
APP_NLIU_0918,Multi_Category_SPDI,637822,Exception_Handling_Failure,1,0,0,0,1
APP_NLIU_0919,Rule_3_vi_Biometric_Information,694834,CSRF,1,0,1,1,0
APP_NLIU_0920,Rule_3_i_Passwords,1340364,XSS,0,0,0,1,1
APP_NLIU_0921,Multi_Category_SPDI,567781,SQL_Injection,0,0,1,1,0
APP_NLIU_0922,Rule_3_ii_Financial_Data,350968,None,1,1,1,1,0
APP_NLIU_0923,Multi_Category_SPDI,519922,SSRF,1,0,0,1,1
APP_NLIU_0924,Rule_3_vi_Biometric_Information,926463,Exception_Handling_Failure,1,1,1,1,0
APP_NLIU_0925,Rule_3_ii_Financial_Data,838721,SSRF,0,1,1,1,0
APP_NLIU_0926,Rule_3_i_Passwords,1982223,None,0,1,0,1,0
APP_NLIU_0927,Rule_3_ii_Financial_Data,437809,None,1,0,1,0,0
APP_NLIU_0928,Rule_3_iii_v_Health_Medical_Records,437331,Exception_Handling_Failure,1,1,0,1,1
APP_NLIU_0929,Rule_3_iii_v_Health_Medical_Records,771505,Exception_Handling_Failure,0,0,1,0,1
APP_NLIU_0930,Rule_3_ii_Financial_Data,1731476,None,1,1,0,1,1
APP_NLIU_0931,Rule_3_i_Passwords,302625,SQL_Injection,1,1,1,1,0
APP_NLIU_0932,Rule_3_vi_Biometric_Information,231577,CSRF,1,1,1,1,0
APP_NLIU_0933,Multi_Category_SPDI,1654961,SSRF,0,1,1,1,1
APP_NLIU_0934,Rule_3_iii_v_Health_Medical_Records,814010,None,1,1,1,1,0
APP_NLIU_0935,Rule_3_i_Passwords,935291,CSRF,1,1,1,1,0
APP_NLIU_0936,Rule_3_ii_Financial_Data,1387768,None,1,1,1,1,1
APP_NLIU_0937,Rule_3_i_Passwords,519771,Exception_Handling_Failure,0,1,1,0,1
APP_NLIU_0938,Multi_Category_SPDI,188951,SSRF,0,1,1,1,0
APP_NLIU_0939,Rule_3_i_Passwords,146668,SSRF,1,1,1,1,0
APP_NLIU_0940,Rule_3_iii_v_Health_Medical_Records,1507461,CSRF,1,1,1,1,1
APP_NLIU_0941,Rule_3_ii_Financial_Data,418146,XSS,1,1,1,1,0
APP_NLIU_0942,Rule_3_iii_v_Health_Medical_Records,184022,SSRF,1,1,1,1,1
APP_NLIU_0943,Rule_3_iii_v_Health_Medical_Records,887169,SQL_Injection,0,1,1,1,1
APP_NLIU_0944,Rule_3_vi_Biometric_Information,1334407,None,1,0,1,1,1
APP_NLIU_0945,Rule_3_ii_Financial_Data,451049,None,1,0,1,1,0
APP_NLIU_0946,Rule_3_i_Passwords,1176116,CSRF,1,1,1,1,0
APP_NLIU_0947,Rule_3_i_Passwords,696349,CSRF,0,1,1,0,1
APP_NLIU_0948,Multi_Category_SPDI,821615,SQL_Injection,1,1,1,1,0
APP_NLIU_0949,Multi_Category_SPDI,1336478,Exception_Handling_Failure,1,1,0,1,0
APP_NLIU_0950,Rule_3_iii_v_Health_Medical_Records,1710018,None,1,1,1,1,0
APP_NLIU_0951,Rule_3_iii_v_Health_Medical_Records,767301,SQL_Injection,1,1,1,1,0
APP_NLIU_0952,Rule_3_iii_v_Health_Medical_Records,625656,SSRF,1,0,1,1,1
APP_NLIU_0953,Rule_3_i_Passwords,1623755,None,1,1,0,1,1
APP_NLIU_0954,Multi_Category_SPDI,51901,Exception_Handling_Failure,1,0,1,1,1
APP_NLIU_0955,Rule_3_ii_Financial_Data,1530304,SQL_Injection,1,1,1,1,1
APP_NLIU_0956,Rule_3_ii_Financial_Data,371056,Exception_Handling_Failure,1,0,1,1,0
APP_NLIU_0957,Rule_3_iii_v_Health_Medical_Records,600350,CSRF,1,1,1,0,1
APP_NLIU_0958,Rule_3_i_Passwords,494838,CSRF,0,1,1,1,0
APP_NLIU_0959,Rule_3_i_Passwords,1730499,None,0,0,1,1,0
APP_NLIU_0960,Rule_3_iii_v_Health_Medical_Records,1912016,None,1,1,1,1,0
APP_NLIU_0961,Rule_3_i_Passwords,400991,XSS,1,1,1,1,1
APP_NLIU_0962,Rule_3_iii_v_Health_Medical_Records,1986908,None,1,0,0,1,0
APP_NLIU_0963,Rule_3_ii_Financial_Data,1557104,XSS,0,1,1,0,1
APP_NLIU_0964,Rule_3_ii_Financial_Data,1572725,None,0,1,0,1,1
APP_NLIU_0965,Rule_3_ii_Financial_Data,809406,XSS,0,1,1,1,0
APP_NLIU_0966,Rule_3_ii_Financial_Data,1731324,None,1,0,1,1,0
APP_NLIU_0967,Rule_3_iii_v_Health_Medical_Records,609879,None,1,0,1,0,1
APP_NLIU_0968,Rule_3_ii_Financial_Data,1306566,SQL_Injection,1,1,1,1,1
APP_NLIU_0969,Rule_3_iii_v_Health_Medical_Records,285759,None,0,0,0,1,1
APP_NLIU_0970,Rule_3_ii_Financial_Data,960390,None,1,0,0,1,0
APP_NLIU_0971,Rule_3_iii_v_Health_Medical_Records,27838,None,1,1,1,1,0
APP_NLIU_0972,Multi_Category_SPDI,1356448,SSRF,0,1,1,1,0
APP_NLIU_0973,Rule_3_iii_v_Health_Medical_Records,1694113,None,1,1,0,1,0
APP_NLIU_0974,Rule_3_ii_Financial_Data,607288,None,0,1,1,0,0
APP_NLIU_0975,Rule_3_i_Passwords,1368518,CSRF,1,1,1,1,1
APP_NLIU_0976,Rule_3_ii_Financial_Data,1028404,None,1,1,1,0,0
APP_NLIU_0977,Rule_3_iii_v_Health_Medical_Records,470992,SQL_Injection,1,0,1,1,1
APP_NLIU_0978,Rule_3_i_Passwords,1990702,SQL_Injection,0,1,1,1,0
APP_NLIU_0979,Rule_3_ii_Financial_Data,149608,XSS,0,1,0,1,0
APP_NLIU_0980,Rule_3_iii_v_Health_Medical_Records,141772,XSS,1,1,0,1,0
APP_NLIU_0981,Rule_3_ii_Financial_Data,699199,Exception_Handling_Failure,0,1,0,1,0
APP_NLIU_0982,Rule_3_vi_Biometric_Information,801680,SQL_Injection,1,1,0,1,1
APP_NLIU_0983,Rule_3_i_Passwords,1098867,None,1,0,1,1,0
APP_NLIU_0984,Rule_3_i_Passwords,1922637,SQL_Injection,1,0,1,1,1
APP_NLIU_0985,Rule_3_iii_v_Health_Medical_Records,220963,SQL_Injection,1,1,1,0,1
APP_NLIU_0986,Rule_3_ii_Financial_Data,1179188,SQL_Injection,1,1,1,0,1
APP_NLIU_0987,Rule_3_iii_v_Health_Medical_Records,1595041,XSS,1,0,0,1,1
APP_NLIU_0988,Rule_3_ii_Financial_Data,1466275,None,1,1,0,1,1
APP_NLIU_0989,Rule_3_ii_Financial_Data,48815,Exception_Handling_Failure,0,1,1,1,0
APP_NLIU_0990,Rule_3_vi_Biometric_Information,829965,None,0,1,0,1,1
APP_NLIU_0991,Rule_3_vi_Biometric_Information,1840034,SQL_Injection,0,1,1,1,1
APP_NLIU_0992,Rule_3_iii_v_Health_Medical_Records,109997,XSS,1,0,1,1,0
APP_NLIU_0993,Rule_3_ii_Financial_Data,1114187,XSS,1,1,1,1,1
APP_NLIU_0994,Rule_3_iii_v_Health_Medical_Records,616530,XSS,1,1,1,0,1
APP_NLIU_0995,Rule_3_ii_Financial_Data,422876,SQL_Injection,1,0,0,1,1
APP_NLIU_0996,Rule_3_i_Passwords,715463,Exception_Handling_Failure,1,1,1,0,0
APP_NLIU_0997,Multi_Category_SPDI,372057,XSS,1,1,1,1,0
APP_NLIU_0998,Rule_3_i_Passwords,47082,None,0,0,1,1,0
APP_NLIU_0999,Multi_Category_SPDI,152330,XSS,1,1,1,1,1
APP_NLIU_1000,Rule_3_ii_Financial_Data,632901,SQL_Injection,1,0,0,1,0
APP_NLIU_1001,Rule_3_i_Passwords,889747,Exception_Handling_Failure,1,1,1,1,0
APP_NLIU_1002,Rule_3_iii_v_Health_Medical_Records,881122,SSRF,0,1,1,1,0
APP_NLIU_1003,Multi_Category_SPDI,100220,None,1,1,1,1,0
APP_NLIU_1004,Rule_3_iii_v_Health_Medical_Records,1593253,Exception_Handling_Failure,1,1,1,1,0
APP_NLIU_1005,Rule_3_vi_Biometric_Information,96860,SSRF,1,1,0,1,1
APP_NLIU_1006,Rule_3_iii_v_Health_Medical_Records,688045,None,1,1,0,1,1
APP_NLIU_1007,Rule_3_iii_v_Health_Medical_Records,1506012,XSS,1,1,1,1,0
APP_NLIU_1008,Rule_3_vi_Biometric_Information,949699,SQL_Injection,0,1,1,1,1
APP_NLIU_1009,Rule_3_ii_Financial_Data,26797,Exception_Handling_Failure,0,1,1,1,1
APP_NLIU_1010,Rule_3_ii_Financial_Data,1951983,CSRF,1,1,1,1,0
APP_NLIU_1011,Rule_3_ii_Financial_Data,888601,None,0,0,1,1,1
APP_NLIU_1012,Multi_Category_SPDI,1823803,None,1,0,1,1,0
APP_NLIU_1013,Multi_Category_SPDI,595620,None,1,1,1,0,1
APP_NLIU_1014,Rule_3_i_Passwords,765943,XSS,1,1,1,0,1
APP_NLIU_1015,Rule_3_iii_v_Health_Medical_Records,1278573,XSS,0,1,0,1,1
APP_NLIU_1016,Multi_Category_SPDI,461123,None,1,0,1,1,0
APP_NLIU_1017,Rule_3_i_Passwords,1453980,SQL_Injection,0,1,1,1,1
APP_NLIU_1018,Rule_3_iii_v_Health_Medical_Records,290840,XSS,1,0,0,0,1
APP_NLIU_1019,Multi_Category_SPDI,1055600,XSS,1,1,1,1,1
APP_NLIU_1020,Rule_3_i_Passwords,434201,SQL_Injection,1,1,1,1,1
APP_NLIU_1021,Rule_3_iii_v_Health_Medical_Records,666944,XSS,0,0,1,1,1
APP_NLIU_1022,Rule_3_ii_Financial_Data,1406718,None,1,1,1,0,0
APP_NLIU_1023,Multi_Category_SPDI,163116,None,0,1,1,1,0
APP_NLIU_1024,Multi_Category_SPDI,786627,SQL_Injection,1,0,1,0,1
APP_NLIU_1025,Multi_Category_SPDI,272429,SQL_Injection,1,1,1,0,1
APP_NLIU_1026,Rule_3_ii_Financial_Data,461331,CSRF,1,1,0,1,0
APP_NLIU_1027,Multi_Category_SPDI,798802,None,1,0,1,0,0
APP_NLIU_1028,Rule_3_vi_Biometric_Information,22903,SQL_Injection,1,1,1,1,0
APP_NLIU_1029,Rule_3_ii_Financial_Data,692859,None,0,0,1,1,1
APP_NLIU_1030,Rule_3_vi_Biometric_Information,1937912,SQL_Injection,1,1,0,1,1
APP_NLIU_1031,Rule_3_i_Passwords,814427,Exception_Handling_Failure,0,1,1,1,1
APP_NLIU_1032,Rule_3_iii_v_Health_Medical_Records,372304,CSRF,0,1,1,1,0
APP_NLIU_1033,Rule_3_ii_Financial_Data,433416,None,0,0,1,1,0
APP_NLIU_1034,Rule_3_i_Passwords,1666241,SSRF,0,0,1,1,1
APP_NLIU_1035,Rule_3_i_Passwords,1255050,Exception_Handling_Failure,1,1,0,0,0
APP_NLIU_1036,Rule_3_iii_v_Health_Medical_Records,411782,SSRF,1,1,1,1,0
APP_NLIU_1037,Rule_3_ii_Financial_Data,1877830,None,0,1,1,1,1
APP_NLIU_1038,Rule_3_iii_v_Health_Medical_Records,374556,None,0,0,1,0,1
APP_NLIU_1039,Rule_3_i_Passwords,842654,SQL_Injection,1,1,1,1,0
APP_NLIU_1040,Rule_3_ii_Financial_Data,1934096,None,1,1,1,1,1
APP_NLIU_1041,Rule_3_iii_v_Health_Medical_Records,498301,XSS,1,1,1,0,0
APP_NLIU_1042,Rule_3_vi_Biometric_Information,1406170,SQL_Injection,1,1,1,0,0
APP_NLIU_1043,Rule_3_ii_Financial_Data,448884,XSS,1,1,1,1,1
APP_NLIU_1044,Rule_3_iii_v_Health_Medical_Records,638654,SSRF,1,0,0,1,1
APP_NLIU_1045,Multi_Category_SPDI,1425798,None,1,1,1,1,0
APP_NLIU_1046,Rule_3_iii_v_Health_Medical_Records,593141,None,0,0,1,1,1
APP_NLIU_1047,Rule_3_ii_Financial_Data,190715,SQL_Injection,1,1,1,1,0
APP_NLIU_1048,Rule_3_i_Passwords,915226,XSS,0,1,0,1,1
APP_NLIU_1049,Multi_Category_SPDI,158405,None,1,1,1,0,0
APP_NLIU_1050,Rule_3_i_Passwords,1462750,None,1,1,1,1,1
APP_NLIU_1051,Multi_Category_SPDI,1630306,XSS,1,1,1,0,1
APP_NLIU_1052,Rule_3_iii_v_Health_Medical_Records,419170,None,0,1,1,0,1
APP_NLIU_1053,Multi_Category_SPDI,1284331,XSS,1,0,0,1,1
APP_NLIU_1054,Rule_3_vi_Biometric_Information,538963,CSRF,0,1,1,1,1
APP_NLIU_1055,Multi_Category_SPDI,1143166,None,0,1,1,1,1
APP_NLIU_1056,Rule_3_ii_Financial_Data,1424290,XSS,1,1,1,1,1
APP_NLIU_1057,Rule_3_vi_Biometric_Information,298805,XSS,0,0,1,1,1
APP_NLIU_1058,Rule_3_ii_Financial_Data,1642153,XSS,1,0,1,1,1
APP_NLIU_1059,Rule_3_ii_Financial_Data,22184,None,1,1,1,1,1
APP_NLIU_1060,Rule_3_iii_v_Health_Medical_Records,839395,None,1,1,1,1,1
APP_NLIU_1061,Multi_Category_SPDI,686182,XSS,1,0,1,1,0
APP_NLIU_1062,Multi_Category_SPDI,460519,CSRF,1,0,1,1,1
APP_NLIU_1063,Rule_3_vi_Biometric_Information,212537,XSS,1,0,1,1,0
APP_NLIU_1064,Rule_3_ii_Financial_Data,796699,XSS,1,1,1,0,0
APP_NLIU_1065,Rule_3_ii_Financial_Data,188719,SSRF,1,1,0,1,1
APP_NLIU_1066,Rule_3_iii_v_Health_Medical_Records,1050218,None,1,1,1,1,0
APP_NLIU_1067,Rule_3_ii_Financial_Data,1902822,XSS,1,0,0,0,1
APP_NLIU_1068,Rule_3_i_Passwords,827457,CSRF,0,1,1,1,1
APP_NLIU_1069,Rule_3_ii_Financial_Data,126246,SQL_Injection,1,0,1,1,1
APP_NLIU_1070,Rule_3_ii_Financial_Data,344749,SSRF,1,1,0,1,0
APP_NLIU_1071,Rule_3_ii_Financial_Data,661341,None,0,1,1,0,1
APP_NLIU_1072,Rule_3_ii_Financial_Data,834868,CSRF,1,1,1,1,1
APP_NLIU_1073,Rule_3_i_Passwords,678832,SSRF,1,1,0,1,0
APP_NLIU_1074,Rule_3_i_Passwords,155408,XSS,1,1,1,1,1
APP_NLIU_1075,Multi_Category_SPDI,1734523,CSRF,1,1,1,1,0
APP_NLIU_1076,Rule_3_ii_Financial_Data,868624,SQL_Injection,0,1,1,1,1
APP_NLIU_1077,Rule_3_ii_Financial_Data,1042004,CSRF,1,0,1,0,1
APP_NLIU_1078,Rule_3_iii_v_Health_Medical_Records,1291015,XSS,1,1,1,1,1
APP_NLIU_1079,Rule_3_ii_Financial_Data,1960599,XSS,1,0,0,1,1
APP_NLIU_1080,Multi_Category_SPDI,351655,CSRF,1,1,1,1,1
APP_NLIU_1081,Rule_3_vi_Biometric_Information,538953,XSS,0,0,1,1,1
APP_NLIU_1082,Rule_3_i_Passwords,687457,None,1,0,1,1,1
APP_NLIU_1083,Rule_3_ii_Financial_Data,882709,CSRF,0,1,1,1,1
APP_NLIU_1084,Multi_Category_SPDI,1630338,CSRF,0,1,1,0,1
APP_NLIU_1085,Multi_Category_SPDI,1780909,SSRF,0,1,1,1,1
APP_NLIU_1086,Rule_3_ii_Financial_Data,423401,XSS,0,0,1,0,0
APP_NLIU_1087,Rule_3_iii_v_Health_Medical_Records,1129487,None,0,0,0,1,0
APP_NLIU_1088,Rule_3_i_Passwords,1146219,SSRF,1,1,0,1,1
APP_NLIU_1089,Multi_Category_SPDI,821916,None,1,1,1,1,0
APP_NLIU_1090,Rule_3_ii_Financial_Data,264383,SQL_Injection,0,1,1,1,1
APP_NLIU_1091,Multi_Category_SPDI,368309,XSS,0,1,0,0,1
APP_NLIU_1092,Rule_3_iii_v_Health_Medical_Records,181682,None,1,1,1,0,0
APP_NLIU_1093,Rule_3_iii_v_Health_Medical_Records,1759743,CSRF,1,1,1,1,0
APP_NLIU_1094,Rule_3_iii_v_Health_Medical_Records,817267,XSS,0,1,0,1,1
APP_NLIU_1095,Rule_3_ii_Financial_Data,1804215,SSRF,1,1,1,1,1
APP_NLIU_1096,Rule_3_i_Passwords,101453,None,1,0,0,1,1
APP_NLIU_1097,Rule_3_ii_Financial_Data,583078,SQL_Injection,0,0,1,1,0
APP_NLIU_1098,Rule_3_i_Passwords,737320,None,1,1,0,1,1
APP_NLIU_1099,Rule_3_vi_Biometric_Information,1849651,SSRF,1,0,1,1,1
APP_NLIU_1100,Rule_3_ii_Financial_Data,342990,None,0,0,0,0,1
APP_NLIU_1101,Rule_3_i_Passwords,1465743,CSRF,1,1,1,1,0
APP_NLIU_1102,Multi_Category_SPDI,490320,None,1,1,1,1,0
APP_NLIU_1103,Multi_Category_SPDI,413449,CSRF,0,1,1,1,0
APP_NLIU_1104,Multi_Category_SPDI,542488,None,0,1,1,1,0
APP_NLIU_1105,Multi_Category_SPDI,581563,SQL_Injection,0,1,1,0,0
APP_NLIU_1106,Rule_3_i_Passwords,474284,SSRF,1,1,0,1,1
APP_NLIU_1107,Rule_3_ii_Financial_Data,1929009,XSS,0,0,1,0,1
APP_NLIU_1108,Rule_3_vi_Biometric_Information,1730227,SQL_Injection,1,1,1,1,1
APP_NLIU_1109,Rule_3_iii_v_Health_Medical_Records,1358168,SSRF,0,1,1,1,0
APP_NLIU_1110,Rule_3_i_Passwords,953084,None,1,1,1,1,1
APP_NLIU_1111,Rule_3_vi_Biometric_Information,620973,None,1,1,1,1,1
APP_NLIU_1112,Rule_3_ii_Financial_Data,1468138,CSRF,1,1,1,1,1
APP_NLIU_1113,Rule_3_ii_Financial_Data,1850627,None,1,1,1,0,0
APP_NLIU_1114,Rule_3_iii_v_Health_Medical_Records,1683318,XSS,1,1,1,1,0
APP_NLIU_1115,Rule_3_iii_v_Health_Medical_Records,1579630,CSRF,1,1,1,1,0
APP_NLIU_1116,Rule_3_iii_v_Health_Medical_Records,1843557,None,1,1,1,1,1
APP_NLIU_1117,Rule_3_i_Passwords,1727629,Exception_Handling_Failure,1,1,1,1,1
APP_NLIU_1118,Multi_Category_SPDI,460235,None,1,1,1,0,1
APP_NLIU_1119,Rule_3_ii_Financial_Data,1544250,CSRF,0,1,1,1,1
APP_NLIU_1120,Rule_3_i_Passwords,1834220,Exception_Handling_Failure,0,0,1,1,1
APP_NLIU_1121,Multi_Category_SPDI,1947946,SQL_Injection,1,0,1,1,0
APP_NLIU_1122,Multi_Category_SPDI,1967681,SQL_Injection,1,1,1,1,1
APP_NLIU_1123,Multi_Category_SPDI,498496,SQL_Injection,1,1,0,1,0
APP_NLIU_1124,Rule_3_vi_Biometric_Information,1888336,None,0,0,0,1,0
APP_NLIU_1125,Rule_3_iii_v_Health_Medical_Records,1524493,None,0,1,1,1,1
APP_NLIU_1126,Rule_3_iii_v_Health_Medical_Records,1273748,None,1,1,1,0,0
APP_NLIU_1127,Rule_3_i_Passwords,1078877,XSS,0,1,1,1,0
APP_NLIU_1128,Rule_3_ii_Financial_Data,1622627,CSRF,0,0,1,0,0
APP_NLIU_1129,Rule_3_ii_Financial_Data,1205413,SSRF,1,1,1,1,1
APP_NLIU_1130,Rule_3_ii_Financial_Data,836219,CSRF,1,1,1,1,0
APP_NLIU_1131,Rule_3_iii_v_Health_Medical_Records,1960683,CSRF,1,1,1,1,0
APP_NLIU_1132,Rule_3_ii_Financial_Data,1061001,None,1,0,0,1,1
APP_NLIU_1133,Rule_3_i_Passwords,280001,XSS,0,1,1,1,1
APP_NLIU_1134,Rule_3_ii_Financial_Data,1237419,SQL_Injection,1,0,1,1,0
APP_NLIU_1135,Rule_3_iii_v_Health_Medical_Records,1408719,SQL_Injection,0,1,1,1,1
APP_NLIU_1136,Rule_3_i_Passwords,1469236,SQL_Injection,1,0,1,0,1
APP_NLIU_1137,Multi_Category_SPDI,788849,XSS,1,1,1,1,0
APP_NLIU_1138,Rule_3_ii_Financial_Data,1619321,None,0,0,0,1,0
APP_NLIU_1139,Rule_3_ii_Financial_Data,500496,Exception_Handling_Failure,1,0,0,1,1
APP_NLIU_1140,Rule_3_iii_v_Health_Medical_Records,740101,None,1,1,0,1,1
APP_NLIU_1141,Rule_3_vi_Biometric_Information,398920,XSS,1,1,1,1,0
APP_NLIU_1142,Rule_3_ii_Financial_Data,534740,CSRF,1,1,0,0,0
APP_NLIU_1143,Rule_3_iii_v_Health_Medical_Records,116153,SQL_Injection,0,1,0,1,0
APP_NLIU_1144,Rule_3_iii_v_Health_Medical_Records,1878870,None,0,1,1,1,1
APP_NLIU_1145,Rule_3_ii_Financial_Data,197543,None,0,0,1,1,1
APP_NLIU_1146,Multi_Category_SPDI,991721,SSRF,0,1,1,1,1
APP_NLIU_1147,Rule_3_vi_Biometric_Information,1532850,XSS,0,1,1,1,1
APP_NLIU_1148,Rule_3_iii_v_Health_Medical_Records,1334020,XSS,1,1,1,1,1
APP_NLIU_1149,Multi_Category_SPDI,1980646,Exception_Handling_Failure,0,0,0,1,1
APP_NLIU_1150,Multi_Category_SPDI,405717,None,1,1,1,1,1
APP_NLIU_1151,Rule_3_iii_v_Health_Medical_Records,1055421,XSS,0,0,1,1,1
APP_NLIU_1152,Rule_3_vi_Biometric_Information,1172918,XSS,0,1,1,1,0
APP_NLIU_1153,Rule_3_iii_v_Health_Medical_Records,830613,SQL_Injection,0,0,1,1,0
APP_NLIU_1154,Rule_3_iii_v_Health_Medical_Records,455479,SQL_Injection,1,0,1,1,1
APP_NLIU_1155,Rule_3_iii_v_Health_Medical_Records,766654,SSRF,1,1,1,1,1
APP_NLIU_1156,Rule_3_vi_Biometric_Information,1816868,SQL_Injection,1,1,1,1,0
APP_NLIU_1157,Rule_3_i_Passwords,1001270,None,1,1,1,1,1
APP_NLIU_1158,Multi_Category_SPDI,1771974,None,1,0,1,1,1
APP_NLIU_1159,Multi_Category_SPDI,253850,SQL_Injection,1,0,1,0,1
APP_NLIU_1160,Rule_3_i_Passwords,1792226,None,0,1,1,1,1
APP_NLIU_1161,Rule_3_vi_Biometric_Information,1301264,SSRF,1,1,0,1,0
APP_NLIU_1162,Rule_3_i_Passwords,563692,CSRF,1,0,1,1,0
APP_NLIU_1163,Rule_3_ii_Financial_Data,1600428,SSRF,1,1,0,1,0
APP_NLIU_1164,Rule_3_iii_v_Health_Medical_Records,1675762,CSRF,0,0,1,1,1
APP_NLIU_1165,Rule_3_i_Passwords,979939,CSRF,1,1,1,1,0
APP_NLIU_1166,Rule_3_vi_Biometric_Information,285371,XSS,0,0,1,1,0
APP_NLIU_1167,Rule_3_vi_Biometric_Information,1012800,XSS,0,0,1,0,1
APP_NLIU_1168,Rule_3_iii_v_Health_Medical_Records,1574495,None,1,0,1,0,1
APP_NLIU_1169,Rule_3_i_Passwords,1148835,SQL_Injection,1,0,1,1,1
APP_NLIU_1170,Rule_3_ii_Financial_Data,1178027,SQL_Injection,1,0,1,1,1
APP_NLIU_1171,Rule_3_iii_v_Health_Medical_Records,445691,SQL_Injection,1,1,1,1,0
APP_NLIU_1172,Multi_Category_SPDI,1070791,Exception_Handling_Failure,0,0,0,1,1
APP_NLIU_1173,Rule_3_iii_v_Health_Medical_Records,135577,SQL_Injection,0,0,1,0,1
APP_NLIU_1174,Rule_3_ii_Financial_Data,1836256,None,1,0,1,1,0
APP_NLIU_1175,Rule_3_iii_v_Health_Medical_Records,76074,XSS,1,1,0,1,1
APP_NLIU_1176,Rule_3_iii_v_Health_Medical_Records,944203,XSS,1,1,1,1,1
APP_NLIU_1177,Rule_3_vi_Biometric_Information,637909,XSS,0,1,0,1,1
APP_NLIU_1178,Rule_3_i_Passwords,934958,SSRF,1,1,1,1,0
APP_NLIU_1179,Rule_3_vi_Biometric_Information,1757153,SSRF,1,0,0,1,1
APP_NLIU_1180,Rule_3_iii_v_Health_Medical_Records,111759,CSRF,0,0,1,0,1
APP_NLIU_1181,Multi_Category_SPDI,1182047,XSS,1,1,1,1,0
APP_NLIU_1182,Rule_3_ii_Financial_Data,1861719,SSRF,1,1,1,1,0
APP_NLIU_1183,Rule_3_iii_v_Health_Medical_Records,1461851,SQL_Injection,1,1,1,1,1
APP_NLIU_1184,Multi_Category_SPDI,1626262,None,1,1,1,1,0
APP_NLIU_1185,Rule_3_i_Passwords,1841294,SQL_Injection,0,1,1,1,1
APP_NLIU_1186,Multi_Category_SPDI,1218945,None,1,1,1,1,0
APP_NLIU_1187,Rule_3_iii_v_Health_Medical_Records,637592,None,0,0,1,1,1
APP_NLIU_1188,Rule_3_i_Passwords,1158535,CSRF,0,0,0,1,0
APP_NLIU_1189,Rule_3_ii_Financial_Data,1292893,SQL_Injection,1,1,0,1,1
APP_NLIU_1190,Rule_3_iii_v_Health_Medical_Records,1735421,SQL_Injection,1,0,1,1,0
APP_NLIU_1191,Rule_3_i_Passwords,1375687,Exception_Handling_Failure,1,1,1,1,0
APP_NLIU_1192,Rule_3_iii_v_Health_Medical_Records,1937811,Exception_Handling_Failure,1,1,0,1,0
APP_NLIU_1193,Rule_3_ii_Financial_Data,1183321,None,1,1,0,1,1
APP_NLIU_1194,Rule_3_iii_v_Health_Medical_Records,59583,None,0,0,1,1,1
APP_NLIU_1195,Rule_3_i_Passwords,1701941,Exception_Handling_Failure,0,1,1,1,1
APP_NLIU_1196,Multi_Category_SPDI,449846,SSRF,1,1,1,0,0
APP_NLIU_1197,Multi_Category_SPDI,1164935,SSRF,0,1,1,0,0
APP_NLIU_1198,Multi_Category_SPDI,1604950,None,0,0,0,0,1
APP_NLIU_1199,Rule_3_iii_v_Health_Medical_Records,676844,SSRF,1,0,1,0,1
APP_NLIU_1200,Rule_3_i_Passwords,728983,SQL_Injection,0,1,1,1,0
APP_NLIU_1201,Rule_3_vi_Biometric_Information,633420,None,1,1,1,1,0
APP_NLIU_1202,Rule_3_i_Passwords,1568905,XSS,1,1,1,1,1
APP_NLIU_1203,Rule_3_i_Passwords,1112839,None,1,1,1,0,0
APP_NLIU_1204,Rule_3_ii_Financial_Data,1727611,Exception_Handling_Failure,1,1,1,1,1
APP_NLIU_1205,Rule_3_ii_Financial_Data,1960163,SQL_Injection,1,1,0,1,0
APP_NLIU_1206,Rule_3_vi_Biometric_Information,1114240,None,0,0,1,1,1
APP_NLIU_1207,Rule_3_iii_v_Health_Medical_Records,422896,CSRF,0,1,0,1,1
APP_NLIU_1208,Rule_3_ii_Financial_Data,1988157,CSRF,1,0,1,0,1
APP_NLIU_1209,Rule_3_ii_Financial_Data,911906,XSS,0,0,1,1,1
APP_NLIU_1210,Multi_Category_SPDI,1392688,SQL_Injection,0,0,1,1,1
APP_NLIU_1211,Rule_3_ii_Financial_Data,1974571,XSS,1,1,1,1,1
APP_NLIU_1212,Rule_3_ii_Financial_Data,1755062,SQL_Injection,1,0,1,1,1
APP_NLIU_1213,Rule_3_i_Passwords,1820594,XSS,1,0,0,0,1
APP_NLIU_1214,Rule_3_vi_Biometric_Information,401608,CSRF,0,1,0,1,0
APP_NLIU_1215,Rule_3_iii_v_Health_Medical_Records,460473,None,1,0,0,0,0
APP_NLIU_1216,Rule_3_ii_Financial_Data,1121380,None,1,1,1,1,0
APP_NLIU_1217,Rule_3_i_Passwords,829832,SSRF,0,1,0,1,0
APP_NLIU_1218,Rule_3_iii_v_Health_Medical_Records,434767,CSRF,0,1,1,1,1
APP_NLIU_1219,Rule_3_iii_v_Health_Medical_Records,1868096,CSRF,1,0,1,0,1
APP_NLIU_1220,Rule_3_ii_Financial_Data,1264663,SSRF,1,0,1,1,1
APP_NLIU_1221,Multi_Category_SPDI,947969,None,1,1,0,1,1
APP_NLIU_1222,Rule_3_i_Passwords,446371,None,0,1,1,1,1
APP_NLIU_1223,Rule_3_ii_Financial_Data,1141469,SSRF,1,0,0,1,0
APP_NLIU_1224,Multi_Category_SPDI,1845977,CSRF,1,1,0,1,0
APP_NLIU_1225,Rule_3_ii_Financial_Data,13981,SQL_Injection,0,1,1,0,1
APP_NLIU_1226,Rule_3_iii_v_Health_Medical_Records,1467824,Exception_Handling_Failure,0,0,1,1,0
APP_NLIU_1227,Rule_3_ii_Financial_Data,321235,SQL_Injection,0,1,0,1,0
APP_NLIU_1228,Rule_3_ii_Financial_Data,112154,None,1,0,1,0,0
APP_NLIU_1229,Multi_Category_SPDI,1340128,None,1,1,0,1,0
APP_NLIU_1230,Rule_3_ii_Financial_Data,1733177,CSRF,1,1,1,1,0
APP_NLIU_1231,Multi_Category_SPDI,1053378,XSS,1,0,1,0,0
APP_NLIU_1232,Rule_3_ii_Financial_Data,839372,None,1,1,1,1,0
APP_NLIU_1233,Rule_3_ii_Financial_Data,1529730,XSS,1,1,1,1,0
APP_NLIU_1234,Rule_3_i_Passwords,711465,SSRF,0,1,1,1,1
APP_NLIU_1235,Rule_3_iii_v_Health_Medical_Records,1245698,CSRF,0,1,1,1,0
APP_NLIU_1236,Rule_3_ii_Financial_Data,1057233,None,1,1,0,1,1
APP_NLIU_1237,Multi_Category_SPDI,812662,Exception_Handling_Failure,0,1,1,1,0
APP_NLIU_1238,Rule_3_ii_Financial_Data,941184,Exception_Handling_Failure,1,0,1,1,1
APP_NLIU_1239,Multi_Category_SPDI,1267342,None,0,0,1,1,1
APP_NLIU_1240,Rule_3_i_Passwords,614019,None,0,1,1,1,0
APP_NLIU_1241,Multi_Category_SPDI,178412,None,1,1,1,1,0
APP_NLIU_1242,Rule_3_vi_Biometric_Information,1744886,SQL_Injection,1,0,0,1,0
APP_NLIU_1243,Rule_3_vi_Biometric_Information,668227,XSS,1,1,1,1,1
APP_NLIU_1244,Rule_3_vi_Biometric_Information,1787478,None,1,1,1,1,1
APP_NLIU_1245,Rule_3_vi_Biometric_Information,1057905,None,0,1,0,1,0
APP_NLIU_1246,Rule_3_iii_v_Health_Medical_Records,1010591,Exception_Handling_Failure,0,0,0,1,1
APP_NLIU_1247,Rule_3_i_Passwords,1351585,SSRF,1,1,1,0,0
APP_NLIU_1248,Rule_3_i_Passwords,727300,None,0,1,0,1,1
APP_NLIU_1249,Multi_Category_SPDI,1573473,None,0,1,1,1,1
APP_NLIU_1250,Rule_3_iii_v_Health_Medical_Records,42869,SQL_Injection,1,0,1,1,1
APP_NLIU_1251,Rule_3_vi_Biometric_Information,1251553,XSS,0,1,0,1,1
APP_NLIU_1252,Rule_3_ii_Financial_Data,1960193,SSRF,1,1,1,1,1
APP_NLIU_1253,Rule_3_i_Passwords,503185,CSRF,1,1,0,1,1
APP_NLIU_1254,Rule_3_i_Passwords,1137560,SQL_Injection,1,0,1,1,1
APP_NLIU_1255,Rule_3_iii_v_Health_Medical_Records,916604,XSS,1,1,1,0,0
APP_NLIU_1256,Rule_3_ii_Financial_Data,1154645,XSS,0,0,1,1,0
APP_NLIU_1257,Rule_3_ii_Financial_Data,253577,Exception_Handling_Failure,1,0,1,0,0
APP_NLIU_1258,Rule_3_ii_Financial_Data,881143,Exception_Handling_Failure,0,0,1,1,1
APP_NLIU_1259,Rule_3_i_Passwords,333396,None,0,0,1,0,0
APP_NLIU_1260,Rule_3_iii_v_Health_Medical_Records,1395106,SSRF,1,1,1,1,0
APP_NLIU_1261,Rule_3_ii_Financial_Data,123728,SQL_Injection,0,0,1,1,0
APP_NLIU_1262,Rule_3_vi_Biometric_Information,528846,None,1,1,1,1,1
APP_NLIU_1263,Rule_3_ii_Financial_Data,1972791,SSRF,1,1,0,1,1
APP_NLIU_1264,Rule_3_ii_Financial_Data,1079377,None,1,1,1,1,0
APP_NLIU_1265,Rule_3_i_Passwords,747647,None,1,1,1,1,1
APP_NLIU_1266,Rule_3_i_Passwords,1813501,XSS,0,1,1,0,0
APP_NLIU_1267,Rule_3_ii_Financial_Data,1668573,None,1,1,1,1,0
APP_NLIU_1268,Rule_3_ii_Financial_Data,320414,SQL_Injection,0,1,1,1,1
APP_NLIU_1269,Rule_3_iii_v_Health_Medical_Records,1518414,CSRF,1,1,1,1,1
APP_NLIU_1270,Rule_3_ii_Financial_Data,846967,Exception_Handling_Failure,0,1,1,1,0
APP_NLIU_1271,Rule_3_iii_v_Health_Medical_Records,260560,CSRF,0,1,1,1,1
APP_NLIU_1272,Multi_Category_SPDI,773026,None,1,1,0,1,0
APP_NLIU_1273,Rule_3_vi_Biometric_Information,737119,SQL_Injection,1,1,1,1,1
APP_NLIU_1274,Rule_3_i_Passwords,21220,XSS,1,0,0,1,1
APP_NLIU_1275,Rule_3_ii_Financial_Data,1329112,XSS,1,0,1,1,0
APP_NLIU_1276,Rule_3_i_Passwords,1532379,Exception_Handling_Failure,1,1,1,0,1
APP_NLIU_1277,Rule_3_ii_Financial_Data,400462,CSRF,1,0,0,0,0
APP_NLIU_1278,Multi_Category_SPDI,1335730,CSRF,1,1,1,0,1
APP_NLIU_1279,Rule_3_i_Passwords,131951,None,0,0,0,1,0
APP_NLIU_1280,Rule_3_ii_Financial_Data,1384078,SSRF,1,1,0,1,1
APP_NLIU_1281,Rule_3_iii_v_Health_Medical_Records,488419,None,1,1,1,1,1
APP_NLIU_1282,Rule_3_iii_v_Health_Medical_Records,153306,XSS,0,0,0,1,1
APP_NLIU_1283,Rule_3_iii_v_Health_Medical_Records,887622,None,0,1,1,1,1
APP_NLIU_1284,Rule_3_i_Passwords,1693659,None,0,1,0,0,0
APP_NLIU_1285,Rule_3_ii_Financial_Data,447667,SSRF,1,1,0,1,0
APP_NLIU_1286,Rule_3_iii_v_Health_Medical_Records,914222,XSS,1,1,0,1,0
APP_NLIU_1287,Rule_3_i_Passwords,130223,None,0,0,1,1,1
APP_NLIU_1288,Rule_3_ii_Financial_Data,527886,XSS,1,1,0,0,1
APP_NLIU_1289,Rule_3_i_Passwords,604493,None,1,0,1,0,1
APP_NLIU_1290,Rule_3_i_Passwords,1468576,XSS,0,1,1,1,0
APP_NLIU_1291,Rule_3_ii_Financial_Data,952176,SQL_Injection,0,1,0,1,1
APP_NLIU_1292,Rule_3_i_Passwords,1054658,CSRF,0,1,0,1,1
APP_NLIU_1293,Rule_3_iii_v_Health_Medical_Records,1457940,None,1,1,1,0,1
APP_NLIU_1294,Rule_3_iii_v_Health_Medical_Records,1212142,CSRF,1,1,1,1,1
APP_NLIU_1295,Rule_3_vi_Biometric_Information,866525,None,1,0,1,1,0
APP_NLIU_1296,Rule_3_ii_Financial_Data,1367672,None,1,1,1,1,1
APP_NLIU_1297,Rule_3_i_Passwords,41719,CSRF,1,1,1,1,1
APP_NLIU_1298,Rule_3_i_Passwords,53737,SQL_Injection,0,0,1,1,0
APP_NLIU_1299,Rule_3_iii_v_Health_Medical_Records,1506245,None,1,1,1,1,1
APP_NLIU_1300,Rule_3_iii_v_Health_Medical_Records,112271,CSRF,0,1,0,1,1
APP_NLIU_1301,Rule_3_i_Passwords,1748472,None,1,0,0,0,1
APP_NLIU_1302,Multi_Category_SPDI,186676,XSS,0,1,1,1,1
APP_NLIU_1303,Rule_3_i_Passwords,1497625,XSS,1,1,1,1,1
APP_NLIU_1304,Rule_3_iii_v_Health_Medical_Records,1985119,None,0,0,0,1,0
APP_NLIU_1305,Rule_3_iii_v_Health_Medical_Records,597127,CSRF,1,1,1,1,1
APP_NLIU_1306,Multi_Category_SPDI,839363,XSS,0,1,1,0,0
APP_NLIU_1307,Rule_3_iii_v_Health_Medical_Records,1355645,CSRF,1,1,1,0,1
APP_NLIU_1308,Rule_3_vi_Biometric_Information,187075,CSRF,0,1,1,1,0
APP_NLIU_1309,Rule_3_ii_Financial_Data,1495689,XSS,1,1,1,0,0
APP_NLIU_1310,Rule_3_vi_Biometric_Information,92745,None,1,1,0,1,1
APP_NLIU_1311,Rule_3_i_Passwords,131298,CSRF,0,0,1,1,0
APP_NLIU_1312,Multi_Category_SPDI,622997,XSS,1,1,0,1,0
APP_NLIU_1313,Rule_3_iii_v_Health_Medical_Records,309431,Exception_Handling_Failure,1,0,1,0,1
APP_NLIU_1314,Rule_3_vi_Biometric_Information,1799662,CSRF,1,1,1,0,0
APP_NLIU_1315,Rule_3_ii_Financial_Data,431228,CSRF,1,1,1,1,0
APP_NLIU_1316,Rule_3_iii_v_Health_Medical_Records,1685116,None,0,0,1,1,0
APP_NLIU_1317,Rule_3_iii_v_Health_Medical_Records,702143,None,1,1,1,1,1
APP_NLIU_1318,Rule_3_iii_v_Health_Medical_Records,376467,XSS,0,1,0,1,0
APP_NLIU_1319,Rule_3_i_Passwords,1008231,Exception_Handling_Failure,0,0,0,1,1
APP_NLIU_1320,Rule_3_i_Passwords,1515107,SQL_Injection,1,0,1,0,0
APP_NLIU_1321,Rule_3_ii_Financial_Data,1792702,Exception_Handling_Failure,1,1,1,1,0
APP_NLIU_1322,Rule_3_i_Passwords,1493283,XSS,0,0,1,1,0
APP_NLIU_1323,Multi_Category_SPDI,225013,XSS,0,1,1,1,1
APP_NLIU_1324,Rule_3_ii_Financial_Data,456800,CSRF,1,1,1,1,1
APP_NLIU_1325,Multi_Category_SPDI,804235,SQL_Injection,0,1,1,1,0
APP_NLIU_1326,Rule_3_ii_Financial_Data,1234273,SSRF,1,0,1,1,0
APP_NLIU_1327,Rule_3_i_Passwords,1696683,None,1,1,1,1,0
APP_NLIU_1328,Rule_3_vi_Biometric_Information,884793,XSS,0,0,1,1,1
APP_NLIU_1329,Rule_3_iii_v_Health_Medical_Records,18698,XSS,1,1,1,1,0
APP_NLIU_1330,Rule_3_ii_Financial_Data,957064,SQL_Injection,1,1,1,0,0
APP_NLIU_1331,Rule_3_iii_v_Health_Medical_Records,20376,SQL_Injection,1,1,1,0,1
APP_NLIU_1332,Rule_3_iii_v_Health_Medical_Records,481870,None,1,1,1,1,0
APP_NLIU_1333,Rule_3_ii_Financial_Data,280261,XSS,1,1,1,1,0
APP_NLIU_1334,Multi_Category_SPDI,241591,XSS,1,1,1,1,0
APP_NLIU_1335,Multi_Category_SPDI,978885,SSRF,1,0,1,1,0
APP_NLIU_1336,Rule_3_iii_v_Health_Medical_Records,1484748,None,0,1,1,1,0
APP_NLIU_1337,Rule_3_i_Passwords,1102362,SSRF,1,0,1,1,0
APP_NLIU_1338,Rule_3_iii_v_Health_Medical_Records,642293,SSRF,1,1,1,1,1
APP_NLIU_1339,Rule_3_i_Passwords,1272426,XSS,1,1,1,1,1
APP_NLIU_1340,Rule_3_i_Passwords,333624,CSRF,0,1,1,1,1
APP_NLIU_1341,Rule_3_ii_Financial_Data,692055,SSRF,1,1,1,1,1
APP_NLIU_1342,Rule_3_ii_Financial_Data,1972591,Exception_Handling_Failure,0,0,1,1,1
APP_NLIU_1343,Multi_Category_SPDI,844665,Exception_Handling_Failure,1,1,1,1,0
APP_NLIU_1344,Rule_3_iii_v_Health_Medical_Records,1426742,None,1,0,1,0,0
APP_NLIU_1345,Rule_3_iii_v_Health_Medical_Records,1469294,XSS,1,0,1,1,0
APP_NLIU_1346,Rule_3_ii_Financial_Data,448226,SQL_Injection,1,0,0,0,1
APP_NLIU_1347,Rule_3_ii_Financial_Data,1040752,CSRF,1,1,1,0,1
APP_NLIU_1348,Rule_3_ii_Financial_Data,1012845,None,0,1,1,1,0
APP_NLIU_1349,Multi_Category_SPDI,97529,XSS,1,1,0,0,0
APP_NLIU_1350,Rule_3_i_Passwords,1520697,None,0,0,1,1,1
APP_NLIU_1351,Multi_Category_SPDI,1819360,SQL_Injection,1,1,1,1,0
APP_NLIU_1352,Rule_3_iii_v_Health_Medical_Records,1493281,XSS,0,1,1,1,1
APP_NLIU_1353,Rule_3_ii_Financial_Data,1678783,SQL_Injection,1,1,0,1,1
APP_NLIU_1354,Rule_3_iii_v_Health_Medical_Records,1923541,XSS,1,0,0,1,0
APP_NLIU_1355,Rule_3_ii_Financial_Data,479381,None,1,1,1,1,0
APP_NLIU_1356,Multi_Category_SPDI,477803,None,1,1,0,1,0
APP_NLIU_1357,Multi_Category_SPDI,1539851,XSS,1,0,1,1,0
APP_NLIU_1358,Rule_3_ii_Financial_Data,1776246,XSS,0,1,1,1,1
APP_NLIU_1359,Rule_3_ii_Financial_Data,214870,None,1,0,1,0,0
APP_NLIU_1360,Rule_3_iii_v_Health_Medical_Records,598695,Exception_Handling_Failure,1,1,0,1,0
APP_NLIU_1361,Multi_Category_SPDI,1651673,SQL_Injection,0,0,1,0,1
APP_NLIU_1362,Rule_3_ii_Financial_Data,284373,XSS,0,0,1,1,1
APP_NLIU_1363,Rule_3_iii_v_Health_Medical_Records,1998465,SSRF,0,1,1,1,1
APP_NLIU_1364,Rule_3_iii_v_Health_Medical_Records,571464,XSS,0,1,0,1,0
APP_NLIU_1365,Rule_3_iii_v_Health_Medical_Records,624113,XSS,1,1,0,1,0
APP_NLIU_1366,Rule_3_i_Passwords,925764,XSS,0,1,1,0,1
APP_NLIU_1367,Rule_3_iii_v_Health_Medical_Records,1151131,CSRF,1,1,1,1,0
APP_NLIU_1368,Multi_Category_SPDI,532433,SSRF,0,1,1,1,0
APP_NLIU_1369,Rule_3_i_Passwords,1150865,XSS,0,1,0,1,1
APP_NLIU_1370,Rule_3_ii_Financial_Data,1716738,None,1,1,1,0,0
APP_NLIU_1371,Multi_Category_SPDI,793695,Exception_Handling_Failure,1,1,1,1,0
APP_NLIU_1372,Rule_3_i_Passwords,425129,CSRF,0,1,0,1,1
APP_NLIU_1373,Multi_Category_SPDI,62788,None,1,0,1,0,0
APP_NLIU_1374,Rule_3_ii_Financial_Data,1717091,None,0,1,1,1,0
APP_NLIU_1375,Rule_3_ii_Financial_Data,1709858,SSRF,0,0,1,0,0
APP_NLIU_1376,Multi_Category_SPDI,732591,SQL_Injection,0,1,1,1,1
APP_NLIU_1377,Rule_3_ii_Financial_Data,156744,None,1,1,1,1,1
APP_NLIU_1378,Rule_3_iii_v_Health_Medical_Records,1223174,None,1,1,1,0,1
APP_NLIU_1379,Rule_3_ii_Financial_Data,1885352,None,1,0,1,1,0
APP_NLIU_1380,Rule_3_iii_v_Health_Medical_Records,914251,None,1,1,1,1,0
APP_NLIU_1381,Rule_3_i_Passwords,417230,Exception_Handling_Failure,1,0,1,1,1
APP_NLIU_1382,Rule_3_ii_Financial_Data,1651216,XSS,1,1,1,1,1
APP_NLIU_1383,Multi_Category_SPDI,489495,SQL_Injection,1,1,0,1,1
APP_NLIU_1384,Rule_3_ii_Financial_Data,1356044,SSRF,0,0,1,1,1
APP_NLIU_1385,Rule_3_iii_v_Health_Medical_Records,1561321,XSS,0,1,1,1,1
APP_NLIU_1386,Rule_3_ii_Financial_Data,885507,Exception_Handling_Failure,1,0,0,1,0
APP_NLIU_1387,Rule_3_vi_Biometric_Information,1280286,XSS,1,1,1,1,0
APP_NLIU_1388,Rule_3_i_Passwords,699058,None,1,1,0,0,1
APP_NLIU_1389,Multi_Category_SPDI,868601,CSRF,1,0,0,1,0
APP_NLIU_1390,Rule_3_ii_Financial_Data,1863392,XSS,1,0,0,1,0
APP_NLIU_1391,Rule_3_ii_Financial_Data,532800,SQL_Injection,1,1,1,0,1
APP_NLIU_1392,Rule_3_i_Passwords,1977146,XSS,0,1,1,1,0
APP_NLIU_1393,Rule_3_i_Passwords,691860,None,1,0,1,1,0
APP_NLIU_1394,Rule_3_iii_v_Health_Medical_Records,1177351,Exception_Handling_Failure,1,0,1,0,1
APP_NLIU_1395,Rule_3_ii_Financial_Data,83743,None,1,1,1,1,0
APP_NLIU_1396,Rule_3_vi_Biometric_Information,352786,CSRF,1,0,1,1,0
APP_NLIU_1397,Rule_3_ii_Financial_Data,396731,XSS,0,1,0,1,0
APP_NLIU_1398,Rule_3_ii_Financial_Data,609146,CSRF,1,1,1,1,1
APP_NLIU_1399,Rule_3_iii_v_Health_Medical_Records,1632664,XSS,1,0,1,1,0
APP_NLIU_1400,Rule_3_iii_v_Health_Medical_Records,1509932,None,1,1,0,1,1
APP_NLIU_1401,Rule_3_i_Passwords,1678228,Exception_Handling_Failure,1,1,0,1,0
APP_NLIU_1402,Rule_3_i_Passwords,1559109,None,0,1,1,1,0
APP_NLIU_1403,Rule_3_i_Passwords,1318107,SSRF,0,1,1,1,1
APP_NLIU_1404,Rule_3_iii_v_Health_Medical_Records,192232,None,0,1,0,1,0
APP_NLIU_1405,Rule_3_iii_v_Health_Medical_Records,733927,SQL_Injection,1,1,1,1,0
APP_NLIU_1406,Rule_3_ii_Financial_Data,1186447,None,1,0,0,1,1
APP_NLIU_1407,Rule_3_vi_Biometric_Information,124095,CSRF,1,1,1,1,0
APP_NLIU_1408,Rule_3_vi_Biometric_Information,1613412,CSRF,0,1,1,1,1
APP_NLIU_1409,Rule_3_iii_v_Health_Medical_Records,956399,XSS,0,0,0,1,0
APP_NLIU_1410,Multi_Category_SPDI,95450,None,1,1,0,1,1
APP_NLIU_1411,Rule_3_ii_Financial_Data,1683533,SQL_Injection,1,1,1,1,1
APP_NLIU_1412,Rule_3_i_Passwords,871603,CSRF,1,1,0,0,0
APP_NLIU_1413,Rule_3_ii_Financial_Data,1487171,None,1,0,1,1,0
APP_NLIU_1414,Rule_3_i_Passwords,312558,CSRF,1,1,1,1,0
APP_NLIU_1415,Rule_3_iii_v_Health_Medical_Records,1650935,SSRF,0,1,0,0,1
APP_NLIU_1416,Multi_Category_SPDI,1690672,XSS,1,1,1,1,1
APP_NLIU_1417,Rule_3_i_Passwords,1554460,CSRF,0,1,1,0,1
APP_NLIU_1418,Rule_3_i_Passwords,990848,None,1,1,1,1,0
APP_NLIU_1419,Rule_3_ii_Financial_Data,1132167,None,1,1,1,1,0
APP_NLIU_1420,Multi_Category_SPDI,753501,XSS,1,0,1,0,1
APP_NLIU_1421,Rule_3_ii_Financial_Data,1020807,None,0,1,1,0,1
APP_NLIU_1422,Rule_3_iii_v_Health_Medical_Records,271441,XSS,0,0,1,1,0
APP_NLIU_1423,Rule_3_i_Passwords,638801,SQL_Injection,1,1,1,1,1
APP_NLIU_1424,Rule_3_i_Passwords,1968676,CSRF,0,1,1,1,0
APP_NLIU_1425,Multi_Category_SPDI,877911,XSS,0,0,0,1,1
APP_NLIU_1426,Multi_Category_SPDI,1152328,SSRF,1,1,1,0,0
APP_NLIU_1427,Rule_3_i_Passwords,141080,None,1,1,1,1,1
APP_NLIU_1428,Multi_Category_SPDI,222885,None,1,0,1,1,1
APP_NLIU_1429,Rule_3_iii_v_Health_Medical_Records,1431201,CSRF,0,0,1,1,1
APP_NLIU_1430,Multi_Category_SPDI,152892,XSS,1,0,1,1,1
APP_NLIU_1431,Rule_3_ii_Financial_Data,469764,None,0,0,0,1,0
APP_NLIU_1432,Rule_3_iii_v_Health_Medical_Records,158325,None,1,1,1,1,1
APP_NLIU_1433,Rule_3_ii_Financial_Data,427418,None,1,1,1,1,1
APP_NLIU_1434,Rule_3_iii_v_Health_Medical_Records,951740,XSS,1,0,1,1,0
APP_NLIU_1435,Rule_3_i_Passwords,596444,None,1,1,1,0,0
APP_NLIU_1436,Rule_3_i_Passwords,1820824,XSS,0,1,1,1,1
APP_NLIU_1437,Rule_3_ii_Financial_Data,65263,XSS,0,1,1,1,0
APP_NLIU_1438,Rule_3_iii_v_Health_Medical_Records,1959004,SQL_Injection,1,0,1,1,1
APP_NLIU_1439,Rule_3_ii_Financial_Data,628540,SQL_Injection,0,1,0,1,1
APP_NLIU_1440,Rule_3_iii_v_Health_Medical_Records,1172208,XSS,1,1,0,1,0
APP_NLIU_1441,Multi_Category_SPDI,1914863,CSRF,0,1,1,1,1
APP_NLIU_1442,Rule_3_i_Passwords,21575,SQL_Injection,1,1,1,1,0
APP_NLIU_1443,Rule_3_iii_v_Health_Medical_Records,1327924,None,1,0,1,1,0
APP_NLIU_1444,Rule_3_ii_Financial_Data,1065528,SQL_Injection,0,1,1,1,1
APP_NLIU_1445,Multi_Category_SPDI,1573402,XSS,1,1,1,1,1
APP_NLIU_1446,Rule_3_i_Passwords,1136899,XSS,0,1,1,1,1
APP_NLIU_1447,Rule_3_iii_v_Health_Medical_Records,1760078,None,0,1,0,1,1
APP_NLIU_1448,Rule_3_vi_Biometric_Information,1218520,XSS,1,1,0,1,0
APP_NLIU_1449,Multi_Category_SPDI,689736,SQL_Injection,1,1,1,1,1
APP_NLIU_1450,Rule_3_iii_v_Health_Medical_Records,1775020,XSS,1,1,0,1,1
APP_NLIU_1451,Rule_3_ii_Financial_Data,147712,None,1,0,1,1,1
APP_NLIU_1452,Rule_3_iii_v_Health_Medical_Records,293581,None,0,1,1,0,1
APP_NLIU_1453,Multi_Category_SPDI,132129,XSS,1,1,1,0,1
APP_NLIU_1454,Rule_3_iii_v_Health_Medical_Records,879113,CSRF,1,1,1,1,0
APP_NLIU_1455,Rule_3_i_Passwords,783810,None,0,1,1,1,1
APP_NLIU_1456,Multi_Category_SPDI,537191,SSRF,1,1,0,1,1
APP_NLIU_1457,Rule_3_iii_v_Health_Medical_Records,1268352,Exception_Handling_Failure,1,1,1,1,0
APP_NLIU_1458,Rule_3_iii_v_Health_Medical_Records,556151,XSS,0,1,1,1,1
APP_NLIU_1459,Rule_3_ii_Financial_Data,310525,SQL_Injection,0,0,1,1,1
APP_NLIU_1460,Rule_3_iii_v_Health_Medical_Records,1868556,CSRF,0,0,0,1,0
APP_NLIU_1461,Rule_3_ii_Financial_Data,448172,CSRF,1,0,1,1,1
APP_NLIU_1462,Rule_3_iii_v_Health_Medical_Records,997030,Exception_Handling_Failure,1,1,1,1,0
APP_NLIU_1463,Rule_3_i_Passwords,540755,None,0,0,1,1,1
APP_NLIU_1464,Rule_3_iii_v_Health_Medical_Records,325098,CSRF,0,1,0,1,0
APP_NLIU_1465,Multi_Category_SPDI,291045,None,1,0,1,1,0
APP_NLIU_1466,Rule_3_i_Passwords,1863309,SQL_Injection,1,1,1,1,0
APP_NLIU_1467,Multi_Category_SPDI,1964694,XSS,1,1,1,1,1
APP_NLIU_1468,Rule_3_ii_Financial_Data,762902,SQL_Injection,1,1,1,1,0
APP_NLIU_1469,Multi_Category_SPDI,876612,None,1,1,1,1,1
APP_NLIU_1470,Rule_3_vi_Biometric_Information,1647767,None,1,1,1,1,0
APP_NLIU_1471,Rule_3_iii_v_Health_Medical_Records,371099,Exception_Handling_Failure,1,1,1,1,1
APP_NLIU_1472,Rule_3_iii_v_Health_Medical_Records,938708,None,1,1,1,1,1
APP_NLIU_1473,Multi_Category_SPDI,549043,Exception_Handling_Failure,0,1,1,1,1
APP_NLIU_1474,Rule_3_ii_Financial_Data,1375537,None,0,1,1,1,0
APP_NLIU_1475,Rule_3_ii_Financial_Data,793525,None,1,1,1,1,0
APP_NLIU_1476,Rule_3_iii_v_Health_Medical_Records,261094,None,0,1,1,1,1
APP_NLIU_1477,Rule_3_vi_Biometric_Information,467753,XSS,0,1,1,1,1
APP_NLIU_1478,Rule_3_vi_Biometric_Information,1936327,SQL_Injection,1,0,0,0,0
APP_NLIU_1479,Rule_3_vi_Biometric_Information,1338660,XSS,0,0,1,1,0
APP_NLIU_1480,Rule_3_ii_Financial_Data,704400,SQL_Injection,0,1,0,0,0
APP_NLIU_1481,Rule_3_vi_Biometric_Information,959826,XSS,1,1,1,1,0
APP_NLIU_1482,Rule_3_i_Passwords,1706578,XSS,1,1,1,0,0
APP_NLIU_1483,Rule_3_iii_v_Health_Medical_Records,1145120,Exception_Handling_Failure,0,1,1,1,1
APP_NLIU_1484,Rule_3_i_Passwords,1662301,SQL_Injection,1,1,1,1,1
APP_NLIU_1485,Rule_3_ii_Financial_Data,360113,SSRF,0,1,1,1,1
APP_NLIU_1486,Rule_3_ii_Financial_Data,1160577,XSS,1,1,1,1,0
APP_NLIU_1487,Rule_3_ii_Financial_Data,1141301,None,0,1,1,1,1
APP_NLIU_1488,Rule_3_iii_v_Health_Medical_Records,1431504,CSRF,1,1,1,1,0
APP_NLIU_1489,Rule_3_ii_Financial_Data,115675,XSS,0,0,1,1,0
APP_NLIU_1490,Rule_3_ii_Financial_Data,99266,None,0,0,0,1,1
APP_NLIU_1491,Rule_3_ii_Financial_Data,1324956,Exception_Handling_Failure,0,1,0,1,1
APP_NLIU_1492,Rule_3_ii_Financial_Data,864029,CSRF,1,1,1,1,1
APP_NLIU_1493,Rule_3_ii_Financial_Data,1268772,XSS,1,1,1,1,1
APP_NLIU_1494,Rule_3_i_Passwords,139974,SSRF,0,1,1,0,0
APP_NLIU_1495,Rule_3_iii_v_Health_Medical_Records,628944,None,1,1,1,1,0
APP_NLIU_1496,Rule_3_iii_v_Health_Medical_Records,301508,SQL_Injection,0,1,0,1,1
APP_NLIU_1497,Rule_3_iii_v_Health_Medical_Records,1684935,CSRF,1,0,1,1,1
APP_NLIU_1498,Rule_3_ii_Financial_Data,1021487,SQL_Injection,0,1,1,1,0
APP_NLIU_1499,Rule_3_ii_Financial_Data,1410130,SSRF,1,1,0,1,1
APP_NLIU_1500,Multi_Category_SPDI,1204744,None,1,0,1,0,1
APP_NLIU_1501,Rule_3_iii_v_Health_Medical_Records,148092,SSRF,1,1,1,0,1
APP_NLIU_1502,Rule_3_ii_Financial_Data,1636337,SQL_Injection,0,1,1,1,1
APP_NLIU_1503,Rule_3_i_Passwords,246472,XSS,0,1,0,1,1
APP_NLIU_1504,Rule_3_ii_Financial_Data,311297,SQL_Injection,1,1,1,0,1
APP_NLIU_1505,Rule_3_ii_Financial_Data,1225925,SQL_Injection,0,1,0,1,0
APP_NLIU_1506,Rule_3_ii_Financial_Data,305646,None,1,1,0,1,0
APP_NLIU_1507,Rule_3_iii_v_Health_Medical_Records,20675,None,0,1,1,1,1
APP_NLIU_1508,Rule_3_iii_v_Health_Medical_Records,1995445,None,0,0,1,1,0
APP_NLIU_1509,Rule_3_iii_v_Health_Medical_Records,1171960,None,0,1,1,1,1
APP_NLIU_1510,Rule_3_vi_Biometric_Information,1131805,Exception_Handling_Failure,1,1,0,1,1
APP_NLIU_1511,Rule_3_vi_Biometric_Information,618337,SQL_Injection,1,1,1,1,0
APP_NLIU_1512,Rule_3_iii_v_Health_Medical_Records,712508,None,1,1,1,1,1
APP_NLIU_1513,Multi_Category_SPDI,1404877,None,0,1,1,1,1
APP_NLIU_1514,Rule_3_i_Passwords,1273895,None,1,0,0,1,0
APP_NLIU_1515,Rule_3_i_Passwords,1683575,XSS,1,1,1,1,1
APP_NLIU_1516,Rule_3_i_Passwords,1687954,SSRF,1,1,1,1,1
APP_NLIU_1517,Rule_3_iii_v_Health_Medical_Records,1933329,None,0,1,1,1,1
APP_NLIU_1518,Multi_Category_SPDI,731262,None,1,1,1,1,0
APP_NLIU_1519,Rule_3_ii_Financial_Data,817897,None,1,1,1,1,1
APP_NLIU_1520,Multi_Category_SPDI,1872294,SSRF,1,1,1,1,0
APP_NLIU_1521,Rule_3_i_Passwords,1108371,SSRF,0,1,1,1,1
APP_NLIU_1522,Multi_Category_SPDI,1423859,SSRF,0,1,1,1,0
APP_NLIU_1523,Rule_3_ii_Financial_Data,739543,None,0,1,1,0,1
APP_NLIU_1524,Rule_3_i_Passwords,108845,SSRF,1,1,0,1,0
APP_NLIU_1525,Rule_3_ii_Financial_Data,1365706,SQL_Injection,0,1,0,1,0
APP_NLIU_1526,Rule_3_ii_Financial_Data,965705,None,1,0,0,1,0
APP_NLIU_1527,Rule_3_ii_Financial_Data,965819,SQL_Injection,1,1,1,1,1
APP_NLIU_1528,Rule_3_ii_Financial_Data,1391116,None,1,0,1,0,0
APP_NLIU_1529,Rule_3_vi_Biometric_Information,1895186,CSRF,1,0,1,1,1
APP_NLIU_1530,Rule_3_iii_v_Health_Medical_Records,802177,None,1,1,1,1,0
APP_NLIU_1531,Rule_3_ii_Financial_Data,1832096,XSS,1,0,1,0,1
APP_NLIU_1532,Rule_3_iii_v_Health_Medical_Records,1307306,None,1,1,0,0,1
APP_NLIU_1533,Rule_3_iii_v_Health_Medical_Records,1257002,None,1,0,1,1,0
APP_NLIU_1534,Rule_3_ii_Financial_Data,871069,SQL_Injection,1,1,1,1,0
APP_NLIU_1535,Rule_3_ii_Financial_Data,927532,SQL_Injection,0,0,0,1,0
APP_NLIU_1536,Rule_3_i_Passwords,234333,CSRF,1,0,0,1,1
APP_NLIU_1537,Rule_3_i_Passwords,577854,Exception_Handling_Failure,0,1,0,1,0
APP_NLIU_1538,Rule_3_iii_v_Health_Medical_Records,835154,None,0,1,1,1,1
APP_NLIU_1539,Rule_3_i_Passwords,878055,XSS,0,1,0,1,0
APP_NLIU_1540,Rule_3_iii_v_Health_Medical_Records,378218,Exception_Handling_Failure,0,0,1,1,1
APP_NLIU_1541,Rule_3_iii_v_Health_Medical_Records,604262,SSRF,1,1,1,1,1
APP_NLIU_1542,Rule_3_i_Passwords,481908,None,1,1,1,1,0
APP_NLIU_1543,Rule_3_iii_v_Health_Medical_Records,351228,None,1,0,1,1,1
APP_NLIU_1544,Rule_3_ii_Financial_Data,175951,CSRF,1,1,1,1,1
APP_NLIU_1545,Multi_Category_SPDI,1471559,XSS,0,1,1,1,0
APP_NLIU_1546,Rule_3_ii_Financial_Data,253595,SQL_Injection,0,1,0,1,1
APP_NLIU_1547,Rule_3_vi_Biometric_Information,1957361,XSS,1,1,0,0,0
APP_NLIU_1548,Rule_3_iii_v_Health_Medical_Records,1682281,XSS,1,1,1,1,1
APP_NLIU_1549,Rule_3_i_Passwords,1908107,SQL_Injection,0,1,1,1,0
APP_NLIU_1550,Rule_3_iii_v_Health_Medical_Records,184729,XSS,1,1,1,1,1
APP_NLIU_1551,Multi_Category_SPDI,1193146,CSRF,1,1,1,1,0
APP_NLIU_1552,Rule_3_iii_v_Health_Medical_Records,209739,XSS,1,1,0,0,1
APP_NLIU_1553,Rule_3_vi_Biometric_Information,1340827,XSS,1,1,1,1,1
APP_NLIU_1554,Multi_Category_SPDI,689153,SQL_Injection,1,1,0,0,0
APP_NLIU_1555,Rule_3_ii_Financial_Data,925200,None,1,1,0,1,0
APP_NLIU_1556,Rule_3_ii_Financial_Data,845271,None,1,1,1,0,1
APP_NLIU_1557,Rule_3_iii_v_Health_Medical_Records,1667105,CSRF,0,0,1,1,0
APP_NLIU_1558,Rule_3_ii_Financial_Data,1601261,SQL_Injection,1,1,0,1,1
APP_NLIU_1559,Rule_3_vi_Biometric_Information,1585568,None,1,1,1,1,1
APP_NLIU_1560,Multi_Category_SPDI,1042763,None,0,1,1,1,1
APP_NLIU_1561,Rule_3_ii_Financial_Data,1044528,SSRF,0,1,0,1,1
APP_NLIU_1562,Rule_3_ii_Financial_Data,1856450,CSRF,1,1,1,1,0
APP_NLIU_1563,Rule_3_vi_Biometric_Information,724148,SSRF,1,1,1,1,1
APP_NLIU_1564,Rule_3_ii_Financial_Data,1183152,XSS,1,1,1,1,0
APP_NLIU_1565,Rule_3_vi_Biometric_Information,14765,SSRF,0,1,1,1,0
APP_NLIU_1566,Rule_3_ii_Financial_Data,1431548,CSRF,1,1,0,0,0
APP_NLIU_1567,Rule_3_iii_v_Health_Medical_Records,15002,Exception_Handling_Failure,1,0,1,0,1
APP_NLIU_1568,Rule_3_i_Passwords,1837717,XSS,0,1,1,1,0
APP_NLIU_1569,Rule_3_iii_v_Health_Medical_Records,1851398,CSRF,1,1,1,0,1
APP_NLIU_1570,Rule_3_ii_Financial_Data,180508,XSS,0,1,0,1,1
APP_NLIU_1571,Rule_3_iii_v_Health_Medical_Records,1312022,XSS,0,1,1,1,0
APP_NLIU_1572,Rule_3_i_Passwords,482698,SQL_Injection,1,0,1,1,1
APP_NLIU_1573,Rule_3_iii_v_Health_Medical_Records,1040044,SQL_Injection,1,1,1,1,0
APP_NLIU_1574,Multi_Category_SPDI,250620,None,0,1,1,1,0
APP_NLIU_1575,Rule_3_ii_Financial_Data,535929,SQL_Injection,1,1,1,1,1
APP_NLIU_1576,Rule_3_i_Passwords,1480501,None,0,0,1,0,0
APP_NLIU_1577,Rule_3_i_Passwords,1164695,None,0,1,1,1,0
APP_NLIU_1578,Rule_3_iii_v_Health_Medical_Records,437525,CSRF,1,0,1,1,0
APP_NLIU_1579,Rule_3_iii_v_Health_Medical_Records,1331344,CSRF,1,1,1,1,1
APP_NLIU_1580,Rule_3_iii_v_Health_Medical_Records,1063542,XSS,0,1,1,1,1
APP_NLIU_1581,Rule_3_ii_Financial_Data,225422,None,1,0,1,1,0
APP_NLIU_1582,Rule_3_ii_Financial_Data,1218837,None,0,1,0,1,0
APP_NLIU_1583,Rule_3_iii_v_Health_Medical_Records,1124877,None,1,1,1,0,0
APP_NLIU_1584,Rule_3_ii_Financial_Data,644411,SQL_Injection,1,1,0,1,0
APP_NLIU_1585,Multi_Category_SPDI,1464015,Exception_Handling_Failure,1,1,1,1,1
APP_NLIU_1586,Rule_3_i_Passwords,500521,XSS,0,1,0,1,0
APP_NLIU_1587,Rule_3_iii_v_Health_Medical_Records,1393903,XSS,1,1,1,1,1
APP_NLIU_1588,Rule_3_ii_Financial_Data,763912,SQL_Injection,1,1,1,1,1
APP_NLIU_1589,Rule_3_ii_Financial_Data,1058535,SSRF,1,1,0,1,1
APP_NLIU_1590,Rule_3_iii_v_Health_Medical_Records,1998337,None,1,1,1,1,0
APP_NLIU_1591,Rule_3_iii_v_Health_Medical_Records,1020024,XSS,1,0,0,1,1
APP_NLIU_1592,Multi_Category_SPDI,317946,CSRF,1,1,1,1,1
APP_NLIU_1593,Rule_3_i_Passwords,1010252,CSRF,1,1,1,1,0
APP_NLIU_1594,Rule_3_i_Passwords,1701989,None,1,1,1,1,1
APP_NLIU_1595,Rule_3_iii_v_Health_Medical_Records,1439515,None,1,0,1,1,1
APP_NLIU_1596,Rule_3_iii_v_Health_Medical_Records,32215,CSRF,1,1,1,1,0
APP_NLIU_1597,Rule_3_ii_Financial_Data,60046,SQL_Injection,1,0,1,1,1
APP_NLIU_1598,Rule_3_i_Passwords,1043470,CSRF,1,1,1,1,0
APP_NLIU_1599,Rule_3_i_Passwords,1811129,None,1,1,1,0,0
APP_NLIU_1600,Multi_Category_SPDI,1044089,XSS,0,1,1,1,1
APP_NLIU_1601,Rule_3_i_Passwords,1410313,XSS,1,1,0,1,1
APP_NLIU_1602,Rule_3_ii_Financial_Data,432310,XSS,1,1,0,1,1
APP_NLIU_1603,Rule_3_ii_Financial_Data,1747605,CSRF,0,1,0,1,0
APP_NLIU_1604,Rule_3_ii_Financial_Data,172198,None,0,0,1,1,1
APP_NLIU_1605,Rule_3_i_Passwords,346180,XSS,1,1,1,1,1
APP_NLIU_1606,Rule_3_iii_v_Health_Medical_Records,1949872,SQL_Injection,1,1,0,0,1
APP_NLIU_1607,Rule_3_i_Passwords,1698197,SQL_Injection,0,1,1,1,1
APP_NLIU_1608,Rule_3_vi_Biometric_Information,1594636,XSS,1,1,1,0,1
APP_NLIU_1609,Rule_3_ii_Financial_Data,581231,None,1,1,0,0,0
APP_NLIU_1610,Rule_3_iii_v_Health_Medical_Records,336012,CSRF,1,1,1,1,0
APP_NLIU_1611,Multi_Category_SPDI,1365575,None,0,0,1,1,0
APP_NLIU_1612,Rule_3_iii_v_Health_Medical_Records,682578,None,1,1,1,1,1
APP_NLIU_1613,Rule_3_iii_v_Health_Medical_Records,630412,SSRF,1,0,1,1,0
APP_NLIU_1614,Rule_3_ii_Financial_Data,1003512,SQL_Injection,0,1,1,1,1
APP_NLIU_1615,Rule_3_ii_Financial_Data,1372925,SQL_Injection,0,1,1,1,0
APP_NLIU_1616,Rule_3_iii_v_Health_Medical_Records,665319,None,1,1,1,1,1
APP_NLIU_1617,Multi_Category_SPDI,219051,SSRF,1,1,1,0,0
APP_NLIU_1618,Rule_3_iii_v_Health_Medical_Records,443350,CSRF,0,1,1,1,0
APP_NLIU_1619,Rule_3_iii_v_Health_Medical_Records,555162,XSS,1,1,0,0,0
APP_NLIU_1620,Rule_3_iii_v_Health_Medical_Records,660295,None,1,1,1,1,0
APP_NLIU_1621,Rule_3_ii_Financial_Data,530589,SQL_Injection,1,1,0,1,1
APP_NLIU_1622,Rule_3_i_Passwords,1373737,XSS,1,0,1,1,1
APP_NLIU_1623,Rule_3_iii_v_Health_Medical_Records,1621183,XSS,1,0,1,1,1
APP_NLIU_1624,Multi_Category_SPDI,749976,XSS,1,1,1,0,1
APP_NLIU_1625,Rule_3_i_Passwords,1270867,None,0,1,0,1,0
APP_NLIU_1626,Rule_3_iii_v_Health_Medical_Records,1017696,SSRF,0,1,1,1,1
APP_NLIU_1627,Rule_3_ii_Financial_Data,289599,None,1,1,1,1,1
APP_NLIU_1628,Rule_3_iii_v_Health_Medical_Records,664472,Exception_Handling_Failure,0,0,1,1,1
APP_NLIU_1629,Rule_3_i_Passwords,1372753,XSS,1,1,1,1,0
APP_NLIU_1630,Rule_3_ii_Financial_Data,1557859,Exception_Handling_Failure,0,1,1,1,0
APP_NLIU_1631,Rule_3_vi_Biometric_Information,1556870,XSS,0,1,0,1,1
APP_NLIU_1632,Rule_3_ii_Financial_Data,1243008,SQL_Injection,1,1,1,0,0
APP_NLIU_1633,Rule_3_iii_v_Health_Medical_Records,480634,Exception_Handling_Failure,1,1,1,1,0
APP_NLIU_1634,Rule_3_vi_Biometric_Information,374068,XSS,1,1,1,1,0
APP_NLIU_1635,Multi_Category_SPDI,1086311,Exception_Handling_Failure,0,0,0,1,1
APP_NLIU_1636,Rule_3_ii_Financial_Data,864213,CSRF,0,1,1,1,0
APP_NLIU_1637,Rule_3_ii_Financial_Data,1294783,None,1,0,1,1,1
APP_NLIU_1638,Rule_3_i_Passwords,1966039,XSS,1,0,1,1,1
APP_NLIU_1639,Multi_Category_SPDI,133305,SQL_Injection,1,0,1,1,0
APP_NLIU_1640,Multi_Category_SPDI,1776577,XSS,0,0,1,0,1
APP_NLIU_1641,Rule_3_iii_v_Health_Medical_Records,1685913,None,1,1,0,1,1
APP_NLIU_1642,Rule_3_vi_Biometric_Information,419927,None,1,0,1,1,0
APP_NLIU_1643,Rule_3_iii_v_Health_Medical_Records,1321350,XSS,1,0,0,1,0
APP_NLIU_1644,Rule_3_iii_v_Health_Medical_Records,1119064,None,1,1,0,1,0
APP_NLIU_1645,Rule_3_i_Passwords,139278,CSRF,1,1,1,1,1
APP_NLIU_1646,Rule_3_vi_Biometric_Information,527059,XSS,1,1,1,1,0
APP_NLIU_1647,Rule_3_i_Passwords,847721,None,1,1,1,1,1
APP_NLIU_1648,Rule_3_vi_Biometric_Information,286097,None,1,1,1,1,1
APP_NLIU_1649,Rule_3_vi_Biometric_Information,1416652,Exception_Handling_Failure,0,1,1,1,1
APP_NLIU_1650,Rule_3_iii_v_Health_Medical_Records,1719004,None,0,0,1,1,0
APP_NLIU_1651,Rule_3_i_Passwords,263946,SQL_Injection,1,1,0,1,0
APP_NLIU_1652,Rule_3_ii_Financial_Data,83930,None,0,0,1,0,0
APP_NLIU_1653,Rule_3_ii_Financial_Data,191988,CSRF,0,0,0,1,0
APP_NLIU_1654,Rule_3_ii_Financial_Data,1316787,SSRF,1,1,1,0,1
APP_NLIU_1655,Rule_3_i_Passwords,1366378,SSRF,1,1,1,1,1
APP_NLIU_1656,Multi_Category_SPDI,581453,XSS,1,1,0,1,1
APP_NLIU_1657,Rule_3_iii_v_Health_Medical_Records,347925,CSRF,1,1,0,1,0
APP_NLIU_1658,Rule_3_ii_Financial_Data,145931,CSRF,1,1,1,0,0
APP_NLIU_1659,Rule_3_ii_Financial_Data,1607028,SQL_Injection,1,1,1,1,1
APP_NLIU_1660,Rule_3_ii_Financial_Data,109946,CSRF,1,0,1,1,1
APP_NLIU_1661,Rule_3_iii_v_Health_Medical_Records,1265561,XSS,0,1,1,0,0
APP_NLIU_1662,Rule_3_iii_v_Health_Medical_Records,919012,XSS,0,1,1,1,1
APP_NLIU_1663,Multi_Category_SPDI,762730,CSRF,1,0,1,1,0
APP_NLIU_1664,Rule_3_ii_Financial_Data,366395,None,0,1,1,1,0
APP_NLIU_1665,Multi_Category_SPDI,1598637,None,0,1,0,1,1
APP_NLIU_1666,Multi_Category_SPDI,455511,None,0,0,1,1,1
APP_NLIU_1667,Rule_3_ii_Financial_Data,563227,CSRF,1,1,1,0,0
APP_NLIU_1668,Multi_Category_SPDI,928618,None,1,1,1,0,1
APP_NLIU_1669,Rule_3_i_Passwords,889907,SSRF,1,0,1,0,1
APP_NLIU_1670,Rule_3_vi_Biometric_Information,256442,SQL_Injection,0,1,1,1,1
APP_NLIU_1671,Rule_3_ii_Financial_Data,1328538,CSRF,1,1,0,1,1
APP_NLIU_1672,Multi_Category_SPDI,1325055,None,0,1,1,1,0
APP_NLIU_1673,Multi_Category_SPDI,1555147,SSRF,1,0,0,1,0
APP_NLIU_1674,Rule_3_vi_Biometric_Information,322152,SQL_Injection,1,1,0,1,1
APP_NLIU_1675,Rule_3_vi_Biometric_Information,1649609,SQL_Injection,1,1,1,1,1
APP_NLIU_1676,Rule_3_ii_Financial_Data,703508,None,1,1,1,1,0
APP_NLIU_1677,Rule_3_i_Passwords,1310021,Exception_Handling_Failure,1,1,1,1,1
APP_NLIU_1678,Rule_3_ii_Financial_Data,270721,CSRF,1,1,1,1,1
APP_NLIU_1679,Rule_3_i_Passwords,78916,XSS,1,0,1,1,1
APP_NLIU_1680,Rule_3_iii_v_Health_Medical_Records,1713012,XSS,1,0,1,1,1
APP_NLIU_1681,Rule_3_ii_Financial_Data,431141,Exception_Handling_Failure,1,1,1,0,1
APP_NLIU_1682,Multi_Category_SPDI,1028585,SSRF,1,1,1,0,0
APP_NLIU_1683,Rule_3_iii_v_Health_Medical_Records,64314,None,1,1,1,1,1
APP_NLIU_1684,Rule_3_vi_Biometric_Information,1881213,CSRF,1,1,1,1,0
APP_NLIU_1685,Rule_3_i_Passwords,409311,Exception_Handling_Failure,0,1,1,1,1
APP_NLIU_1686,Multi_Category_SPDI,1691447,SQL_Injection,1,0,1,1,1
APP_NLIU_1687,Multi_Category_SPDI,614003,CSRF,1,1,1,0,0
APP_NLIU_1688,Rule_3_ii_Financial_Data,241576,CSRF,1,0,1,1,0
APP_NLIU_1689,Rule_3_iii_v_Health_Medical_Records,61680,XSS,0,0,1,1,0
APP_NLIU_1690,Rule_3_vi_Biometric_Information,1081976,SQL_Injection,1,1,1,1,1
APP_NLIU_1691,Rule_3_i_Passwords,511367,None,1,1,1,1,0
APP_NLIU_1692,Rule_3_iii_v_Health_Medical_Records,636633,SSRF,1,0,1,1,0
APP_NLIU_1693,Rule_3_ii_Financial_Data,1776282,Exception_Handling_Failure,1,1,1,1,1
APP_NLIU_1694,Rule_3_i_Passwords,1140686,None,1,0,0,1,0
APP_NLIU_1695,Rule_3_ii_Financial_Data,1697984,XSS,1,1,0,1,0
APP_NLIU_1696,Rule_3_i_Passwords,295706,None,0,0,0,1,1
APP_NLIU_1697,Rule_3_i_Passwords,963167,Exception_Handling_Failure,1,1,1,1,1
APP_NLIU_1698,Rule_3_i_Passwords,23510,CSRF,0,1,0,0,0
APP_NLIU_1699,Multi_Category_SPDI,1639472,None,1,1,0,0,1
APP_NLIU_1700,Rule_3_iii_v_Health_Medical_Records,470705,CSRF,1,0,1,1,1
APP_NLIU_1701,Multi_Category_SPDI,1367902,XSS,1,0,1,1,1
APP_NLIU_1702,Rule_3_ii_Financial_Data,764987,None,1,1,1,1,1
APP_NLIU_1703,Rule_3_ii_Financial_Data,556171,CSRF,1,1,1,1,1
APP_NLIU_1704,Rule_3_iii_v_Health_Medical_Records,1550701,CSRF,1,0,1,1,1
APP_NLIU_1705,Rule_3_ii_Financial_Data,731787,XSS,1,1,1,1,0
APP_NLIU_1706,Rule_3_i_Passwords,696204,None,1,1,0,1,1
APP_NLIU_1707,Rule_3_iii_v_Health_Medical_Records,941232,None,1,1,1,1,0
APP_NLIU_1708,Rule_3_ii_Financial_Data,759283,XSS,0,0,0,1,1
APP_NLIU_1709,Rule_3_iii_v_Health_Medical_Records,540382,Exception_Handling_Failure,1,1,1,1,1
APP_NLIU_1710,Rule_3_iii_v_Health_Medical_Records,1973487,None,1,1,0,1,0
APP_NLIU_1711,Rule_3_i_Passwords,977916,SQL_Injection,0,0,1,1,0
APP_NLIU_1712,Rule_3_i_Passwords,1590508,SSRF,1,1,0,1,0
APP_NLIU_1713,Rule_3_vi_Biometric_Information,1285956,None,1,1,0,1,0
APP_NLIU_1714,Rule_3_ii_Financial_Data,90834,None,1,1,1,1,1
APP_NLIU_1715,Rule_3_i_Passwords,1424702,None,1,1,0,1,1
APP_NLIU_1716,Multi_Category_SPDI,1507538,XSS,1,0,1,1,1
APP_NLIU_1717,Rule_3_i_Passwords,57748,SQL_Injection,1,1,1,1,1
APP_NLIU_1718,Rule_3_iii_v_Health_Medical_Records,1899029,XSS,1,0,1,1,0
APP_NLIU_1719,Multi_Category_SPDI,1116227,SSRF,1,0,1,0,1
APP_NLIU_1720,Rule_3_ii_Financial_Data,1352527,CSRF,1,1,1,1,1
APP_NLIU_1721,Rule_3_i_Passwords,33669,None,1,1,1,1,1
APP_NLIU_1722,Rule_3_i_Passwords,690521,SQL_Injection,1,1,1,1,0
APP_NLIU_1723,Rule_3_ii_Financial_Data,1454074,None,0,0,0,1,0
APP_NLIU_1724,Rule_3_i_Passwords,293683,XSS,0,1,1,1,0
APP_NLIU_1725,Rule_3_iii_v_Health_Medical_Records,1974387,XSS,1,0,0,0,1
APP_NLIU_1726,Rule_3_i_Passwords,1857753,SQL_Injection,0,0,1,1,0
APP_NLIU_1727,Rule_3_iii_v_Health_Medical_Records,699793,CSRF,1,1,1,0,1
APP_NLIU_1728,Multi_Category_SPDI,238670,SQL_Injection,1,1,1,1,1
APP_NLIU_1729,Rule_3_vi_Biometric_Information,1874563,None,0,0,1,1,1
APP_NLIU_1730,Rule_3_iii_v_Health_Medical_Records,1447865,None,0,0,1,1,0
APP_NLIU_1731,Rule_3_ii_Financial_Data,1872691,XSS,1,0,1,1,1
APP_NLIU_1732,Rule_3_iii_v_Health_Medical_Records,30741,SSRF,1,1,1,1,1
APP_NLIU_1733,Rule_3_iii_v_Health_Medical_Records,1206934,None,1,1,1,1,0
APP_NLIU_1734,Rule_3_ii_Financial_Data,8599,CSRF,1,0,1,1,1
APP_NLIU_1735,Rule_3_i_Passwords,1182089,SSRF,0,1,0,0,1
APP_NLIU_1736,Multi_Category_SPDI,818725,XSS,0,0,1,1,0
APP_NLIU_1737,Rule_3_ii_Financial_Data,1331109,None,1,0,1,1,1
APP_NLIU_1738,Rule_3_i_Passwords,507865,SQL_Injection,1,1,0,1,0
APP_NLIU_1739,Rule_3_ii_Financial_Data,1328038,SSRF,1,1,1,0,0
APP_NLIU_1740,Rule_3_ii_Financial_Data,270199,None,1,0,1,0,1
APP_NLIU_1741,Rule_3_vi_Biometric_Information,650452,SSRF,1,0,1,1,0
APP_NLIU_1742,Rule_3_iii_v_Health_Medical_Records,1660443,SQL_Injection,0,0,1,1,0
APP_NLIU_1743,Rule_3_vi_Biometric_Information,1715256,XSS,0,1,1,1,0
APP_NLIU_1744,Rule_3_i_Passwords,1158393,None,1,0,1,0,0
APP_NLIU_1745,Rule_3_ii_Financial_Data,9642,XSS,0,1,1,0,0
APP_NLIU_1746,Rule_3_ii_Financial_Data,1539486,None,0,1,1,1,1
APP_NLIU_1747,Rule_3_i_Passwords,1587185,Exception_Handling_Failure,1,0,1,1,0
APP_NLIU_1748,Rule_3_ii_Financial_Data,1395688,SQL_Injection,1,1,1,1,0
APP_NLIU_1749,Rule_3_vi_Biometric_Information,1797229,None,1,0,1,0,0
APP_NLIU_1750,Rule_3_i_Passwords,457834,XSS,0,1,0,1,0
APP_NLIU_1751,Rule_3_iii_v_Health_Medical_Records,1680634,CSRF,1,1,1,1,0
APP_NLIU_1752,Rule_3_ii_Financial_Data,526315,XSS,1,1,1,1,1
APP_NLIU_1753,Rule_3_i_Passwords,1472836,CSRF,0,0,1,0,1
APP_NLIU_1754,Rule_3_ii_Financial_Data,1206619,SQL_Injection,0,1,1,1,1
APP_NLIU_1755,Multi_Category_SPDI,1833918,SQL_Injection,1,0,0,1,0
APP_NLIU_1756,Rule_3_vi_Biometric_Information,1425482,XSS,1,1,1,1,1
APP_NLIU_1757,Multi_Category_SPDI,1692047,None,1,1,1,1,1
APP_NLIU_1758,Rule_3_ii_Financial_Data,646447,XSS,0,1,0,1,1
APP_NLIU_1759,Rule_3_i_Passwords,1051842,None,1,1,1,1,0
APP_NLIU_1760,Rule_3_iii_v_Health_Medical_Records,1865735,CSRF,1,1,0,1,0
APP_NLIU_1761,Rule_3_ii_Financial_Data,1993639,CSRF,1,1,1,1,1
APP_NLIU_1762,Rule_3_vi_Biometric_Information,78820,SSRF,1,1,1,1,1
APP_NLIU_1763,Rule_3_i_Passwords,638350,SSRF,0,1,1,1,1
APP_NLIU_1764,Rule_3_ii_Financial_Data,1792137,CSRF,1,1,0,1,0
APP_NLIU_1765,Rule_3_i_Passwords,556764,None,0,1,0,1,0
APP_NLIU_1766,Rule_3_ii_Financial_Data,527117,None,0,0,1,1,1
APP_NLIU_1767,Rule_3_iii_v_Health_Medical_Records,1509475,None,1,0,1,0,1
APP_NLIU_1768,Rule_3_ii_Financial_Data,1719927,SSRF,1,1,1,1,1
APP_NLIU_1769,Rule_3_ii_Financial_Data,1794033,None,0,1,1,1,0
APP_NLIU_1770,Rule_3_ii_Financial_Data,1173931,CSRF,1,1,1,1,1
APP_NLIU_1771,Rule_3_ii_Financial_Data,1123623,SQL_Injection,0,0,0,1,0
APP_NLIU_1772,Rule_3_vi_Biometric_Information,146868,None,1,1,0,1,0
APP_NLIU_1773,Multi_Category_SPDI,1057457,Exception_Handling_Failure,1,0,1,0,1
APP_NLIU_1774,Multi_Category_SPDI,544956,SSRF,0,1,1,1,1
APP_NLIU_1775,Rule_3_vi_Biometric_Information,236789,XSS,0,1,1,1,0
APP_NLIU_1776,Rule_3_ii_Financial_Data,170384,CSRF,1,0,1,1,1
APP_NLIU_1777,Rule_3_iii_v_Health_Medical_Records,33106,None,0,1,0,1,1
APP_NLIU_1778,Rule_3_ii_Financial_Data,753118,XSS,0,1,1,0,1
APP_NLIU_1779,Rule_3_ii_Financial_Data,807161,None,1,1,1,1,0
APP_NLIU_1780,Rule_3_vi_Biometric_Information,658642,SQL_Injection,1,0,1,1,0
APP_NLIU_1781,Rule_3_i_Passwords,599608,CSRF,1,0,1,1,1
APP_NLIU_1782,Multi_Category_SPDI,1894921,XSS,0,0,1,1,1
APP_NLIU_1783,Rule_3_ii_Financial_Data,326546,XSS,1,0,0,1,1
APP_NLIU_1784,Rule_3_iii_v_Health_Medical_Records,126649,CSRF,1,0,1,1,0
APP_NLIU_1785,Rule_3_iii_v_Health_Medical_Records,371074,None,0,0,0,1,1
APP_NLIU_1786,Multi_Category_SPDI,1746218,None,1,1,1,1,1
APP_NLIU_1787,Rule_3_iii_v_Health_Medical_Records,497665,None,0,1,0,1,1
APP_NLIU_1788,Rule_3_iii_v_Health_Medical_Records,1521430,None,1,1,0,1,1
APP_NLIU_1789,Rule_3_i_Passwords,1032306,None,1,1,0,0,1
APP_NLIU_1790,Rule_3_iii_v_Health_Medical_Records,698578,XSS,1,1,0,1,0
APP_NLIU_1791,Rule_3_i_Passwords,1989030,None,0,1,1,1,1
APP_NLIU_1792,Rule_3_iii_v_Health_Medical_Records,589027,CSRF,0,0,1,0,1
APP_NLIU_1793,Rule_3_iii_v_Health_Medical_Records,1302341,CSRF,1,0,1,1,1
APP_NLIU_1794,Rule_3_iii_v_Health_Medical_Records,271651,CSRF,1,1,1,1,1
APP_NLIU_1795,Rule_3_i_Passwords,182375,XSS,0,1,0,0,0
APP_NLIU_1796,Rule_3_i_Passwords,1156128,CSRF,0,1,1,1,1
APP_NLIU_1797,Rule_3_iii_v_Health_Medical_Records,608347,None,0,1,0,0,1
APP_NLIU_1798,Rule_3_i_Passwords,1209315,CSRF,1,0,0,1,0
APP_NLIU_1799,Rule_3_i_Passwords,1712928,SQL_Injection,0,1,0,1,1
APP_NLIU_1800,Rule_3_i_Passwords,1815762,XSS,1,1,1,1,1
APP_NLIU_1801,Multi_Category_SPDI,135514,SQL_Injection,0,1,0,1,0
APP_NLIU_1802,Rule_3_iii_v_Health_Medical_Records,1520355,SQL_Injection,1,1,1,0,0
APP_NLIU_1803,Rule_3_ii_Financial_Data,1927688,SSRF,0,1,1,1,0
APP_NLIU_1804,Rule_3_ii_Financial_Data,1079106,XSS,1,0,1,0,0
APP_NLIU_1805,Rule_3_ii_Financial_Data,246348,XSS,0,0,1,1,0
APP_NLIU_1806,Rule_3_vi_Biometric_Information,1068881,None,0,1,1,1,1
APP_NLIU_1807,Rule_3_iii_v_Health_Medical_Records,114097,None,1,1,1,1,0
APP_NLIU_1808,Rule_3_i_Passwords,1831669,XSS,1,0,0,1,1
APP_NLIU_1809,Rule_3_i_Passwords,1796203,CSRF,1,0,1,0,0
APP_NLIU_1810,Rule_3_i_Passwords,1533001,CSRF,1,1,1,1,1
APP_NLIU_1811,Rule_3_iii_v_Health_Medical_Records,497049,None,1,1,1,0,0
APP_NLIU_1812,Rule_3_vi_Biometric_Information,1105620,SQL_Injection,0,1,1,1,1
APP_NLIU_1813,Rule_3_ii_Financial_Data,1013882,SQL_Injection,1,1,1,0,0
APP_NLIU_1814,Rule_3_i_Passwords,135436,None,1,1,1,1,0
APP_NLIU_1815,Rule_3_i_Passwords,94363,XSS,0,0,0,1,0
APP_NLIU_1816,Multi_Category_SPDI,325961,SQL_Injection,1,0,1,1,1
APP_NLIU_1817,Rule_3_ii_Financial_Data,1680902,SSRF,1,1,1,1,0
APP_NLIU_1818,Rule_3_vi_Biometric_Information,1624530,None,1,1,1,1,1
APP_NLIU_1819,Rule_3_iii_v_Health_Medical_Records,1472965,None,0,1,0,0,0
APP_NLIU_1820,Rule_3_ii_Financial_Data,1858917,None,0,1,1,1,0
APP_NLIU_1821,Rule_3_ii_Financial_Data,1510759,XSS,1,1,1,0,0
APP_NLIU_1822,Rule_3_i_Passwords,953511,XSS,1,1,1,1,1
APP_NLIU_1823,Rule_3_iii_v_Health_Medical_Records,411201,None,0,0,1,1,0
APP_NLIU_1824,Rule_3_vi_Biometric_Information,1040953,None,1,1,1,1,0
APP_NLIU_1825,Rule_3_iii_v_Health_Medical_Records,1076101,SSRF,1,1,1,1,1
APP_NLIU_1826,Rule_3_iii_v_Health_Medical_Records,1165869,None,1,1,1,0,0
APP_NLIU_1827,Rule_3_i_Passwords,1154622,SSRF,1,1,1,1,1
APP_NLIU_1828,Multi_Category_SPDI,42403,SSRF,1,1,1,1,0
APP_NLIU_1829,Rule_3_vi_Biometric_Information,1221841,Exception_Handling_Failure,0,0,1,1,1
APP_NLIU_1830,Rule_3_ii_Financial_Data,1553757,XSS,1,1,0,1,1
APP_NLIU_1831,Multi_Category_SPDI,402046,None,1,1,1,1,0
APP_NLIU_1832,Rule_3_iii_v_Health_Medical_Records,978648,SQL_Injection,0,1,1,1,0
APP_NLIU_1833,Rule_3_iii_v_Health_Medical_Records,1185181,XSS,1,1,1,0,1
APP_NLIU_1834,Rule_3_iii_v_Health_Medical_Records,1821490,None,1,1,1,1,1
APP_NLIU_1835,Rule_3_vi_Biometric_Information,157018,None,1,1,1,1,1
APP_NLIU_1836,Rule_3_iii_v_Health_Medical_Records,290648,SSRF,1,1,1,1,1
APP_NLIU_1837,Rule_3_i_Passwords,1688415,CSRF,1,1,1,0,0
APP_NLIU_1838,Rule_3_ii_Financial_Data,1371435,Exception_Handling_Failure,1,0,0,1,1
APP_NLIU_1839,Multi_Category_SPDI,1737191,SSRF,0,1,1,1,1
APP_NLIU_1840,Rule_3_ii_Financial_Data,978945,None,1,1,1,1,1
APP_NLIU_1841,Rule_3_ii_Financial_Data,1614719,None,1,1,1,1,1
APP_NLIU_1842,Rule_3_ii_Financial_Data,1095297,SSRF,0,1,1,1,1
APP_NLIU_1843,Rule_3_ii_Financial_Data,116597,SQL_Injection,1,0,1,1,1
APP_NLIU_1844,Rule_3_iii_v_Health_Medical_Records,177922,SQL_Injection,1,1,1,1,1
APP_NLIU_1845,Multi_Category_SPDI,1416379,None,1,1,1,1,0
APP_NLIU_1846,Rule_3_ii_Financial_Data,301867,SSRF,0,1,0,1,0
APP_NLIU_1847,Rule_3_i_Passwords,1744675,XSS,1,1,0,1,0
APP_NLIU_1848,Rule_3_i_Passwords,789717,XSS,0,1,1,1,1
APP_NLIU_1849,Multi_Category_SPDI,1583403,XSS,1,1,1,1,1
APP_NLIU_1850,Rule_3_iii_v_Health_Medical_Records,995533,SQL_Injection,1,0,1,0,0
APP_NLIU_1851,Rule_3_ii_Financial_Data,1694224,SSRF,1,1,1,0,0
APP_NLIU_1852,Rule_3_vi_Biometric_Information,368284,None,1,1,1,1,0
APP_NLIU_1853,Multi_Category_SPDI,1205959,None,0,1,1,1,0
APP_NLIU_1854,Rule_3_vi_Biometric_Information,1812179,None,1,0,1,0,1
APP_NLIU_1855,Multi_Category_SPDI,1909188,SQL_Injection,1,0,0,1,1
APP_NLIU_1856,Rule_3_ii_Financial_Data,1432705,CSRF,1,0,1,0,1
APP_NLIU_1857,Rule_3_vi_Biometric_Information,353125,Exception_Handling_Failure,1,1,1,1,0
APP_NLIU_1858,Rule_3_ii_Financial_Data,1875942,CSRF,0,0,1,1,1
APP_NLIU_1859,Rule_3_vi_Biometric_Information,1980591,None,0,1,1,1,1
APP_NLIU_1860,Rule_3_iii_v_Health_Medical_Records,1446975,Exception_Handling_Failure,0,1,1,0,1
APP_NLIU_1861,Rule_3_vi_Biometric_Information,800907,SQL_Injection,1,1,1,1,1
APP_NLIU_1862,Rule_3_iii_v_Health_Medical_Records,1531558,None,0,1,1,1,1
APP_NLIU_1863,Rule_3_i_Passwords,199202,None,0,1,0,1,1
APP_NLIU_1864,Rule_3_iii_v_Health_Medical_Records,326721,SQL_Injection,1,1,1,1,0
APP_NLIU_1865,Multi_Category_SPDI,1835904,XSS,0,0,0,1,1
APP_NLIU_1866,Multi_Category_SPDI,1341728,CSRF,1,1,1,0,0
APP_NLIU_1867,Rule_3_i_Passwords,737228,CSRF,1,1,1,1,0
APP_NLIU_1868,Rule_3_i_Passwords,446157,SSRF,1,0,1,1,0
APP_NLIU_1869,Rule_3_i_Passwords,1620620,XSS,1,1,0,1,0
APP_NLIU_1870,Rule_3_iii_v_Health_Medical_Records,1779194,None,1,1,1,1,1
APP_NLIU_1871,Rule_3_vi_Biometric_Information,1658594,XSS,0,1,1,1,0
APP_NLIU_1872,Rule_3_ii_Financial_Data,426128,SQL_Injection,0,1,0,1,1
APP_NLIU_1873,Rule_3_iii_v_Health_Medical_Records,611990,Exception_Handling_Failure,0,1,1,1,0
APP_NLIU_1874,Rule_3_vi_Biometric_Information,1235307,CSRF,0,1,1,0,1
APP_NLIU_1875,Rule_3_iii_v_Health_Medical_Records,838272,None,1,1,1,1,1
APP_NLIU_1876,Rule_3_iii_v_Health_Medical_Records,1266160,XSS,1,1,1,0,0
APP_NLIU_1877,Rule_3_iii_v_Health_Medical_Records,1050254,SSRF,1,1,1,0,1
APP_NLIU_1878,Rule_3_iii_v_Health_Medical_Records,305767,SSRF,0,1,0,0,1
APP_NLIU_1879,Rule_3_ii_Financial_Data,854735,None,1,1,1,1,1
APP_NLIU_1880,Rule_3_iii_v_Health_Medical_Records,1886070,CSRF,0,0,1,1,1
APP_NLIU_1881,Rule_3_iii_v_Health_Medical_Records,61690,None,1,1,1,1,1
APP_NLIU_1882,Multi_Category_SPDI,1786518,SSRF,0,1,1,1,0
APP_NLIU_1883,Rule_3_iii_v_Health_Medical_Records,1152556,CSRF,0,0,1,1,1
APP_NLIU_1884,Rule_3_vi_Biometric_Information,1470426,XSS,1,0,1,0,1
APP_NLIU_1885,Rule_3_i_Passwords,522926,None,1,0,1,1,0
APP_NLIU_1886,Rule_3_ii_Financial_Data,520717,None,0,1,1,1,1
APP_NLIU_1887,Rule_3_i_Passwords,926594,SSRF,0,1,1,1,1
APP_NLIU_1888,Rule_3_ii_Financial_Data,1360986,CSRF,1,0,1,1,0
APP_NLIU_1889,Rule_3_iii_v_Health_Medical_Records,166080,SQL_Injection,1,1,1,1,1
APP_NLIU_1890,Multi_Category_SPDI,879075,XSS,0,1,1,1,1
APP_NLIU_1891,Rule_3_i_Passwords,587992,XSS,1,0,0,0,0
APP_NLIU_1892,Rule_3_ii_Financial_Data,1820017,None,0,0,1,1,1
APP_NLIU_1893,Rule_3_vi_Biometric_Information,461082,None,1,1,1,0,1
APP_NLIU_1894,Rule_3_ii_Financial_Data,1433094,CSRF,1,0,0,1,0
APP_NLIU_1895,Rule_3_iii_v_Health_Medical_Records,799814,XSS,1,0,1,1,1
APP_NLIU_1896,Rule_3_iii_v_Health_Medical_Records,445990,None,1,1,1,1,1
APP_NLIU_1897,Rule_3_iii_v_Health_Medical_Records,1521362,None,1,1,1,1,1
APP_NLIU_1898,Rule_3_i_Passwords,1782998,SQL_Injection,1,1,1,0,0
APP_NLIU_1899,Rule_3_ii_Financial_Data,1929617,CSRF,1,1,0,1,1
APP_NLIU_1900,Rule_3_vi_Biometric_Information,1624562,XSS,1,1,1,1,1
APP_NLIU_1901,Rule_3_iii_v_Health_Medical_Records,268254,SSRF,1,0,1,0,1
APP_NLIU_1902,Rule_3_i_Passwords,1955274,SSRF,0,0,1,1,1
APP_NLIU_1903,Rule_3_vi_Biometric_Information,480197,SQL_Injection,1,1,1,1,0
APP_NLIU_1904,Rule_3_i_Passwords,1185034,Exception_Handling_Failure,1,1,1,1,0
APP_NLIU_1905,Rule_3_iii_v_Health_Medical_Records,220192,CSRF,1,1,1,1,0
APP_NLIU_1906,Rule_3_ii_Financial_Data,1295858,SQL_Injection,1,0,1,1,1
APP_NLIU_1907,Multi_Category_SPDI,1887809,SSRF,0,0,1,1,1
APP_NLIU_1908,Rule_3_ii_Financial_Data,1954020,None,1,0,1,1,1
APP_NLIU_1909,Rule_3_ii_Financial_Data,887517,None,0,1,0,1,1
APP_NLIU_1910,Rule_3_i_Passwords,1256505,XSS,1,0,1,1,0
APP_NLIU_1911,Rule_3_ii_Financial_Data,1012480,XSS,1,1,1,1,0
APP_NLIU_1912,Multi_Category_SPDI,1085142,None,0,1,1,1,0
APP_NLIU_1913,Multi_Category_SPDI,1294876,SSRF,1,0,1,1,1
APP_NLIU_1914,Rule_3_ii_Financial_Data,1077374,SSRF,1,0,1,1,1
APP_NLIU_1915,Rule_3_ii_Financial_Data,1460357,CSRF,0,1,1,1,1
APP_NLIU_1916,Rule_3_iii_v_Health_Medical_Records,28027,SSRF,1,0,1,1,1
APP_NLIU_1917,Multi_Category_SPDI,505252,CSRF,1,0,1,1,1
APP_NLIU_1918,Rule_3_iii_v_Health_Medical_Records,495847,None,1,0,1,1,0
APP_NLIU_1919,Rule_3_ii_Financial_Data,1845639,Exception_Handling_Failure,0,1,1,1,1
APP_NLIU_1920,Rule_3_ii_Financial_Data,1798801,XSS,1,1,1,1,0
APP_NLIU_1921,Rule_3_iii_v_Health_Medical_Records,1293204,None,1,0,1,1,0
APP_NLIU_1922,Rule_3_i_Passwords,1634742,SQL_Injection,1,1,0,0,1
APP_NLIU_1923,Rule_3_iii_v_Health_Medical_Records,1623070,SSRF,1,1,1,1,1
APP_NLIU_1924,Rule_3_ii_Financial_Data,632761,XSS,1,1,1,1,0
APP_NLIU_1925,Rule_3_vi_Biometric_Information,981086,Exception_Handling_Failure,1,0,0,1,0
APP_NLIU_1926,Rule_3_i_Passwords,63334,SQL_Injection,1,1,1,1,0
APP_NLIU_1927,Rule_3_iii_v_Health_Medical_Records,1388043,XSS,1,1,1,0,0
APP_NLIU_1928,Rule_3_ii_Financial_Data,582907,Exception_Handling_Failure,0,1,1,1,1
APP_NLIU_1929,Rule_3_iii_v_Health_Medical_Records,1681400,Exception_Handling_Failure,1,1,1,1,1
APP_NLIU_1930,Rule_3_i_Passwords,425091,Exception_Handling_Failure,1,1,1,1,1
APP_NLIU_1931,Rule_3_iii_v_Health_Medical_Records,684874,CSRF,1,1,0,1,0
APP_NLIU_1932,Rule_3_iii_v_Health_Medical_Records,1577180,SQL_Injection,1,1,1,1,0
APP_NLIU_1933,Rule_3_iii_v_Health_Medical_Records,1207228,XSS,1,1,1,1,0
APP_NLIU_1934,Rule_3_iii_v_Health_Medical_Records,264201,SQL_Injection,0,1,1,1,1
APP_NLIU_1935,Rule_3_iii_v_Health_Medical_Records,746187,None,0,0,1,1,1
APP_NLIU_1936,Rule_3_vi_Biometric_Information,1975368,XSS,0,0,0,0,0
APP_NLIU_1937,Rule_3_ii_Financial_Data,536022,CSRF,1,1,1,1,0
APP_NLIU_1938,Rule_3_vi_Biometric_Information,1791936,None,0,1,1,1,0
APP_NLIU_1939,Rule_3_ii_Financial_Data,830440,XSS,1,1,1,0,0
APP_NLIU_1940,Rule_3_i_Passwords,316493,CSRF,1,1,0,1,0
APP_NLIU_1941,Rule_3_i_Passwords,1192462,None,1,0,1,1,1
APP_NLIU_1942,Rule_3_ii_Financial_Data,1489946,None,1,1,0,1,1
APP_NLIU_1943,Rule_3_vi_Biometric_Information,143923,Exception_Handling_Failure,1,0,1,1,0
APP_NLIU_1944,Rule_3_iii_v_Health_Medical_Records,1964486,SQL_Injection,0,1,1,1,0
APP_NLIU_1945,Rule_3_vi_Biometric_Information,137672,XSS,1,1,1,1,0
APP_NLIU_1946,Rule_3_iii_v_Health_Medical_Records,61614,None,0,0,1,1,0
APP_NLIU_1947,Rule_3_ii_Financial_Data,208474,SQL_Injection,0,0,1,1,1
APP_NLIU_1948,Rule_3_i_Passwords,795124,SSRF,0,0,0,1,1
APP_NLIU_1949,Rule_3_ii_Financial_Data,131745,None,0,0,1,1,0
APP_NLIU_1950,Rule_3_ii_Financial_Data,1242675,SQL_Injection,0,1,1,1,1
APP_NLIU_1951,Rule_3_i_Passwords,778131,None,0,0,1,1,1
APP_NLIU_1952,Rule_3_ii_Financial_Data,1860381,XSS,0,0,0,1,0
APP_NLIU_1953,Rule_3_iii_v_Health_Medical_Records,1807572,XSS,1,0,1,1,0
APP_NLIU_1954,Rule_3_iii_v_Health_Medical_Records,1575011,SQL_Injection,1,1,1,0,0
APP_NLIU_1955,Multi_Category_SPDI,1034517,None,1,1,1,1,1
APP_NLIU_1956,Multi_Category_SPDI,461021,CSRF,0,0,1,1,1
APP_NLIU_1957,Rule_3_iii_v_Health_Medical_Records,379557,XSS,1,1,1,1,1
APP_NLIU_1958,Rule_3_ii_Financial_Data,1002887,Exception_Handling_Failure,1,1,1,1,1
APP_NLIU_1959,Rule_3_iii_v_Health_Medical_Records,543795,None,0,1,0,1,1
APP_NLIU_1960,Rule_3_vi_Biometric_Information,1378651,None,1,1,1,1,1
APP_NLIU_1961,Rule_3_i_Passwords,604787,XSS,1,0,1,1,1
APP_NLIU_1962,Rule_3_ii_Financial_Data,1780578,CSRF,1,1,1,1,1
APP_NLIU_1963,Rule_3_vi_Biometric_Information,733229,None,1,1,1,0,0
APP_NLIU_1964,Rule_3_ii_Financial_Data,905794,Exception_Handling_Failure,1,1,1,1,0
APP_NLIU_1965,Rule_3_iii_v_Health_Medical_Records,1937457,CSRF,1,0,1,0,0
APP_NLIU_1966,Rule_3_iii_v_Health_Medical_Records,1412539,SQL_Injection,0,1,1,1,1
APP_NLIU_1967,Rule_3_i_Passwords,1879431,None,0,1,1,1,1
APP_NLIU_1968,Rule_3_ii_Financial_Data,1157188,CSRF,1,0,0,1,0
APP_NLIU_1969,Rule_3_ii_Financial_Data,91120,Exception_Handling_Failure,0,0,1,1,1
APP_NLIU_1970,Rule_3_i_Passwords,908841,XSS,0,1,0,1,0
APP_NLIU_1971,Rule_3_i_Passwords,882350,SSRF,0,1,0,1,1
APP_NLIU_1972,Rule_3_vi_Biometric_Information,595888,Exception_Handling_Failure,1,1,1,1,1
APP_NLIU_1973,Rule_3_ii_Financial_Data,571136,SQL_Injection,0,1,1,1,1
APP_NLIU_1974,Rule_3_iii_v_Health_Medical_Records,1031923,XSS,0,1,1,1,0
APP_NLIU_1975,Rule_3_ii_Financial_Data,536108,XSS,1,0,1,1,1
APP_NLIU_1976,Multi_Category_SPDI,799944,XSS,1,1,0,1,0
APP_NLIU_1977,Rule_3_ii_Financial_Data,1221373,None,0,1,0,1,1
APP_NLIU_1978,Rule_3_ii_Financial_Data,318678,None,1,1,0,1,0
APP_NLIU_1979,Multi_Category_SPDI,1794087,None,1,0,1,1,1
APP_NLIU_1980,Rule_3_vi_Biometric_Information,1440911,SQL_Injection,1,0,0,1,1
APP_NLIU_1981,Rule_3_i_Passwords,1748712,SSRF,0,0,1,1,1
APP_NLIU_1982,Rule_3_vi_Biometric_Information,590233,XSS,1,1,1,1,1
APP_NLIU_1983,Rule_3_ii_Financial_Data,1823284,None,1,1,0,1,0
APP_NLIU_1984,Rule_3_ii_Financial_Data,350564,None,0,0,0,1,0
APP_NLIU_1985,Rule_3_i_Passwords,1232103,None,1,1,1,1,0
APP_NLIU_1986,Rule_3_i_Passwords,1399208,CSRF,0,1,1,1,0
APP_NLIU_1987,Rule_3_iii_v_Health_Medical_Records,518796,XSS,1,1,1,1,1
APP_NLIU_1988,Rule_3_ii_Financial_Data,188505,XSS,0,1,1,1,1
APP_NLIU_1989,Rule_3_ii_Financial_Data,1325431,SSRF,1,0,1,1,1
APP_NLIU_1990,Rule_3_iii_v_Health_Medical_Records,1768198,SQL_Injection,0,0,1,0,0
APP_NLIU_1991,Rule_3_vi_Biometric_Information,1139585,None,1,1,1,1,1
APP_NLIU_1992,Rule_3_i_Passwords,744145,SSRF,1,1,1,1,1
APP_NLIU_1993,Rule_3_iii_v_Health_Medical_Records,538885,SSRF,0,0,1,1,1
APP_NLIU_1994,Rule_3_i_Passwords,1113643,SQL_Injection,1,1,1,1,0
APP_NLIU_1995,Rule_3_vi_Biometric_Information,1796456,None,0,1,1,1,1
APP_NLIU_1996,Rule_3_iii_v_Health_Medical_Records,577310,XSS,0,1,1,1,0
APP_NLIU_1997,Multi_Category_SPDI,518959,Exception_Handling_Failure,1,0,1,1,1
APP_NLIU_1998,Rule_3_i_Passwords,217996,None,0,1,1,1,1
APP_NLIU_1999,Rule_3_i_Passwords,904105,CSRF,1,1,1,1,1
APP_NLIU_2000,Rule_3_ii_Financial_Data,1553055,Exception_Handling_Failure,0,1,1,0,1
APP_NLIU_2001,Rule_3_ii_Financial_Data,1038360,SQL_Injection,0,1,1,1,0
APP_NLIU_2002,Rule_3_ii_Financial_Data,416998,SSRF,1,1,1,1,0
APP_NLIU_2003,Multi_Category_SPDI,581070,None,1,1,1,1,0
APP_NLIU_2004,Rule_3_ii_Financial_Data,470360,None,0,1,0,1,1
APP_NLIU_2005,Rule_3_ii_Financial_Data,1763949,CSRF,1,1,0,1,0
APP_NLIU_2006,Rule_3_vi_Biometric_Information,1950724,CSRF,0,1,1,1,1
APP_NLIU_2007,Rule_3_ii_Financial_Data,506525,XSS,1,0,1,0,1
APP_NLIU_2008,Rule_3_vi_Biometric_Information,909462,SQL_Injection,0,1,0,1,1
APP_NLIU_2009,Rule_3_i_Passwords,863468,SSRF,0,1,1,1,0
APP_NLIU_2010,Rule_3_ii_Financial_Data,1351062,SSRF,1,1,1,1,0
APP_NLIU_2011,Rule_3_i_Passwords,1139321,CSRF,0,1,1,1,1
APP_NLIU_2012,Rule_3_i_Passwords,943481,None,0,0,0,0,1
APP_NLIU_2013,Multi_Category_SPDI,1288224,CSRF,1,1,1,1,1
APP_NLIU_2014,Rule_3_i_Passwords,1373116,SSRF,1,1,1,1,0
APP_NLIU_2015,Rule_3_iii_v_Health_Medical_Records,1168412,XSS,1,1,1,1,1
APP_NLIU_2016,Rule_3_ii_Financial_Data,111998,None,1,1,1,0,1
APP_NLIU_2017,Rule_3_ii_Financial_Data,55021,SSRF,1,1,1,1,0
APP_NLIU_2018,Multi_Category_SPDI,1515849,SQL_Injection,1,1,0,1,1
APP_NLIU_2019,Rule_3_i_Passwords,525410,CSRF,1,1,1,1,1
APP_NLIU_2020,Rule_3_iii_v_Health_Medical_Records,1184248,None,0,1,1,1,0
APP_NLIU_2021,Multi_Category_SPDI,385703,XSS,1,1,0,1,0
APP_NLIU_2022,Rule_3_iii_v_Health_Medical_Records,1906844,None,0,1,1,0,1
APP_NLIU_2023,Multi_Category_SPDI,1998155,None,0,1,1,1,1
APP_NLIU_2024,Rule_3_i_Passwords,749875,None,1,1,1,1,0
APP_NLIU_2025,Rule_3_ii_Financial_Data,429018,Exception_Handling_Failure,1,1,0,0,0
APP_NLIU_2026,Rule_3_ii_Financial_Data,738121,XSS,0,0,1,1,1
APP_NLIU_2027,Rule_3_iii_v_Health_Medical_Records,606305,SQL_Injection,0,0,1,0,1
APP_NLIU_2028,Multi_Category_SPDI,1533545,None,1,1,1,0,1
APP_NLIU_2029,Rule_3_ii_Financial_Data,1819285,CSRF,1,1,1,0,0
APP_NLIU_2030,Rule_3_iii_v_Health_Medical_Records,716182,SSRF,1,1,1,1,0
APP_NLIU_2031,Rule_3_i_Passwords,1498395,Exception_Handling_Failure,0,1,1,1,1
APP_NLIU_2032,Rule_3_iii_v_Health_Medical_Records,369833,CSRF,1,1,1,0,0
APP_NLIU_2033,Rule_3_ii_Financial_Data,85291,XSS,0,1,1,1,1
APP_NLIU_2034,Multi_Category_SPDI,1930458,XSS,1,1,1,1,0
APP_NLIU_2035,Rule_3_iii_v_Health_Medical_Records,1744528,XSS,1,1,0,1,0
APP_NLIU_2036,Rule_3_ii_Financial_Data,585294,None,0,1,1,0,1
APP_NLIU_2037,Rule_3_i_Passwords,1997349,CSRF,0,0,1,0,1
APP_NLIU_2038,Rule_3_i_Passwords,633556,XSS,1,1,1,1,1
APP_NLIU_2039,Rule_3_ii_Financial_Data,1365858,XSS,1,0,1,1,1
APP_NLIU_2040,Rule_3_ii_Financial_Data,591686,Exception_Handling_Failure,0,1,1,1,1
APP_NLIU_2041,Multi_Category_SPDI,226163,None,1,0,1,1,0
APP_NLIU_2042,Rule_3_iii_v_Health_Medical_Records,680234,CSRF,0,1,0,0,0
APP_NLIU_2043,Rule_3_iii_v_Health_Medical_Records,1897236,Exception_Handling_Failure,1,0,0,1,1
APP_NLIU_2044,Rule_3_i_Passwords,1902678,SSRF,0,0,1,1,0
APP_NLIU_2045,Multi_Category_SPDI,1179189,None,1,1,1,1,1
APP_NLIU_2046,Rule_3_iii_v_Health_Medical_Records,107071,CSRF,0,0,1,1,1
APP_NLIU_2047,Rule_3_i_Passwords,1558672,None,1,0,1,1,1
APP_NLIU_2048,Rule_3_iii_v_Health_Medical_Records,115572,SQL_Injection,1,1,1,1,1
APP_NLIU_2049,Rule_3_iii_v_Health_Medical_Records,777054,SSRF,0,0,1,1,0
APP_NLIU_2050,Rule_3_i_Passwords,143997,XSS,1,0,1,0,1
APP_NLIU_2051,Rule_3_ii_Financial_Data,1843115,None,0,0,0,1,1
APP_NLIU_2052,Rule_3_ii_Financial_Data,91388,XSS,1,1,1,1,1
APP_NLIU_2053,Rule_3_i_Passwords,625007,None,0,1,1,0,1
APP_NLIU_2054,Multi_Category_SPDI,1695882,XSS,1,1,1,1,0
APP_NLIU_2055,Rule_3_vi_Biometric_Information,1867625,XSS,1,1,1,1,1
APP_NLIU_2056,Rule_3_iii_v_Health_Medical_Records,1127834,SQL_Injection,0,0,1,1,0
APP_NLIU_2057,Rule_3_ii_Financial_Data,841507,None,0,1,1,1,1
APP_NLIU_2058,Rule_3_ii_Financial_Data,1704862,SSRF,1,1,1,1,1
APP_NLIU_2059,Rule_3_iii_v_Health_Medical_Records,814063,None,1,1,1,1,0
APP_NLIU_2060,Rule_3_iii_v_Health_Medical_Records,652408,None,1,1,1,1,1
APP_NLIU_2061,Rule_3_i_Passwords,722804,None,0,1,0,1,1
APP_NLIU_2062,Rule_3_iii_v_Health_Medical_Records,1937166,XSS,1,0,1,0,1
APP_NLIU_2063,Rule_3_vi_Biometric_Information,514800,Exception_Handling_Failure,1,1,1,1,1
APP_NLIU_2064,Rule_3_ii_Financial_Data,406099,None,1,1,1,1,1
APP_NLIU_2065,Rule_3_i_Passwords,1990788,SQL_Injection,1,1,1,0,0
APP_NLIU_2066,Rule_3_vi_Biometric_Information,1624085,Exception_Handling_Failure,0,1,1,1,1
APP_NLIU_2067,Rule_3_ii_Financial_Data,1201845,SQL_Injection,0,0,1,1,1
APP_NLIU_2068,Rule_3_ii_Financial_Data,1992214,XSS,0,1,1,1,1
APP_NLIU_2069,Rule_3_i_Passwords,1421642,SSRF,1,0,1,0,1
APP_NLIU_2070,Rule_3_ii_Financial_Data,38550,SSRF,0,0,1,1,1
APP_NLIU_2071,Rule_3_vi_Biometric_Information,281786,CSRF,1,1,1,0,1
APP_NLIU_2072,Rule_3_iii_v_Health_Medical_Records,1991519,XSS,1,1,1,1,1
APP_NLIU_2073,Rule_3_ii_Financial_Data,635381,Exception_Handling_Failure,1,1,1,1,1
APP_NLIU_2074,Multi_Category_SPDI,422799,SQL_Injection,1,1,1,1,1
APP_NLIU_2075,Multi_Category_SPDI,1314764,XSS,1,1,1,1,1
APP_NLIU_2076,Multi_Category_SPDI,1671749,SSRF,1,0,1,1,0
APP_NLIU_2077,Rule_3_ii_Financial_Data,608826,XSS,0,1,1,1,0
APP_NLIU_2078,Rule_3_ii_Financial_Data,329158,Exception_Handling_Failure,1,1,1,1,0
APP_NLIU_2079,Multi_Category_SPDI,810955,XSS,1,1,1,1,0
APP_NLIU_2080,Rule_3_vi_Biometric_Information,377429,None,1,1,1,1,0
APP_NLIU_2081,Rule_3_i_Passwords,730903,CSRF,1,1,1,1,1
APP_NLIU_2082,Rule_3_i_Passwords,635167,None,1,1,1,1,1
APP_NLIU_2083,Rule_3_ii_Financial_Data,95629,XSS,1,1,0,1,0
APP_NLIU_2084,Multi_Category_SPDI,1561280,XSS,1,1,0,1,0
APP_NLIU_2085,Rule_3_iii_v_Health_Medical_Records,343974,Exception_Handling_Failure,1,1,1,1,1
APP_NLIU_2086,Rule_3_ii_Financial_Data,1026445,SQL_Injection,1,1,1,1,1
APP_NLIU_2087,Rule_3_i_Passwords,1361258,Exception_Handling_Failure,0,1,0,1,0
APP_NLIU_2088,Rule_3_iii_v_Health_Medical_Records,314454,Exception_Handling_Failure,1,1,1,0,0
APP_NLIU_2089,Rule_3_vi_Biometric_Information,933412,CSRF,1,1,0,0,0
APP_NLIU_2090,Rule_3_ii_Financial_Data,1168842,SQL_Injection,1,1,1,1,1
APP_NLIU_2091,Rule_3_vi_Biometric_Information,1241938,SQL_Injection,1,1,0,1,1
APP_NLIU_2092,Multi_Category_SPDI,451850,None,0,1,1,1,0
APP_NLIU_2093,Rule_3_ii_Financial_Data,804131,Exception_Handling_Failure,1,1,1,1,0
APP_NLIU_2094,Rule_3_iii_v_Health_Medical_Records,1284817,SQL_Injection,1,1,1,0,1
APP_NLIU_2095,Rule_3_ii_Financial_Data,1304825,CSRF,0,1,1,1,1
APP_NLIU_2096,Rule_3_vi_Biometric_Information,71912,XSS,1,1,1,1,0
APP_NLIU_2097,Rule_3_iii_v_Health_Medical_Records,1723191,None,0,0,1,1,1
APP_NLIU_2098,Rule_3_iii_v_Health_Medical_Records,84183,SQL_Injection,0,0,0,1,0
APP_NLIU_2099,Rule_3_vi_Biometric_Information,65282,SSRF,1,1,1,0,1
APP_NLIU_2100,Rule_3_ii_Financial_Data,63249,None,1,1,1,1,0
APP_NLIU_2101,Multi_Category_SPDI,1616040,SQL_Injection,0,1,1,1,0
APP_NLIU_2102,Rule_3_iii_v_Health_Medical_Records,537451,SSRF,1,0,0,1,1
APP_NLIU_2103,Rule_3_i_Passwords,1894218,None,1,0,1,1,0
APP_NLIU_2104,Rule_3_iii_v_Health_Medical_Records,128844,Exception_Handling_Failure,0,1,1,1,0
APP_NLIU_2105,Rule_3_vi_Biometric_Information,371731,CSRF,0,0,1,1,1
APP_NLIU_2106,Rule_3_ii_Financial_Data,760640,SQL_Injection,1,1,0,1,0
APP_NLIU_2107,Multi_Category_SPDI,339123,SQL_Injection,1,1,1,1,1
APP_NLIU_2108,Multi_Category_SPDI,608148,SSRF,0,1,1,1,0
APP_NLIU_2109,Rule_3_ii_Financial_Data,1205791,None,0,0,0,1,1
APP_NLIU_2110,Multi_Category_SPDI,1844928,XSS,1,0,1,1,1
APP_NLIU_2111,Rule_3_i_Passwords,1660775,None,0,1,0,1,0
APP_NLIU_2112,Rule_3_ii_Financial_Data,829428,None,1,0,1,0,1
APP_NLIU_2113,Rule_3_i_Passwords,1458540,XSS,1,1,1,1,1
APP_NLIU_2114,Multi_Category_SPDI,361215,SSRF,0,1,1,1,0
APP_NLIU_2115,Rule_3_iii_v_Health_Medical_Records,52252,XSS,1,0,1,1,1
APP_NLIU_2116,Rule_3_i_Passwords,914166,None,1,0,1,1,1
APP_NLIU_2117,Rule_3_ii_Financial_Data,461395,None,1,0,1,0,0
APP_NLIU_2118,Rule_3_iii_v_Health_Medical_Records,1977530,SQL_Injection,1,1,1,1,1
APP_NLIU_2119,Rule_3_i_Passwords,1106332,Exception_Handling_Failure,1,0,0,1,0
APP_NLIU_2120,Multi_Category_SPDI,1890243,XSS,1,1,1,1,1
APP_NLIU_2121,Rule_3_vi_Biometric_Information,357690,None,1,1,1,1,0
APP_NLIU_2122,Rule_3_iii_v_Health_Medical_Records,398236,SQL_Injection,1,1,1,1,1
APP_NLIU_2123,Multi_Category_SPDI,917234,XSS,1,0,1,0,0
APP_NLIU_2124,Rule_3_ii_Financial_Data,1264901,None,0,1,1,1,0
APP_NLIU_2125,Multi_Category_SPDI,375565,XSS,0,1,0,1,1
APP_NLIU_2126,Rule_3_iii_v_Health_Medical_Records,932168,XSS,0,1,1,1,0
APP_NLIU_2127,Rule_3_iii_v_Health_Medical_Records,1382355,SQL_Injection,1,1,0,1,0
APP_NLIU_2128,Rule_3_i_Passwords,814657,CSRF,1,1,1,1,0
APP_NLIU_2129,Multi_Category_SPDI,204245,CSRF,1,1,0,1,0
APP_NLIU_2130,Rule_3_ii_Financial_Data,898317,None,0,1,1,1,1
APP_NLIU_2131,Rule_3_i_Passwords,1552840,CSRF,1,1,1,0,0
APP_NLIU_2132,Rule_3_i_Passwords,1138909,XSS,0,1,1,0,1
APP_NLIU_2133,Rule_3_iii_v_Health_Medical_Records,1749161,Exception_Handling_Failure,1,0,1,1,1
APP_NLIU_2134,Rule_3_iii_v_Health_Medical_Records,277951,SSRF,1,1,1,1,1
APP_NLIU_2135,Rule_3_iii_v_Health_Medical_Records,1005778,XSS,1,1,1,1,0
APP_NLIU_2136,Multi_Category_SPDI,1059978,None,1,0,1,1,1
APP_NLIU_2137,Rule_3_i_Passwords,1058097,None,1,1,1,0,0
APP_NLIU_2138,Rule_3_iii_v_Health_Medical_Records,723525,Exception_Handling_Failure,1,0,0,1,0
APP_NLIU_2139,Rule_3_i_Passwords,780173,Exception_Handling_Failure,1,0,1,1,1
APP_NLIU_2140,Multi_Category_SPDI,906125,SQL_Injection,0,1,1,1,1
APP_NLIU_2141,Rule_3_vi_Biometric_Information,13382,None,1,1,1,1,0
APP_NLIU_2142,Rule_3_iii_v_Health_Medical_Records,521243,SQL_Injection,1,1,0,1,1
APP_NLIU_2143,Rule_3_iii_v_Health_Medical_Records,902428,None,1,1,1,0,1
APP_NLIU_2144,Rule_3_ii_Financial_Data,1549449,CSRF,1,0,1,1,0
APP_NLIU_2145,Rule_3_ii_Financial_Data,544353,None,1,1,1,1,0
APP_NLIU_2146,Rule_3_vi_Biometric_Information,352614,None,1,0,1,1,0
APP_NLIU_2147,Rule_3_ii_Financial_Data,19425,None,1,1,0,1,0
APP_NLIU_2148,Rule_3_ii_Financial_Data,804543,SSRF,1,1,1,1,0
APP_NLIU_2149,Rule_3_ii_Financial_Data,1225447,XSS,1,1,0,1,0
APP_NLIU_2150,Rule_3_vi_Biometric_Information,582545,Exception_Handling_Failure,1,1,1,1,0
APP_NLIU_2151,Rule_3_ii_Financial_Data,1963998,None,1,1,1,1,0
APP_NLIU_2152,Rule_3_i_Passwords,1770113,SQL_Injection,1,1,1,1,0
APP_NLIU_2153,Rule_3_iii_v_Health_Medical_Records,1967821,None,1,0,1,1,0
APP_NLIU_2154,Rule_3_vi_Biometric_Information,348190,None,0,1,0,1,0
APP_NLIU_2155,Rule_3_i_Passwords,829283,CSRF,1,0,0,0,1
APP_NLIU_2156,Rule_3_ii_Financial_Data,1586680,None,1,1,1,1,1
APP_NLIU_2157,Rule_3_i_Passwords,1524645,XSS,1,1,1,1,1
APP_NLIU_2158,Rule_3_ii_Financial_Data,7175,XSS,1,1,1,0,1
APP_NLIU_2159,Rule_3_ii_Financial_Data,1327061,CSRF,1,1,0,1,0
APP_NLIU_2160,Rule_3_iii_v_Health_Medical_Records,855340,XSS,0,1,1,0,0
APP_NLIU_2161,Rule_3_iii_v_Health_Medical_Records,1734590,None,1,0,0,1,1
APP_NLIU_2162,Rule_3_iii_v_Health_Medical_Records,1507687,XSS,1,0,1,1,0
APP_NLIU_2163,Rule_3_ii_Financial_Data,1637560,Exception_Handling_Failure,1,1,1,1,0
APP_NLIU_2164,Rule_3_vi_Biometric_Information,193961,Exception_Handling_Failure,0,1,1,1,0
APP_NLIU_2165,Rule_3_ii_Financial_Data,1271792,None,1,1,1,1,0
APP_NLIU_2166,Multi_Category_SPDI,350259,SQL_Injection,0,1,1,1,0
APP_NLIU_2167,Rule_3_iii_v_Health_Medical_Records,297338,None,1,0,0,1,1
APP_NLIU_2168,Rule_3_i_Passwords,433053,XSS,1,1,0,1,1
APP_NLIU_2169,Rule_3_iii_v_Health_Medical_Records,1515686,CSRF,1,0,1,1,1
APP_NLIU_2170,Rule_3_ii_Financial_Data,1137934,SSRF,0,0,1,1,1
APP_NLIU_2171,Rule_3_iii_v_Health_Medical_Records,1226224,XSS,0,0,0,1,0
APP_NLIU_2172,Rule_3_i_Passwords,1418268,None,1,1,1,1,0
APP_NLIU_2173,Rule_3_i_Passwords,1728663,CSRF,1,1,1,1,1
APP_NLIU_2174,Multi_Category_SPDI,563867,None,1,0,1,1,0
APP_NLIU_2175,Rule_3_ii_Financial_Data,1150130,SQL_Injection,0,1,1,1,0
APP_NLIU_2176,Rule_3_vi_Biometric_Information,676915,XSS,0,1,1,1,0
APP_NLIU_2177,Rule_3_ii_Financial_Data,1893302,None,1,1,1,1,0
APP_NLIU_2178,Rule_3_iii_v_Health_Medical_Records,579065,None,0,1,1,1,0
APP_NLIU_2179,Rule_3_iii_v_Health_Medical_Records,1452698,SSRF,0,0,0,0,1
APP_NLIU_2180,Rule_3_iii_v_Health_Medical_Records,45751,XSS,1,1,1,1,0
APP_NLIU_2181,Rule_3_ii_Financial_Data,1254247,SSRF,0,0,1,0,0
APP_NLIU_2182,Rule_3_ii_Financial_Data,1162326,XSS,0,1,1,0,1
APP_NLIU_2183,Rule_3_i_Passwords,1127756,None,0,1,1,1,1
APP_NLIU_2184,Rule_3_ii_Financial_Data,768274,None,1,0,1,0,1
APP_NLIU_2185,Rule_3_iii_v_Health_Medical_Records,209750,SSRF,1,1,1,1,1
APP_NLIU_2186,Multi_Category_SPDI,1871652,None,1,0,0,1,0
APP_NLIU_2187,Multi_Category_SPDI,1087097,XSS,0,1,0,1,1
APP_NLIU_2188,Rule_3_vi_Biometric_Information,540852,CSRF,1,0,1,0,1
APP_NLIU_2189,Rule_3_vi_Biometric_Information,634443,XSS,0,1,1,1,1
APP_NLIU_2190,Rule_3_iii_v_Health_Medical_Records,993144,Exception_Handling_Failure,1,1,1,1,1
APP_NLIU_2191,Rule_3_ii_Financial_Data,425515,XSS,1,0,1,1,1
APP_NLIU_2192,Multi_Category_SPDI,1044535,XSS,1,1,1,1,1
APP_NLIU_2193,Rule_3_iii_v_Health_Medical_Records,1494750,XSS,1,1,1,1,1
APP_NLIU_2194,Rule_3_iii_v_Health_Medical_Records,192150,SSRF,1,1,0,1,1
APP_NLIU_2195,Rule_3_i_Passwords,1460213,None,0,1,1,0,1
APP_NLIU_2196,Rule_3_ii_Financial_Data,1404467,XSS,1,1,0,1,0
APP_NLIU_2197,Rule_3_ii_Financial_Data,802634,SQL_Injection,1,1,1,1,0
APP_NLIU_2198,Multi_Category_SPDI,376551,None,1,0,1,1,1
APP_NLIU_2199,Rule_3_iii_v_Health_Medical_Records,1712621,None,0,1,1,1,1
APP_NLIU_2200,Rule_3_ii_Financial_Data,1143773,None,1,0,1,1,0
APP_NLIU_2201,Multi_Category_SPDI,1096213,CSRF,1,1,1,1,1
APP_NLIU_2202,Rule_3_i_Passwords,678726,SQL_Injection,1,1,1,1,1
APP_NLIU_2203,Rule_3_ii_Financial_Data,1550040,XSS,0,1,1,1,1
APP_NLIU_2204,Rule_3_i_Passwords,1077852,SQL_Injection,1,1,0,1,1
APP_NLIU_2205,Rule_3_iii_v_Health_Medical_Records,1920954,None,1,0,1,0,1
APP_NLIU_2206,Multi_Category_SPDI,1915222,SSRF,1,0,0,1,1
APP_NLIU_2207,Rule_3_ii_Financial_Data,160647,CSRF,1,0,1,1,0
APP_NLIU_2208,Multi_Category_SPDI,1488193,XSS,1,1,1,0,0
APP_NLIU_2209,Rule_3_ii_Financial_Data,308374,CSRF,1,1,0,0,0
APP_NLIU_2210,Multi_Category_SPDI,1788360,None,1,1,0,1,1
APP_NLIU_2211,Rule_3_vi_Biometric_Information,1004767,XSS,1,1,0,1,1
APP_NLIU_2212,Rule_3_vi_Biometric_Information,391230,SSRF,1,1,1,0,0
APP_NLIU_2213,Rule_3_i_Passwords,1183102,CSRF,0,1,1,1,0
APP_NLIU_2214,Multi_Category_SPDI,1561299,XSS,1,0,1,1,1
APP_NLIU_2215,Rule_3_iii_v_Health_Medical_Records,466833,SQL_Injection,1,0,1,0,1
APP_NLIU_2216,Rule_3_ii_Financial_Data,683381,Exception_Handling_Failure,1,1,1,1,1
APP_NLIU_2217,Rule_3_vi_Biometric_Information,1980529,XSS,0,1,1,1,1
APP_NLIU_2218,Rule_3_ii_Financial_Data,1462449,None,0,1,1,1,0
APP_NLIU_2219,Multi_Category_SPDI,1350779,None,1,1,1,1,0
APP_NLIU_2220,Rule_3_i_Passwords,1055108,None,0,1,1,0,1
APP_NLIU_2221,Rule_3_iii_v_Health_Medical_Records,524518,None,1,1,1,1,0
APP_NLIU_2222,Rule_3_iii_v_Health_Medical_Records,1156242,SSRF,1,0,1,1,0
APP_NLIU_2223,Rule_3_i_Passwords,1759741,SQL_Injection,1,0,1,1,0
APP_NLIU_2224,Rule_3_ii_Financial_Data,1135127,CSRF,1,0,1,0,0
APP_NLIU_2225,Rule_3_i_Passwords,173828,None,1,0,1,1,0
APP_NLIU_2226,Rule_3_ii_Financial_Data,1649744,None,1,1,0,1,1
APP_NLIU_2227,Rule_3_ii_Financial_Data,111734,None,0,1,0,1,1
APP_NLIU_2228,Rule_3_iii_v_Health_Medical_Records,905429,SQL_Injection,1,1,1,1,0
APP_NLIU_2229,Rule_3_ii_Financial_Data,735002,None,1,1,1,1,1
APP_NLIU_2230,Rule_3_ii_Financial_Data,956710,XSS,0,0,1,0,0
APP_NLIU_2231,Rule_3_iii_v_Health_Medical_Records,843600,SQL_Injection,1,1,0,1,0
APP_NLIU_2232,Rule_3_i_Passwords,118123,XSS,0,1,1,1,1
APP_NLIU_2233,Multi_Category_SPDI,735548,SQL_Injection,0,1,0,0,1
APP_NLIU_2234,Multi_Category_SPDI,947054,XSS,0,1,1,1,1
APP_NLIU_2235,Rule_3_iii_v_Health_Medical_Records,1453181,CSRF,0,1,1,1,0
APP_NLIU_2236,Rule_3_iii_v_Health_Medical_Records,1141473,XSS,1,1,0,1,0
APP_NLIU_2237,Multi_Category_SPDI,1744783,Exception_Handling_Failure,1,0,1,0,1
APP_NLIU_2238,Rule_3_i_Passwords,633887,None,0,0,0,1,0
APP_NLIU_2239,Rule_3_i_Passwords,1919247,Exception_Handling_Failure,1,1,1,1,1
APP_NLIU_2240,Rule_3_ii_Financial_Data,1334362,XSS,0,1,1,1,0
APP_NLIU_2241,Rule_3_vi_Biometric_Information,1422582,None,1,1,1,0,1
APP_NLIU_2242,Rule_3_i_Passwords,1302327,None,0,1,1,1,1
APP_NLIU_2243,Rule_3_iii_v_Health_Medical_Records,1090085,SQL_Injection,0,1,1,1,1
APP_NLIU_2244,Multi_Category_SPDI,1919425,XSS,1,0,0,0,1
APP_NLIU_2245,Multi_Category_SPDI,840669,CSRF,0,0,1,1,0
APP_NLIU_2246,Rule_3_iii_v_Health_Medical_Records,675774,SQL_Injection,1,0,1,1,0
APP_NLIU_2247,Rule_3_i_Passwords,1903184,Exception_Handling_Failure,1,1,1,1,0
APP_NLIU_2248,Rule_3_vi_Biometric_Information,1182209,None,0,1,0,1,0
APP_NLIU_2249,Rule_3_iii_v_Health_Medical_Records,871297,SSRF,1,1,0,1,0
APP_NLIU_2250,Rule_3_i_Passwords,1695045,None,1,1,0,1,0
APP_NLIU_2251,Rule_3_i_Passwords,591347,None,0,0,1,1,0
APP_NLIU_2252,Multi_Category_SPDI,316294,None,0,0,0,1,1
APP_NLIU_2253,Rule_3_iii_v_Health_Medical_Records,879799,CSRF,0,1,0,1,1
APP_NLIU_2254,Rule_3_vi_Biometric_Information,1618955,None,1,1,0,1,1
APP_NLIU_2255,Multi_Category_SPDI,209196,CSRF,1,0,1,1,1
APP_NLIU_2256,Rule_3_iii_v_Health_Medical_Records,5903,XSS,0,1,0,0,1
APP_NLIU_2257,Rule_3_iii_v_Health_Medical_Records,1294600,SQL_Injection,1,1,1,1,1
APP_NLIU_2258,Rule_3_ii_Financial_Data,845667,SQL_Injection,0,0,1,1,0
APP_NLIU_2259,Rule_3_ii_Financial_Data,194637,None,0,1,1,1,0
APP_NLIU_2260,Rule_3_ii_Financial_Data,846774,XSS,0,0,0,1,0
APP_NLIU_2261,Rule_3_vi_Biometric_Information,1227371,CSRF,1,1,1,1,1
APP_NLIU_2262,Rule_3_iii_v_Health_Medical_Records,1089148,SSRF,0,0,1,1,1
APP_NLIU_2263,Multi_Category_SPDI,1857618,Exception_Handling_Failure,1,1,0,1,1
APP_NLIU_2264,Rule_3_ii_Financial_Data,1874060,SQL_Injection,1,1,1,1,0
APP_NLIU_2265,Rule_3_iii_v_Health_Medical_Records,1152569,None,0,1,1,1,1
APP_NLIU_2266,Rule_3_iii_v_Health_Medical_Records,354207,SQL_Injection,0,0,0,1,1
APP_NLIU_2267,Rule_3_iii_v_Health_Medical_Records,960054,SSRF,1,0,1,1,0
APP_NLIU_2268,Rule_3_iii_v_Health_Medical_Records,976537,CSRF,1,1,1,0,0
APP_NLIU_2269,Rule_3_ii_Financial_Data,427227,XSS,1,0,1,1,1
APP_NLIU_2270,Rule_3_iii_v_Health_Medical_Records,1549603,CSRF,1,1,1,1,1
APP_NLIU_2271,Rule_3_i_Passwords,626828,CSRF,0,1,0,1,0
APP_NLIU_2272,Rule_3_ii_Financial_Data,58533,None,0,0,0,0,0
APP_NLIU_2273,Rule_3_ii_Financial_Data,684424,Exception_Handling_Failure,0,1,1,1,0
APP_NLIU_2274,Rule_3_iii_v_Health_Medical_Records,1963997,SQL_Injection,1,1,1,1,1
APP_NLIU_2275,Multi_Category_SPDI,788185,XSS,0,1,1,0,1
APP_NLIU_2276,Rule_3_iii_v_Health_Medical_Records,1234229,None,0,1,1,1,1
APP_NLIU_2277,Rule_3_iii_v_Health_Medical_Records,1173964,CSRF,1,1,1,0,1
APP_NLIU_2278,Rule_3_iii_v_Health_Medical_Records,1868710,SQL_Injection,0,0,1,0,1
APP_NLIU_2279,Rule_3_iii_v_Health_Medical_Records,1177058,None,1,0,1,1,1
APP_NLIU_2280,Rule_3_i_Passwords,800063,Exception_Handling_Failure,0,1,0,1,0
APP_NLIU_2281,Rule_3_ii_Financial_Data,1308512,XSS,1,1,1,1,0
APP_NLIU_2282,Rule_3_ii_Financial_Data,1140964,SQL_Injection,0,0,1,1,0
APP_NLIU_2283,Rule_3_ii_Financial_Data,1702662,SQL_Injection,1,0,1,1,0
APP_NLIU_2284,Rule_3_i_Passwords,1647907,Exception_Handling_Failure,0,0,1,1,1
APP_NLIU_2285,Rule_3_i_Passwords,1737917,SSRF,1,0,0,1,0
APP_NLIU_2286,Rule_3_ii_Financial_Data,1875772,XSS,0,0,1,1,1
APP_NLIU_2287,Multi_Category_SPDI,1810707,XSS,1,1,1,1,1
APP_NLIU_2288,Rule_3_ii_Financial_Data,1837723,CSRF,0,1,1,1,0
APP_NLIU_2289,Rule_3_ii_Financial_Data,1497305,None,1,0,0,1,1
APP_NLIU_2290,Rule_3_i_Passwords,658302,None,1,0,0,0,0
APP_NLIU_2291,Rule_3_iii_v_Health_Medical_Records,118076,None,1,1,1,0,0
APP_NLIU_2292,Rule_3_ii_Financial_Data,1676871,SQL_Injection,1,1,1,1,1
APP_NLIU_2293,Rule_3_ii_Financial_Data,726558,SQL_Injection,0,0,1,0,1
APP_NLIU_2294,Rule_3_iii_v_Health_Medical_Records,1864948,XSS,0,1,1,1,0
APP_NLIU_2295,Rule_3_i_Passwords,898850,SSRF,1,1,1,1,1
APP_NLIU_2296,Rule_3_i_Passwords,1125368,None,0,1,0,0,0
APP_NLIU_2297,Rule_3_ii_Financial_Data,426648,SSRF,0,1,0,1,0
APP_NLIU_2298,Rule_3_i_Passwords,1061943,XSS,0,1,1,1,0
APP_NLIU_2299,Rule_3_i_Passwords,1951772,CSRF,0,1,0,0,0
APP_NLIU_2300,Rule_3_ii_Financial_Data,763961,Exception_Handling_Failure,1,1,1,0,0
APP_NLIU_2301,Rule_3_vi_Biometric_Information,948015,SQL_Injection,1,0,0,0,1
APP_NLIU_2302,Rule_3_iii_v_Health_Medical_Records,800005,XSS,1,1,1,1,1
APP_NLIU_2303,Rule_3_iii_v_Health_Medical_Records,1593446,CSRF,1,0,1,1,1
APP_NLIU_2304,Rule_3_ii_Financial_Data,1190026,None,1,0,1,1,1
APP_NLIU_2305,Multi_Category_SPDI,856728,SQL_Injection,1,1,1,1,1
APP_NLIU_2306,Rule_3_ii_Financial_Data,1722436,None,1,1,1,1,1
APP_NLIU_2307,Rule_3_i_Passwords,332985,None,1,1,1,1,0
APP_NLIU_2308,Rule_3_iii_v_Health_Medical_Records,1599745,CSRF,1,0,1,0,1
APP_NLIU_2309,Rule_3_i_Passwords,861665,None,1,1,1,1,1
APP_NLIU_2310,Rule_3_ii_Financial_Data,1760478,SQL_Injection,0,1,1,1,0
APP_NLIU_2311,Rule_3_iii_v_Health_Medical_Records,594573,None,0,0,1,1,0
APP_NLIU_2312,Multi_Category_SPDI,1113123,XSS,1,1,1,1,0
APP_NLIU_2313,Rule_3_ii_Financial_Data,1771087,CSRF,1,1,1,0,0
APP_NLIU_2314,Rule_3_iii_v_Health_Medical_Records,667582,CSRF,1,0,0,1,1
APP_NLIU_2315,Multi_Category_SPDI,1061509,SQL_Injection,1,0,1,0,1
APP_NLIU_2316,Rule_3_i_Passwords,1399105,None,1,1,0,0,0
APP_NLIU_2317,Rule_3_ii_Financial_Data,770127,SQL_Injection,1,1,1,1,0
APP_NLIU_2318,Rule_3_ii_Financial_Data,1676570,Exception_Handling_Failure,1,0,0,1,1
APP_NLIU_2319,Rule_3_ii_Financial_Data,476653,XSS,1,1,1,1,1
APP_NLIU_2320,Rule_3_ii_Financial_Data,1978020,None,1,0,1,1,1
APP_NLIU_2321,Multi_Category_SPDI,1036830,SSRF,0,1,1,1,0
APP_NLIU_2322,Rule_3_iii_v_Health_Medical_Records,876022,XSS,1,1,1,1,0
APP_NLIU_2323,Rule_3_iii_v_Health_Medical_Records,1422119,XSS,1,0,1,1,0
APP_NLIU_2324,Rule_3_ii_Financial_Data,326289,None,1,1,1,0,0
APP_NLIU_2325,Rule_3_vi_Biometric_Information,179682,SQL_Injection,1,1,0,1,0
APP_NLIU_2326,Multi_Category_SPDI,1373240,SSRF,0,1,1,1,0
APP_NLIU_2327,Rule_3_vi_Biometric_Information,1582408,SSRF,0,1,1,1,1
APP_NLIU_2328,Rule_3_i_Passwords,1013358,None,1,1,1,1,0
APP_NLIU_2329,Rule_3_iii_v_Health_Medical_Records,846244,SSRF,1,1,1,0,1
APP_NLIU_2330,Rule_3_i_Passwords,1256258,XSS,0,0,1,1,0
APP_NLIU_2331,Rule_3_ii_Financial_Data,1236148,SSRF,1,1,1,1,0
APP_NLIU_2332,Rule_3_i_Passwords,962122,None,1,0,1,1,0
APP_NLIU_2333,Rule_3_iii_v_Health_Medical_Records,1434810,None,1,0,1,1,1
APP_NLIU_2334,Rule_3_iii_v_Health_Medical_Records,1939062,XSS,1,0,1,1,1
APP_NLIU_2335,Rule_3_i_Passwords,1996524,CSRF,0,1,1,1,0
APP_NLIU_2336,Rule_3_ii_Financial_Data,1270630,SSRF,1,1,1,1,0
APP_NLIU_2337,Rule_3_ii_Financial_Data,1540871,SQL_Injection,1,0,0,1,1
APP_NLIU_2338,Rule_3_ii_Financial_Data,979090,CSRF,1,0,0,1,1
APP_NLIU_2339,Rule_3_i_Passwords,1471581,Exception_Handling_Failure,1,1,0,1,0
APP_NLIU_2340,Rule_3_ii_Financial_Data,399833,XSS,0,1,0,1,1
APP_NLIU_2341,Rule_3_vi_Biometric_Information,264711,None,1,1,0,1,0
APP_NLIU_2342,Rule_3_i_Passwords,630122,CSRF,1,1,1,1,0
APP_NLIU_2343,Rule_3_i_Passwords,1187981,Exception_Handling_Failure,1,1,1,0,1
APP_NLIU_2344,Rule_3_ii_Financial_Data,45002,XSS,0,0,1,1,1
APP_NLIU_2345,Multi_Category_SPDI,260549,XSS,1,1,1,1,1
APP_NLIU_2346,Rule_3_iii_v_Health_Medical_Records,986124,CSRF,1,1,1,1,0
APP_NLIU_2347,Rule_3_iii_v_Health_Medical_Records,1796624,XSS,1,1,0,1,0
APP_NLIU_2348,Rule_3_ii_Financial_Data,487843,XSS,1,0,1,1,1
APP_NLIU_2349,Rule_3_iii_v_Health_Medical_Records,398727,None,0,0,1,1,0
APP_NLIU_2350,Rule_3_i_Passwords,379994,None,0,0,1,1,1
APP_NLIU_2351,Rule_3_iii_v_Health_Medical_Records,1707875,CSRF,1,1,1,1,1
APP_NLIU_2352,Multi_Category_SPDI,698210,SQL_Injection,1,1,1,1,1
APP_NLIU_2353,Rule_3_iii_v_Health_Medical_Records,650836,XSS,1,0,1,1,0
APP_NLIU_2354,Multi_Category_SPDI,1528964,XSS,1,1,1,1,0
APP_NLIU_2355,Rule_3_iii_v_Health_Medical_Records,1085362,SSRF,1,1,1,1,1
APP_NLIU_2356,Rule_3_i_Passwords,1521148,None,0,1,1,1,1
APP_NLIU_2357,Multi_Category_SPDI,303388,None,0,1,0,1,0
APP_NLIU_2358,Rule_3_i_Passwords,1783650,None,1,1,1,1,1
APP_NLIU_2359,Rule_3_iii_v_Health_Medical_Records,1120837,SSRF,1,1,1,1,1
APP_NLIU_2360,Rule_3_i_Passwords,1334197,None,1,1,1,1,1
APP_NLIU_2361,Rule_3_i_Passwords,706893,None,1,1,1,1,1
APP_NLIU_2362,Rule_3_ii_Financial_Data,275640,XSS,1,0,1,1,1
APP_NLIU_2363,Rule_3_ii_Financial_Data,1174098,XSS,0,1,1,1,1
APP_NLIU_2364,Rule_3_ii_Financial_Data,410486,None,1,0,0,1,0
APP_NLIU_2365,Rule_3_iii_v_Health_Medical_Records,736368,XSS,1,0,1,0,1
APP_NLIU_2366,Rule_3_i_Passwords,287868,CSRF,1,0,1,1,1
APP_NLIU_2367,Rule_3_i_Passwords,297560,XSS,0,1,0,1,1
APP_NLIU_2368,Rule_3_iii_v_Health_Medical_Records,1613439,XSS,1,1,0,1,0
APP_NLIU_2369,Rule_3_ii_Financial_Data,479406,SSRF,1,0,1,1,1
APP_NLIU_2370,Rule_3_iii_v_Health_Medical_Records,1654478,None,0,1,0,1,0
APP_NLIU_2371,Rule_3_iii_v_Health_Medical_Records,1147142,Exception_Handling_Failure,1,1,0,0,0
APP_NLIU_2372,Rule_3_vi_Biometric_Information,1305637,Exception_Handling_Failure,0,1,1,1,0
APP_NLIU_2373,Rule_3_iii_v_Health_Medical_Records,1782044,SQL_Injection,1,0,1,1,1
APP_NLIU_2374,Rule_3_ii_Financial_Data,1988488,Exception_Handling_Failure,1,0,1,0,1
APP_NLIU_2375,Rule_3_iii_v_Health_Medical_Records,1180768,SQL_Injection,1,1,1,1,1
APP_NLIU_2376,Rule_3_ii_Financial_Data,1597223,SQL_Injection,1,1,1,1,1
APP_NLIU_2377,Rule_3_ii_Financial_Data,406914,XSS,0,1,1,0,1
APP_NLIU_2378,Rule_3_vi_Biometric_Information,1255040,XSS,1,1,1,0,1
APP_NLIU_2379,Rule_3_ii_Financial_Data,1801999,XSS,1,1,1,1,0
APP_NLIU_2380,Rule_3_vi_Biometric_Information,961996,SQL_Injection,1,0,0,1,0
APP_NLIU_2381,Rule_3_vi_Biometric_Information,1521573,XSS,1,1,1,1,1
APP_NLIU_2382,Multi_Category_SPDI,572922,SSRF,1,1,1,1,0
APP_NLIU_2383,Multi_Category_SPDI,1170831,None,0,0,1,0,1
APP_NLIU_2384,Rule_3_ii_Financial_Data,1620728,XSS,0,0,1,0,0
APP_NLIU_2385,Rule_3_ii_Financial_Data,1934490,Exception_Handling_Failure,0,1,0,1,1
APP_NLIU_2386,Rule_3_iii_v_Health_Medical_Records,42355,CSRF,1,1,1,1,1
APP_NLIU_2387,Rule_3_ii_Financial_Data,1091266,SQL_Injection,1,0,1,1,0
APP_NLIU_2388,Rule_3_iii_v_Health_Medical_Records,1484606,None,1,0,1,1,0
APP_NLIU_2389,Rule_3_iii_v_Health_Medical_Records,1740581,CSRF,1,0,1,1,0
APP_NLIU_2390,Rule_3_iii_v_Health_Medical_Records,745174,XSS,1,1,0,0,1
APP_NLIU_2391,Rule_3_ii_Financial_Data,208811,Exception_Handling_Failure,1,1,1,1,0
APP_NLIU_2392,Rule_3_i_Passwords,1634494,SQL_Injection,0,1,1,1,1
APP_NLIU_2393,Rule_3_ii_Financial_Data,184243,None,1,1,1,1,1
APP_NLIU_2394,Rule_3_i_Passwords,1599522,XSS,0,1,1,1,1
APP_NLIU_2395,Multi_Category_SPDI,522196,CSRF,1,0,1,1,0
APP_NLIU_2396,Rule_3_ii_Financial_Data,1573333,SQL_Injection,0,1,0,1,0
APP_NLIU_2397,Rule_3_i_Passwords,1292780,SSRF,0,0,0,1,1
APP_NLIU_2398,Rule_3_i_Passwords,282941,None,1,0,1,0,0
APP_NLIU_2399,Rule_3_iii_v_Health_Medical_Records,850231,Exception_Handling_Failure,0,0,1,1,1
APP_NLIU_2400,Rule_3_iii_v_Health_Medical_Records,1434021,SSRF,1,1,1,1,0
APP_NLIU_2401,Rule_3_ii_Financial_Data,758702,SQL_Injection,1,1,1,1,1
APP_NLIU_2402,Rule_3_i_Passwords,1367956,Exception_Handling_Failure,1,1,1,1,1
APP_NLIU_2403,Rule_3_ii_Financial_Data,535553,XSS,1,1,0,0,1
APP_NLIU_2404,Rule_3_ii_Financial_Data,1573911,XSS,1,0,1,0,1
APP_NLIU_2405,Rule_3_iii_v_Health_Medical_Records,1703475,CSRF,1,1,1,1,0
APP_NLIU_2406,Rule_3_iii_v_Health_Medical_Records,1256782,SSRF,0,1,0,1,1
APP_NLIU_2407,Rule_3_ii_Financial_Data,1005182,Exception_Handling_Failure,0,0,0,0,0
APP_NLIU_2408,Rule_3_ii_Financial_Data,451710,None,0,1,1,0,0
APP_NLIU_2409,Multi_Category_SPDI,388898,SSRF,1,1,1,1,0
APP_NLIU_2410,Rule_3_ii_Financial_Data,974772,XSS,1,0,1,1,1
APP_NLIU_2411,Rule_3_iii_v_Health_Medical_Records,1037956,XSS,0,0,1,1,1
APP_NLIU_2412,Rule_3_i_Passwords,1735934,XSS,1,1,1,1,1
APP_NLIU_2413,Rule_3_ii_Financial_Data,1145002,CSRF,0,0,1,1,1
APP_NLIU_2414,Rule_3_i_Passwords,1016918,None,0,1,1,1,1
APP_NLIU_2415,Rule_3_iii_v_Health_Medical_Records,1461098,XSS,1,1,1,1,1
APP_NLIU_2416,Multi_Category_SPDI,1772942,XSS,0,1,0,1,0
APP_NLIU_2417,Rule_3_ii_Financial_Data,516933,CSRF,1,0,1,1,0
APP_NLIU_2418,Rule_3_i_Passwords,1231993,SSRF,1,1,0,1,0
APP_NLIU_2419,Rule_3_i_Passwords,1196533,SQL_Injection,1,1,1,1,0
APP_NLIU_2420,Rule_3_ii_Financial_Data,1687545,None,1,1,0,1,0
APP_NLIU_2421,Rule_3_i_Passwords,835258,SSRF,1,1,1,1,0
APP_NLIU_2422,Rule_3_i_Passwords,1633461,Exception_Handling_Failure,1,1,1,1,1
APP_NLIU_2423,Rule_3_vi_Biometric_Information,1978523,CSRF,0,1,1,1,1
APP_NLIU_2424,Rule_3_ii_Financial_Data,102375,XSS,1,1,0,1,1
APP_NLIU_2425,Rule_3_ii_Financial_Data,1824941,XSS,0,1,1,1,1
APP_NLIU_2426,Multi_Category_SPDI,1857092,CSRF,0,1,0,0,1
APP_NLIU_2427,Rule_3_i_Passwords,1405167,SQL_Injection,1,1,1,1,0
APP_NLIU_2428,Multi_Category_SPDI,533671,CSRF,1,1,1,1,1
APP_NLIU_2429,Rule_3_ii_Financial_Data,97313,Exception_Handling_Failure,0,1,1,1,0
APP_NLIU_2430,Multi_Category_SPDI,825793,Exception_Handling_Failure,0,0,1,1,0
APP_NLIU_2431,Rule_3_iii_v_Health_Medical_Records,85294,CSRF,0,1,1,0,0
APP_NLIU_2432,Rule_3_vi_Biometric_Information,1639195,XSS,1,0,0,0,0
APP_NLIU_2433,Multi_Category_SPDI,100057,SSRF,1,1,1,0,1
APP_NLIU_2434,Rule_3_ii_Financial_Data,156601,SSRF,0,0,1,1,1
APP_NLIU_2435,Multi_Category_SPDI,1767510,SQL_Injection,1,1,1,1,0
APP_NLIU_2436,Rule_3_ii_Financial_Data,1797563,None,1,1,1,1,0
APP_NLIU_2437,Rule_3_ii_Financial_Data,388829,SSRF,1,1,0,1,0
APP_NLIU_2438,Rule_3_ii_Financial_Data,1150493,SSRF,1,1,1,1,1
APP_NLIU_2439,Rule_3_iii_v_Health_Medical_Records,1547708,CSRF,1,0,0,1,0
APP_NLIU_2440,Rule_3_i_Passwords,298076,SQL_Injection,1,1,1,0,1
APP_NLIU_2441,Rule_3_iii_v_Health_Medical_Records,520303,Exception_Handling_Failure,1,1,1,1,0
APP_NLIU_2442,Rule_3_iii_v_Health_Medical_Records,1317628,SQL_Injection,0,1,1,0,1
APP_NLIU_2443,Rule_3_vi_Biometric_Information,1027762,SQL_Injection,1,0,1,1,0
APP_NLIU_2444,Rule_3_vi_Biometric_Information,511705,Exception_Handling_Failure,1,0,0,1,1
APP_NLIU_2445,Rule_3_ii_Financial_Data,1477150,CSRF,0,1,1,1,0
APP_NLIU_2446,Rule_3_ii_Financial_Data,559700,None,0,0,0,0,1
APP_NLIU_2447,Rule_3_ii_Financial_Data,1968327,XSS,0,0,1,1,0
APP_NLIU_2448,Rule_3_i_Passwords,1923718,CSRF,1,0,0,1,1
APP_NLIU_2449,Rule_3_i_Passwords,258928,Exception_Handling_Failure,0,1,1,1,0
APP_NLIU_2450,Rule_3_ii_Financial_Data,1265680,SQL_Injection,1,0,1,1,1
APP_NLIU_2451,Rule_3_ii_Financial_Data,7928,XSS,1,1,0,0,0
APP_NLIU_2452,Multi_Category_SPDI,856590,XSS,1,1,1,1,0
APP_NLIU_2453,Rule_3_iii_v_Health_Medical_Records,1215280,CSRF,1,1,0,1,0
APP_NLIU_2454,Rule_3_ii_Financial_Data,37309,Exception_Handling_Failure,1,1,1,1,1
APP_NLIU_2455,Rule_3_iii_v_Health_Medical_Records,800712,None,0,1,0,1,0
APP_NLIU_2456,Rule_3_i_Passwords,45449,None,1,0,1,0,0
APP_NLIU_2457,Rule_3_ii_Financial_Data,1009675,Exception_Handling_Failure,0,0,1,1,0
APP_NLIU_2458,Rule_3_iii_v_Health_Medical_Records,818389,XSS,1,0,0,1,1
APP_NLIU_2459,Rule_3_ii_Financial_Data,1745831,SSRF,1,1,1,1,0
APP_NLIU_2460,Rule_3_ii_Financial_Data,1386219,CSRF,1,1,0,1,1
APP_NLIU_2461,Multi_Category_SPDI,622345,XSS,1,1,1,1,1
APP_NLIU_2462,Multi_Category_SPDI,1807087,CSRF,0,1,1,1,1
APP_NLIU_2463,Rule_3_iii_v_Health_Medical_Records,1425785,None,1,0,1,1,0
APP_NLIU_2464,Rule_3_iii_v_Health_Medical_Records,510074,CSRF,1,1,1,1,1
APP_NLIU_2465,Rule_3_iii_v_Health_Medical_Records,682055,CSRF,0,0,1,1,0
APP_NLIU_2466,Rule_3_ii_Financial_Data,604181,CSRF,1,1,1,1,0
APP_NLIU_2467,Rule_3_ii_Financial_Data,1509915,None,1,0,1,1,0
APP_NLIU_2468,Rule_3_i_Passwords,816608,Exception_Handling_Failure,1,1,0,1,1
APP_NLIU_2469,Rule_3_ii_Financial_Data,678769,Exception_Handling_Failure,1,1,1,1,0
APP_NLIU_2470,Rule_3_iii_v_Health_Medical_Records,784824,CSRF,0,0,0,0,0
APP_NLIU_2471,Rule_3_ii_Financial_Data,848399,None,1,1,1,0,1
APP_NLIU_2472,Multi_Category_SPDI,1578851,SQL_Injection,1,1,1,0,0
APP_NLIU_2473,Multi_Category_SPDI,1252149,None,0,1,1,1,1
APP_NLIU_2474,Rule_3_iii_v_Health_Medical_Records,241692,XSS,1,1,1,1,1
APP_NLIU_2475,Rule_3_iii_v_Health_Medical_Records,888286,CSRF,0,1,1,1,0
APP_NLIU_2476,Multi_Category_SPDI,1079591,XSS,1,1,1,1,0
APP_NLIU_2477,Rule_3_i_Passwords,1541519,Exception_Handling_Failure,0,1,1,1,0
APP_NLIU_2478,Rule_3_vi_Biometric_Information,379494,SQL_Injection,1,1,1,1,1
APP_NLIU_2479,Rule_3_i_Passwords,1906412,None,1,1,0,1,1
APP_NLIU_2480,Rule_3_vi_Biometric_Information,121751,XSS,1,1,1,0,0
APP_NLIU_2481,Rule_3_ii_Financial_Data,1968815,CSRF,0,1,1,1,1
APP_NLIU_2482,Multi_Category_SPDI,1759217,SQL_Injection,1,0,1,1,1
APP_NLIU_2483,Multi_Category_SPDI,53231,XSS,1,1,1,1,1
APP_NLIU_2484,Rule_3_i_Passwords,1737968,XSS,0,1,1,1,1
APP_NLIU_2485,Rule_3_ii_Financial_Data,1344025,XSS,1,0,1,0,0
APP_NLIU_2486,Multi_Category_SPDI,1107882,Exception_Handling_Failure,1,1,0,1,0
APP_NLIU_2487,Rule_3_ii_Financial_Data,224248,XSS,1,0,0,1,1
APP_NLIU_2488,Multi_Category_SPDI,1174715,None,0,1,0,1,1
APP_NLIU_2489,Rule_3_iii_v_Health_Medical_Records,1596182,XSS,0,1,1,1,0
APP_NLIU_2490,Rule_3_ii_Financial_Data,1197894,None,0,1,1,1,0
APP_NLIU_2491,Rule_3_ii_Financial_Data,956348,SQL_Injection,1,1,1,1,0
APP_NLIU_2492,Rule_3_ii_Financial_Data,1217250,CSRF,0,1,1,1,1
APP_NLIU_2493,Rule_3_vi_Biometric_Information,1337304,CSRF,1,0,0,1,1
APP_NLIU_2494,Rule_3_ii_Financial_Data,776687,XSS,1,1,1,0,1
APP_NLIU_2495,Rule_3_iii_v_Health_Medical_Records,1593033,None,0,1,1,1,0
APP_NLIU_2496,Rule_3_ii_Financial_Data,1079544,SQL_Injection,1,1,1,1,0
APP_NLIU_2497,Rule_3_iii_v_Health_Medical_Records,1977465,SQL_Injection,1,1,0,1,0
APP_NLIU_2498,Multi_Category_SPDI,209830,None,0,1,1,1,0
APP_NLIU_2499,Multi_Category_SPDI,1962692,SSRF,1,1,1,1,0
APP_NLIU_2500,Rule_3_ii_Financial_Data,1693255,Exception_Handling_Failure,1,1,1,1,0
APP_NLIU_2501,Rule_3_vi_Biometric_Information,1341164,XSS,1,1,0,1,0
APP_NLIU_2502,Rule_3_vi_Biometric_Information,239856,None,1,0,1,1,1
APP_NLIU_2503,Rule_3_iii_v_Health_Medical_Records,1569904,SQL_Injection,1,1,0,1,0
APP_NLIU_2504,Multi_Category_SPDI,1421801,SQL_Injection,1,1,1,1,0
APP_NLIU_2505,Rule_3_ii_Financial_Data,1116073,XSS,1,1,1,0,1
APP_NLIU_2506,Rule_3_i_Passwords,1583226,None,1,1,0,1,0
APP_NLIU_2507,Multi_Category_SPDI,890686,XSS,1,1,1,0,0
APP_NLIU_2508,Rule_3_ii_Financial_Data,1717186,CSRF,0,1,0,1,1
APP_NLIU_2509,Rule_3_vi_Biometric_Information,1646218,Exception_Handling_Failure,1,1,1,0,1
APP_NLIU_2510,Multi_Category_SPDI,41368,None,1,1,1,1,1
APP_NLIU_2511,Rule_3_i_Passwords,49109,None,0,1,1,0,0
APP_NLIU_2512,Multi_Category_SPDI,1242293,None,0,1,1,1,1
APP_NLIU_2513,Rule_3_ii_Financial_Data,979501,SQL_Injection,1,1,0,1,0
APP_NLIU_2514,Rule_3_iii_v_Health_Medical_Records,32426,SQL_Injection,0,1,1,0,1
APP_NLIU_2515,Rule_3_iii_v_Health_Medical_Records,909064,Exception_Handling_Failure,1,0,1,1,1
APP_NLIU_2516,Multi_Category_SPDI,641925,None,0,1,1,1,1
APP_NLIU_2517,Rule_3_i_Passwords,1616887,CSRF,0,0,1,1,1
APP_NLIU_2518,Rule_3_ii_Financial_Data,1437988,SSRF,0,0,0,1,1
APP_NLIU_2519,Rule_3_iii_v_Health_Medical_Records,1506059,None,1,1,1,1,0
APP_NLIU_2520,Rule_3_iii_v_Health_Medical_Records,1209540,SQL_Injection,0,1,1,1,1
APP_NLIU_2521,Rule_3_iii_v_Health_Medical_Records,518168,CSRF,1,0,1,1,1
APP_NLIU_2522,Rule_3_i_Passwords,1949219,XSS,1,1,1,1,0
APP_NLIU_2523,Rule_3_ii_Financial_Data,1672761,XSS,1,1,0,1,1
APP_NLIU_2524,Rule_3_ii_Financial_Data,981729,None,1,1,1,1,1
APP_NLIU_2525,Rule_3_vi_Biometric_Information,676367,CSRF,1,0,1,0,1
APP_NLIU_2526,Rule_3_ii_Financial_Data,1657641,Exception_Handling_Failure,1,1,0,1,0
APP_NLIU_2527,Rule_3_ii_Financial_Data,49858,XSS,1,1,1,1,0
APP_NLIU_2528,Multi_Category_SPDI,1274086,XSS,1,1,0,1,1
APP_NLIU_2529,Rule_3_i_Passwords,1405762,Exception_Handling_Failure,1,1,1,1,0
APP_NLIU_2530,Multi_Category_SPDI,874530,CSRF,1,1,1,1,1
APP_NLIU_2531,Rule_3_iii_v_Health_Medical_Records,1598103,SQL_Injection,0,1,1,1,1
APP_NLIU_2532,Rule_3_vi_Biometric_Information,461185,SQL_Injection,1,0,0,0,0
APP_NLIU_2533,Rule_3_ii_Financial_Data,935569,SSRF,0,1,1,1,1
APP_NLIU_2534,Rule_3_i_Passwords,1950959,XSS,0,1,1,0,0
APP_NLIU_2535,Rule_3_iii_v_Health_Medical_Records,1094867,None,1,1,1,1,1
APP_NLIU_2536,Rule_3_vi_Biometric_Information,1092381,None,1,1,1,1,0
APP_NLIU_2537,Rule_3_iii_v_Health_Medical_Records,1152407,None,1,1,0,1,1
APP_NLIU_2538,Rule_3_i_Passwords,154515,CSRF,1,1,0,0,1
APP_NLIU_2539,Rule_3_vi_Biometric_Information,14290,XSS,1,0,0,1,0
APP_NLIU_2540,Rule_3_vi_Biometric_Information,1447003,CSRF,0,1,1,1,1
APP_NLIU_2541,Rule_3_iii_v_Health_Medical_Records,1399354,SSRF,1,1,1,1,0
APP_NLIU_2542,Rule_3_vi_Biometric_Information,1859080,SQL_Injection,1,1,1,1,0
APP_NLIU_2543,Rule_3_vi_Biometric_Information,834722,XSS,1,1,1,1,1
APP_NLIU_2544,Rule_3_iii_v_Health_Medical_Records,90186,None,1,0,1,1,1
APP_NLIU_2545,Rule_3_i_Passwords,1855123,SSRF,1,1,0,1,1
APP_NLIU_2546,Rule_3_ii_Financial_Data,1583013,SQL_Injection,0,1,0,1,0
APP_NLIU_2547,Rule_3_i_Passwords,833424,None,0,0,0,1,1
APP_NLIU_2548,Rule_3_ii_Financial_Data,284860,CSRF,1,0,1,1,1
APP_NLIU_2549,Rule_3_ii_Financial_Data,1937732,None,1,1,1,1,1
APP_NLIU_2550,Rule_3_i_Passwords,1591485,None,1,1,1,1,0
APP_NLIU_2551,Rule_3_ii_Financial_Data,1453612,None,0,1,0,0,1
APP_NLIU_2552,Rule_3_i_Passwords,790088,XSS,0,1,1,0,1
APP_NLIU_2553,Rule_3_vi_Biometric_Information,904497,Exception_Handling_Failure,1,1,1,1,1
APP_NLIU_2554,Multi_Category_SPDI,1870407,XSS,0,1,1,0,1
APP_NLIU_2555,Rule_3_i_Passwords,1172950,Exception_Handling_Failure,0,1,1,0,0
APP_NLIU_2556,Multi_Category_SPDI,1985082,XSS,0,1,1,1,1
APP_NLIU_2557,Rule_3_iii_v_Health_Medical_Records,1358818,SSRF,0,1,1,1,0
APP_NLIU_2558,Rule_3_ii_Financial_Data,1885519,XSS,1,0,0,1,0
APP_NLIU_2559,Rule_3_i_Passwords,1368963,XSS,1,1,1,1,0
APP_NLIU_2560,Rule_3_iii_v_Health_Medical_Records,382275,None,0,1,0,1,0
APP_NLIU_2561,Rule_3_vi_Biometric_Information,1577566,None,0,1,1,1,0
APP_NLIU_2562,Rule_3_iii_v_Health_Medical_Records,820182,Exception_Handling_Failure,1,0,1,1,0
APP_NLIU_2563,Rule_3_i_Passwords,1276258,SQL_Injection,0,1,1,1,0
APP_NLIU_2564,Rule_3_i_Passwords,939814,None,1,0,1,1,1
APP_NLIU_2565,Rule_3_ii_Financial_Data,846830,XSS,1,1,1,1,0
APP_NLIU_2566,Rule_3_ii_Financial_Data,742902,None,1,1,1,1,1
APP_NLIU_2567,Rule_3_ii_Financial_Data,997711,None,1,1,0,1,1
APP_NLIU_2568,Rule_3_ii_Financial_Data,1826661,SQL_Injection,1,0,0,1,1
APP_NLIU_2569,Rule_3_vi_Biometric_Information,311489,None,1,1,1,1,0
APP_NLIU_2570,Multi_Category_SPDI,622718,SQL_Injection,0,1,1,1,1
APP_NLIU_2571,Rule_3_ii_Financial_Data,119921,CSRF,0,1,1,1,1
APP_NLIU_2572,Multi_Category_SPDI,621017,XSS,0,1,1,1,0
APP_NLIU_2573,Rule_3_ii_Financial_Data,1629707,SQL_Injection,1,1,1,1,0
APP_NLIU_2574,Rule_3_ii_Financial_Data,670582,None,0,1,0,0,1
APP_NLIU_2575,Rule_3_ii_Financial_Data,954013,SQL_Injection,0,1,0,1,1
APP_NLIU_2576,Rule_3_iii_v_Health_Medical_Records,136458,SSRF,1,1,1,1,0
APP_NLIU_2577,Multi_Category_SPDI,1904342,XSS,1,0,1,0,1
APP_NLIU_2578,Rule_3_iii_v_Health_Medical_Records,334314,None,0,1,1,1,1
APP_NLIU_2579,Rule_3_ii_Financial_Data,45878,None,1,1,0,0,1
APP_NLIU_2580,Rule_3_iii_v_Health_Medical_Records,205741,None,0,1,1,1,0
APP_NLIU_2581,Rule_3_i_Passwords,1030184,Exception_Handling_Failure,1,0,1,1,0
APP_NLIU_2582,Multi_Category_SPDI,1222997,CSRF,0,1,0,0,0
APP_NLIU_2583,Rule_3_iii_v_Health_Medical_Records,1809207,SQL_Injection,1,1,1,1,0
APP_NLIU_2584,Rule_3_ii_Financial_Data,1993032,SQL_Injection,0,1,1,1,1
APP_NLIU_2585,Rule_3_iii_v_Health_Medical_Records,1568764,XSS,1,1,1,1,1
APP_NLIU_2586,Rule_3_iii_v_Health_Medical_Records,1668216,Exception_Handling_Failure,0,0,1,1,1
APP_NLIU_2587,Rule_3_i_Passwords,1468321,XSS,0,0,1,1,1
APP_NLIU_2588,Rule_3_iii_v_Health_Medical_Records,993807,None,0,1,1,0,0
APP_NLIU_2589,Rule_3_ii_Financial_Data,1488313,XSS,0,1,0,1,0
APP_NLIU_2590,Rule_3_iii_v_Health_Medical_Records,547671,SQL_Injection,1,0,1,1,1
APP_NLIU_2591,Rule_3_vi_Biometric_Information,665261,SSRF,1,0,1,0,1
APP_NLIU_2592,Rule_3_vi_Biometric_Information,834321,None,1,1,1,1,1
APP_NLIU_2593,Rule_3_iii_v_Health_Medical_Records,1592497,None,1,0,1,1,0
APP_NLIU_2594,Rule_3_iii_v_Health_Medical_Records,591532,None,1,1,1,0,1
APP_NLIU_2595,Rule_3_i_Passwords,1969185,SQL_Injection,1,1,1,1,1
APP_NLIU_2596,Rule_3_vi_Biometric_Information,1990243,None,0,1,1,1,1
APP_NLIU_2597,Rule_3_ii_Financial_Data,195091,SSRF,1,0,0,1,1
APP_NLIU_2598,Rule_3_ii_Financial_Data,933211,SQL_Injection,0,1,1,1,1
APP_NLIU_2599,Rule_3_ii_Financial_Data,1797048,None,1,0,1,1,1
APP_NLIU_2600,Rule_3_i_Passwords,1399317,CSRF,1,1,1,1,0
APP_NLIU_2601,Rule_3_iii_v_Health_Medical_Records,705461,Exception_Handling_Failure,1,0,1,0,0
APP_NLIU_2602,Rule_3_i_Passwords,705066,SSRF,1,1,1,0,1
APP_NLIU_2603,Rule_3_iii_v_Health_Medical_Records,737444,XSS,1,1,1,1,0
APP_NLIU_2604,Rule_3_ii_Financial_Data,20115,None,1,1,1,1,1
APP_NLIU_2605,Rule_3_i_Passwords,1128955,CSRF,1,1,1,0,1
APP_NLIU_2606,Rule_3_iii_v_Health_Medical_Records,1287129,Exception_Handling_Failure,1,1,1,1,1
APP_NLIU_2607,Rule_3_i_Passwords,569267,SSRF,1,1,1,0,0
APP_NLIU_2608,Rule_3_ii_Financial_Data,701001,Exception_Handling_Failure,1,1,1,1,1
APP_NLIU_2609,Rule_3_iii_v_Health_Medical_Records,598665,CSRF,1,1,0,1,1
APP_NLIU_2610,Rule_3_i_Passwords,1830722,SSRF,1,1,1,0,1
APP_NLIU_2611,Rule_3_vi_Biometric_Information,535704,CSRF,1,0,1,1,0
APP_NLIU_2612,Rule_3_i_Passwords,933137,SSRF,1,0,1,1,1
APP_NLIU_2613,Rule_3_ii_Financial_Data,395929,None,1,1,0,1,1
APP_NLIU_2614,Rule_3_iii_v_Health_Medical_Records,660954,CSRF,1,1,1,1,0
APP_NLIU_2615,Rule_3_ii_Financial_Data,412609,SSRF,1,0,1,1,0
APP_NLIU_2616,Rule_3_i_Passwords,433596,XSS,0,0,1,1,1
APP_NLIU_2617,Rule_3_ii_Financial_Data,705416,CSRF,1,1,0,1,0
APP_NLIU_2618,Rule_3_ii_Financial_Data,1446084,None,1,0,1,0,0
APP_NLIU_2619,Rule_3_vi_Biometric_Information,1937515,None,1,0,0,1,0
APP_NLIU_2620,Rule_3_ii_Financial_Data,647531,XSS,0,1,1,1,1
APP_NLIU_2621,Rule_3_vi_Biometric_Information,927365,None,0,1,1,1,1
APP_NLIU_2622,Multi_Category_SPDI,632358,XSS,1,0,1,1,0
APP_NLIU_2623,Rule_3_ii_Financial_Data,1613990,SSRF,0,1,1,0,0
APP_NLIU_2624,Multi_Category_SPDI,609670,Exception_Handling_Failure,1,1,1,1,1
APP_NLIU_2625,Rule_3_ii_Financial_Data,1276361,XSS,1,1,0,1,0
APP_NLIU_2626,Multi_Category_SPDI,956186,Exception_Handling_Failure,1,0,1,1,0
APP_NLIU_2627,Rule_3_i_Passwords,547516,None,1,1,1,1,0
APP_NLIU_2628,Rule_3_iii_v_Health_Medical_Records,1547091,XSS,1,1,1,1,1
APP_NLIU_2629,Rule_3_ii_Financial_Data,553297,None,1,1,1,0,1
APP_NLIU_2630,Rule_3_ii_Financial_Data,791526,None,0,1,1,1,1
APP_NLIU_2631,Rule_3_iii_v_Health_Medical_Records,1553780,XSS,1,1,1,1,1
APP_NLIU_2632,Rule_3_iii_v_Health_Medical_Records,1134212,Exception_Handling_Failure,1,1,0,0,0
APP_NLIU_2633,Rule_3_i_Passwords,1236869,CSRF,1,1,1,1,0
APP_NLIU_2634,Rule_3_i_Passwords,1152029,None,1,1,0,0,0
APP_NLIU_2635,Rule_3_iii_v_Health_Medical_Records,1464222,Exception_Handling_Failure,0,1,1,1,0
APP_NLIU_2636,Rule_3_iii_v_Health_Medical_Records,1108062,SQL_Injection,0,1,0,1,0
APP_NLIU_2637,Multi_Category_SPDI,1930518,CSRF,0,1,0,1,1
APP_NLIU_2638,Rule_3_vi_Biometric_Information,494881,Exception_Handling_Failure,1,1,1,1,0
APP_NLIU_2639,Multi_Category_SPDI,722654,SQL_Injection,1,0,1,1,1
APP_NLIU_2640,Rule_3_iii_v_Health_Medical_Records,265243,SQL_Injection,1,0,1,1,1
APP_NLIU_2641,Rule_3_ii_Financial_Data,1598724,XSS,1,1,1,1,0
APP_NLIU_2642,Rule_3_i_Passwords,339956,CSRF,1,1,0,1,1
APP_NLIU_2643,Rule_3_vi_Biometric_Information,1381807,XSS,1,0,1,1,1
APP_NLIU_2644,Rule_3_iii_v_Health_Medical_Records,1298432,CSRF,0,1,1,0,1
APP_NLIU_2645,Rule_3_i_Passwords,1455278,SSRF,1,0,1,1,1
APP_NLIU_2646,Rule_3_ii_Financial_Data,1791999,Exception_Handling_Failure,1,1,1,0,0
APP_NLIU_2647,Multi_Category_SPDI,1103183,XSS,0,0,1,1,1
APP_NLIU_2648,Rule_3_iii_v_Health_Medical_Records,1456537,SSRF,1,1,0,1,0
APP_NLIU_2649,Rule_3_ii_Financial_Data,1422384,CSRF,0,1,1,1,1
APP_NLIU_2650,Rule_3_ii_Financial_Data,1263181,XSS,0,1,0,1,1
APP_NLIU_2651,Rule_3_ii_Financial_Data,547618,SQL_Injection,1,0,1,1,1
APP_NLIU_2652,Rule_3_ii_Financial_Data,912235,SQL_Injection,1,1,1,0,0
APP_NLIU_2653,Rule_3_ii_Financial_Data,1749014,SQL_Injection,1,1,1,1,1
APP_NLIU_2654,Rule_3_i_Passwords,1764268,None,1,1,1,1,1
APP_NLIU_2655,Rule_3_vi_Biometric_Information,502337,None,0,1,1,0,0
APP_NLIU_2656,Rule_3_ii_Financial_Data,1829998,None,1,1,0,1,1
APP_NLIU_2657,Rule_3_vi_Biometric_Information,226437,None,1,0,1,0,0
APP_NLIU_2658,Multi_Category_SPDI,1359056,Exception_Handling_Failure,1,0,1,0,0
APP_NLIU_2659,Rule_3_ii_Financial_Data,537358,XSS,1,1,0,1,0
APP_NLIU_2660,Rule_3_iii_v_Health_Medical_Records,530608,Exception_Handling_Failure,0,1,0,1,0
APP_NLIU_2661,Rule_3_ii_Financial_Data,880475,SQL_Injection,1,1,0,1,0
APP_NLIU_2662,Multi_Category_SPDI,306065,Exception_Handling_Failure,1,1,1,1,0
APP_NLIU_2663,Rule_3_ii_Financial_Data,11589,None,1,1,1,0,1
APP_NLIU_2664,Rule_3_iii_v_Health_Medical_Records,884427,XSS,1,0,1,1,0
APP_NLIU_2665,Rule_3_iii_v_Health_Medical_Records,1593453,CSRF,0,1,1,1,1
APP_NLIU_2666,Rule_3_ii_Financial_Data,41375,CSRF,1,1,1,1,0
APP_NLIU_2667,Rule_3_i_Passwords,48085,Exception_Handling_Failure,0,1,1,0,1
APP_NLIU_2668,Rule_3_iii_v_Health_Medical_Records,590128,Exception_Handling_Failure,1,1,1,1,0
APP_NLIU_2669,Rule_3_iii_v_Health_Medical_Records,703560,None,0,0,1,0,0
APP_NLIU_2670,Rule_3_ii_Financial_Data,1676568,CSRF,1,0,0,1,1
APP_NLIU_2671,Rule_3_iii_v_Health_Medical_Records,1997812,None,0,1,1,1,1
APP_NLIU_2672,Rule_3_ii_Financial_Data,888479,XSS,1,1,1,0,1
APP_NLIU_2673,Rule_3_iii_v_Health_Medical_Records,1993506,None,1,1,0,0,1
APP_NLIU_2674,Rule_3_i_Passwords,1084558,XSS,1,1,0,1,1
APP_NLIU_2675,Multi_Category_SPDI,1899728,XSS,0,1,0,1,0
APP_NLIU_2676,Rule_3_ii_Financial_Data,939250,XSS,1,1,1,1,1
APP_NLIU_2677,Rule_3_ii_Financial_Data,1344234,None,0,1,0,0,1
APP_NLIU_2678,Rule_3_i_Passwords,200961,None,1,1,1,1,0
APP_NLIU_2679,Rule_3_i_Passwords,1450643,SQL_Injection,0,1,1,1,0
APP_NLIU_2680,Rule_3_iii_v_Health_Medical_Records,1990876,SQL_Injection,0,1,0,1,0
APP_NLIU_2681,Rule_3_ii_Financial_Data,1653898,None,1,1,1,1,0
APP_NLIU_2682,Rule_3_vi_Biometric_Information,1414108,XSS,0,1,1,1,1
APP_NLIU_2683,Rule_3_i_Passwords,1509777,Exception_Handling_Failure,1,1,0,1,1
APP_NLIU_2684,Rule_3_ii_Financial_Data,49845,XSS,0,0,1,0,0
APP_NLIU_2685,Rule_3_ii_Financial_Data,1987010,SQL_Injection,0,1,1,1,1
APP_NLIU_2686,Rule_3_i_Passwords,1307835,None,1,1,1,1,0
APP_NLIU_2687,Rule_3_i_Passwords,1950861,None,0,1,0,1,0
APP_NLIU_2688,Rule_3_ii_Financial_Data,1161993,CSRF,1,0,1,1,1
APP_NLIU_2689,Rule_3_ii_Financial_Data,118436,CSRF,1,1,1,0,1
APP_NLIU_2690,Rule_3_ii_Financial_Data,1291774,None,1,1,1,1,1
APP_NLIU_2691,Rule_3_iii_v_Health_Medical_Records,1336879,SQL_Injection,1,1,0,1,1
APP_NLIU_2692,Rule_3_iii_v_Health_Medical_Records,493288,None,1,1,0,1,1
APP_NLIU_2693,Rule_3_i_Passwords,94788,CSRF,0,1,1,1,1
APP_NLIU_2694,Rule_3_ii_Financial_Data,1601867,XSS,1,1,0,1,1
APP_NLIU_2695,Multi_Category_SPDI,635010,None,1,0,0,1,1
APP_NLIU_2696,Rule_3_iii_v_Health_Medical_Records,1875147,Exception_Handling_Failure,0,1,0,1,0
APP_NLIU_2697,Rule_3_iii_v_Health_Medical_Records,1290020,XSS,1,1,1,1,1
APP_NLIU_2698,Rule_3_ii_Financial_Data,843884,Exception_Handling_Failure,0,0,0,1,0
APP_NLIU_2699,Rule_3_vi_Biometric_Information,1075781,CSRF,0,1,0,1,1
APP_NLIU_2700,Rule_3_vi_Biometric_Information,1804995,CSRF,0,1,1,1,0
APP_NLIU_2701,Rule_3_iii_v_Health_Medical_Records,1634819,None,1,1,0,1,1
APP_NLIU_2702,Multi_Category_SPDI,1819099,None,0,1,1,1,1
APP_NLIU_2703,Rule_3_i_Passwords,274608,Exception_Handling_Failure,1,1,1,1,0
APP_NLIU_2704,Rule_3_i_Passwords,1791582,CSRF,1,1,1,1,1
APP_NLIU_2705,Rule_3_vi_Biometric_Information,1034356,SQL_Injection,0,0,1,1,0
APP_NLIU_2706,Rule_3_vi_Biometric_Information,208729,SQL_Injection,1,1,1,0,0
APP_NLIU_2707,Rule_3_i_Passwords,276984,XSS,0,1,1,1,1
APP_NLIU_2708,Rule_3_ii_Financial_Data,500832,None,1,1,1,1,0
APP_NLIU_2709,Rule_3_i_Passwords,307912,XSS,1,1,1,1,1
APP_NLIU_2710,Rule_3_ii_Financial_Data,1980541,None,0,0,1,1,0
APP_NLIU_2711,Rule_3_vi_Biometric_Information,812359,SQL_Injection,0,1,1,1,1
APP_NLIU_2712,Rule_3_iii_v_Health_Medical_Records,1012438,CSRF,0,1,1,1,1
APP_NLIU_2713,Rule_3_ii_Financial_Data,1938630,SSRF,0,0,1,0,1
APP_NLIU_2714,Rule_3_ii_Financial_Data,1068905,XSS,0,1,1,1,1
APP_NLIU_2715,Rule_3_i_Passwords,1069367,SQL_Injection,1,0,0,1,0
APP_NLIU_2716,Rule_3_ii_Financial_Data,1368347,None,0,1,1,1,1
APP_NLIU_2717,Rule_3_iii_v_Health_Medical_Records,1444605,SSRF,0,0,1,1,1
APP_NLIU_2718,Multi_Category_SPDI,674732,None,1,0,0,1,0
APP_NLIU_2719,Rule_3_vi_Biometric_Information,1036743,XSS,1,0,1,1,1
APP_NLIU_2720,Rule_3_i_Passwords,1539682,None,1,1,1,1,1
APP_NLIU_2721,Multi_Category_SPDI,1757405,XSS,0,1,1,1,1
APP_NLIU_2722,Rule_3_vi_Biometric_Information,376698,None,1,0,0,0,0
APP_NLIU_2723,Rule_3_vi_Biometric_Information,135436,SQL_Injection,0,1,1,1,0
APP_NLIU_2724,Rule_3_ii_Financial_Data,1140649,None,1,0,0,1,0
APP_NLIU_2725,Rule_3_ii_Financial_Data,1303470,None,1,0,1,0,0
APP_NLIU_2726,Rule_3_ii_Financial_Data,301514,SQL_Injection,1,1,0,1,0
APP_NLIU_2727,Rule_3_i_Passwords,1104984,SQL_Injection,0,0,1,1,1
APP_NLIU_2728,Rule_3_ii_Financial_Data,1406661,XSS,1,1,1,0,0
APP_NLIU_2729,Rule_3_ii_Financial_Data,421919,None,1,1,0,1,1
APP_NLIU_2730,Rule_3_ii_Financial_Data,1199882,XSS,1,0,1,1,1
APP_NLIU_2731,Rule_3_iii_v_Health_Medical_Records,143604,XSS,1,1,1,0,0
APP_NLIU_2732,Rule_3_ii_Financial_Data,302560,SQL_Injection,1,1,1,0,0
APP_NLIU_2733,Rule_3_i_Passwords,1126015,SQL_Injection,1,1,1,0,1
APP_NLIU_2734,Multi_Category_SPDI,547530,None,1,0,1,1,1
APP_NLIU_2735,Multi_Category_SPDI,710614,SQL_Injection,1,1,0,1,1
APP_NLIU_2736,Rule_3_vi_Biometric_Information,1919332,Exception_Handling_Failure,0,1,1,1,1
APP_NLIU_2737,Multi_Category_SPDI,826681,None,1,0,1,1,0
APP_NLIU_2738,Rule_3_iii_v_Health_Medical_Records,1940132,SSRF,0,1,1,1,1
APP_NLIU_2739,Multi_Category_SPDI,886481,Exception_Handling_Failure,1,0,1,1,1
APP_NLIU_2740,Rule_3_i_Passwords,1293223,SQL_Injection,0,1,0,1,0
APP_NLIU_2741,Rule_3_ii_Financial_Data,876510,Exception_Handling_Failure,1,1,1,1,1
APP_NLIU_2742,Rule_3_ii_Financial_Data,299438,SSRF,1,0,1,1,0
APP_NLIU_2743,Rule_3_i_Passwords,1768720,None,0,0,1,1,1
APP_NLIU_2744,Rule_3_i_Passwords,401900,CSRF,1,1,1,1,1
APP_NLIU_2745,Rule_3_iii_v_Health_Medical_Records,422011,XSS,1,1,1,1,1
APP_NLIU_2746,Rule_3_vi_Biometric_Information,522351,XSS,1,1,1,1,1
APP_NLIU_2747,Rule_3_iii_v_Health_Medical_Records,720661,SSRF,1,1,1,1,1
APP_NLIU_2748,Rule_3_i_Passwords,467403,None,1,0,1,0,1
APP_NLIU_2749,Rule_3_vi_Biometric_Information,146503,CSRF,0,1,1,1,1
APP_NLIU_2750,Rule_3_iii_v_Health_Medical_Records,1522459,Exception_Handling_Failure,1,0,1,1,1
APP_NLIU_2751,Rule_3_ii_Financial_Data,356771,SSRF,1,1,0,1,0
APP_NLIU_2752,Rule_3_iii_v_Health_Medical_Records,95381,Exception_Handling_Failure,1,1,1,1,1
APP_NLIU_2753,Rule_3_ii_Financial_Data,357171,SQL_Injection,1,0,1,0,0
APP_NLIU_2754,Rule_3_ii_Financial_Data,1306217,XSS,1,0,0,0,0
APP_NLIU_2755,Multi_Category_SPDI,1764308,SSRF,1,0,1,1,0
APP_NLIU_2756,Rule_3_ii_Financial_Data,861798,None,1,0,1,0,1
APP_NLIU_2757,Rule_3_ii_Financial_Data,99176,CSRF,1,1,1,1,1
APP_NLIU_2758,Multi_Category_SPDI,1697531,None,0,1,1,1,1
APP_NLIU_2759,Rule_3_iii_v_Health_Medical_Records,340014,None,1,1,1,1,1
APP_NLIU_2760,Rule_3_i_Passwords,576675,SSRF,1,1,1,1,0
APP_NLIU_2761,Rule_3_i_Passwords,1761863,Exception_Handling_Failure,1,1,1,1,1
APP_NLIU_2762,Rule_3_i_Passwords,800736,SQL_Injection,0,1,1,1,1
APP_NLIU_2763,Rule_3_iii_v_Health_Medical_Records,1559975,CSRF,0,0,1,1,1
APP_NLIU_2764,Rule_3_ii_Financial_Data,1857040,None,1,0,0,1,0
APP_NLIU_2765,Rule_3_i_Passwords,96291,Exception_Handling_Failure,0,1,1,1,0
APP_NLIU_2766,Multi_Category_SPDI,904321,Exception_Handling_Failure,0,1,1,1,1
APP_NLIU_2767,Rule_3_iii_v_Health_Medical_Records,1113062,CSRF,1,0,1,0,1
APP_NLIU_2768,Rule_3_ii_Financial_Data,1643416,CSRF,1,0,1,1,1
APP_NLIU_2769,Rule_3_iii_v_Health_Medical_Records,996348,SQL_Injection,1,1,1,1,0
APP_NLIU_2770,Rule_3_iii_v_Health_Medical_Records,427870,None,0,1,1,1,1
APP_NLIU_2771,Rule_3_i_Passwords,1092820,XSS,0,1,1,1,1
APP_NLIU_2772,Rule_3_ii_Financial_Data,1452734,None,1,0,1,1,0
APP_NLIU_2773,Rule_3_vi_Biometric_Information,55697,SSRF,1,1,0,1,1
APP_NLIU_2774,Rule_3_ii_Financial_Data,1966039,CSRF,1,1,1,0,1
APP_NLIU_2775,Rule_3_iii_v_Health_Medical_Records,1842701,CSRF,0,0,1,1,1
APP_NLIU_2776,Rule_3_ii_Financial_Data,717111,SQL_Injection,1,1,1,1,0
APP_NLIU_2777,Rule_3_i_Passwords,1134674,CSRF,1,0,1,1,0
APP_NLIU_2778,Rule_3_i_Passwords,1584123,None,0,1,0,1,0
APP_NLIU_2779,Rule_3_ii_Financial_Data,649034,None,1,1,1,0,0
APP_NLIU_2780,Rule_3_ii_Financial_Data,512099,XSS,1,1,0,0,1
APP_NLIU_2781,Rule_3_i_Passwords,112772,XSS,0,1,0,1,1
APP_NLIU_2782,Rule_3_vi_Biometric_Information,122928,SQL_Injection,0,0,1,1,1
APP_NLIU_2783,Multi_Category_SPDI,1976022,None,1,1,1,0,1
APP_NLIU_2784,Rule_3_vi_Biometric_Information,1100995,SQL_Injection,0,1,0,1,1
APP_NLIU_2785,Multi_Category_SPDI,1417812,None,0,1,1,1,1
APP_NLIU_2786,Rule_3_ii_Financial_Data,1371825,XSS,0,0,1,0,0
APP_NLIU_2787,Multi_Category_SPDI,201979,CSRF,0,1,0,1,0
APP_NLIU_2788,Rule_3_i_Passwords,1736319,None,1,1,1,1,0
APP_NLIU_2789,Multi_Category_SPDI,28404,SQL_Injection,0,1,1,1,1
APP_NLIU_2790,Multi_Category_SPDI,864088,XSS,0,1,1,1,1
APP_NLIU_2791,Rule_3_iii_v_Health_Medical_Records,141774,XSS,1,1,1,1,1
APP_NLIU_2792,Multi_Category_SPDI,1520675,SSRF,1,1,1,1,1
APP_NLIU_2793,Rule_3_iii_v_Health_Medical_Records,105965,XSS,1,0,1,0,1
APP_NLIU_2794,Rule_3_ii_Financial_Data,1634196,Exception_Handling_Failure,0,1,1,1,1
APP_NLIU_2795,Rule_3_ii_Financial_Data,1224067,None,1,1,1,1,0
APP_NLIU_2796,Rule_3_iii_v_Health_Medical_Records,1799512,SQL_Injection,0,1,1,1,0
APP_NLIU_2797,Rule_3_i_Passwords,1681046,None,0,1,1,1,1
APP_NLIU_2798,Rule_3_iii_v_Health_Medical_Records,1427115,SSRF,1,1,1,1,0
APP_NLIU_2799,Multi_Category_SPDI,1942627,SSRF,1,1,1,1,1
APP_NLIU_2800,Rule_3_i_Passwords,1534870,CSRF,1,1,1,1,1
APP_NLIU_2801,Rule_3_vi_Biometric_Information,113269,SQL_Injection,0,0,1,1,1
APP_NLIU_2802,Multi_Category_SPDI,865276,SQL_Injection,1,1,0,1,1
APP_NLIU_2803,Multi_Category_SPDI,437458,None,0,1,1,1,1
APP_NLIU_2804,Multi_Category_SPDI,916415,CSRF,1,1,1,1,1
APP_NLIU_2805,Rule_3_iii_v_Health_Medical_Records,39142,SQL_Injection,1,1,1,1,1
APP_NLIU_2806,Multi_Category_SPDI,114699,SQL_Injection,1,1,1,1,0
APP_NLIU_2807,Rule_3_vi_Biometric_Information,1674090,None,1,1,1,1,1
APP_NLIU_2808,Rule_3_i_Passwords,1323113,None,1,1,1,1,0
APP_NLIU_2809,Rule_3_ii_Financial_Data,730299,CSRF,1,1,1,0,0
APP_NLIU_2810,Rule_3_iii_v_Health_Medical_Records,729442,SQL_Injection,1,1,0,1,1
APP_NLIU_2811,Rule_3_ii_Financial_Data,107281,SSRF,1,1,1,1,0
APP_NLIU_2812,Rule_3_iii_v_Health_Medical_Records,1475685,SQL_Injection,1,0,0,1,1
APP_NLIU_2813,Rule_3_iii_v_Health_Medical_Records,1587252,SQL_Injection,1,1,1,1,0
APP_NLIU_2814,Rule_3_i_Passwords,1564891,XSS,1,1,1,1,1
APP_NLIU_2815,Rule_3_iii_v_Health_Medical_Records,505508,SSRF,0,0,1,0,0
APP_NLIU_2816,Rule_3_vi_Biometric_Information,1116545,XSS,0,0,1,1,1
APP_NLIU_2817,Rule_3_ii_Financial_Data,1614524,CSRF,1,0,1,1,0
APP_NLIU_2818,Rule_3_i_Passwords,94244,None,1,1,1,1,0
APP_NLIU_2819,Rule_3_i_Passwords,947230,None,0,1,1,1,1
APP_NLIU_2820,Rule_3_ii_Financial_Data,1657408,XSS,0,0,1,1,1
APP_NLIU_2821,Multi_Category_SPDI,761913,CSRF,1,1,1,1,1
APP_NLIU_2822,Rule_3_ii_Financial_Data,199068,CSRF,1,0,1,1,0
APP_NLIU_2823,Rule_3_iii_v_Health_Medical_Records,1446903,XSS,1,0,1,1,1
APP_NLIU_2824,Rule_3_ii_Financial_Data,1693234,None,0,1,0,0,1
APP_NLIU_2825,Rule_3_ii_Financial_Data,546833,XSS,1,1,0,0,1
APP_NLIU_2826,Rule_3_vi_Biometric_Information,662739,None,0,1,0,1,1
APP_NLIU_2827,Rule_3_iii_v_Health_Medical_Records,1280421,None,0,1,1,1,1
APP_NLIU_2828,Rule_3_i_Passwords,509700,CSRF,0,1,1,1,1
APP_NLIU_2829,Rule_3_ii_Financial_Data,1927354,XSS,1,1,1,1,1
APP_NLIU_2830,Rule_3_i_Passwords,701480,SQL_Injection,1,1,1,1,1
APP_NLIU_2831,Rule_3_ii_Financial_Data,1333529,SSRF,1,0,1,1,1
APP_NLIU_2832,Rule_3_iii_v_Health_Medical_Records,975317,XSS,1,1,1,1,1
APP_NLIU_2833,Rule_3_i_Passwords,472221,SSRF,1,1,1,0,0
APP_NLIU_2834,Rule_3_ii_Financial_Data,1343687,None,1,1,1,1,1
APP_NLIU_2835,Rule_3_ii_Financial_Data,932252,SSRF,1,1,0,1,1
APP_NLIU_2836,Multi_Category_SPDI,1077000,XSS,1,1,1,1,0
APP_NLIU_2837,Multi_Category_SPDI,946418,Exception_Handling_Failure,1,0,1,1,1
APP_NLIU_2838,Rule_3_i_Passwords,755963,Exception_Handling_Failure,1,1,1,0,1
APP_NLIU_2839,Rule_3_vi_Biometric_Information,1948419,CSRF,1,1,1,1,1
APP_NLIU_2840,Rule_3_ii_Financial_Data,1787414,None,1,0,1,1,0
APP_NLIU_2841,Rule_3_ii_Financial_Data,417707,XSS,1,1,1,1,1
APP_NLIU_2842,Rule_3_vi_Biometric_Information,1234102,XSS,0,1,1,1,1
APP_NLIU_2843,Multi_Category_SPDI,337213,SQL_Injection,1,0,0,1,0
APP_NLIU_2844,Multi_Category_SPDI,1236573,XSS,1,1,1,0,1
APP_NLIU_2845,Rule_3_iii_v_Health_Medical_Records,880551,None,0,1,1,1,1
APP_NLIU_2846,Rule_3_ii_Financial_Data,1614913,Exception_Handling_Failure,1,1,1,1,1
APP_NLIU_2847,Rule_3_vi_Biometric_Information,294965,None,0,1,0,0,1
APP_NLIU_2848,Rule_3_ii_Financial_Data,887229,XSS,1,0,1,1,1
APP_NLIU_2849,Rule_3_iii_v_Health_Medical_Records,1025576,SQL_Injection,1,1,1,0,0
APP_NLIU_2850,Rule_3_ii_Financial_Data,690305,SQL_Injection,1,1,0,1,0
APP_NLIU_2851,Rule_3_iii_v_Health_Medical_Records,939888,CSRF,0,1,1,1,1
APP_NLIU_2852,Rule_3_ii_Financial_Data,1475202,Exception_Handling_Failure,1,1,1,1,0
APP_NLIU_2853,Rule_3_i_Passwords,1131310,None,0,0,1,1,1
APP_NLIU_2854,Multi_Category_SPDI,461982,CSRF,0,1,0,1,0
APP_NLIU_2855,Rule_3_i_Passwords,230962,XSS,0,0,1,1,1
APP_NLIU_2856,Rule_3_iii_v_Health_Medical_Records,514622,XSS,0,0,0,0,0
APP_NLIU_2857,Rule_3_ii_Financial_Data,405385,XSS,0,0,1,1,1
APP_NLIU_2858,Rule_3_i_Passwords,1413165,SSRF,1,1,1,1,1
APP_NLIU_2859,Rule_3_i_Passwords,533118,SQL_Injection,1,1,0,1,1
APP_NLIU_2860,Rule_3_i_Passwords,978810,SSRF,1,1,1,1,1
APP_NLIU_2861,Multi_Category_SPDI,1926948,SQL_Injection,1,1,1,1,1
APP_NLIU_2862,Rule_3_ii_Financial_Data,1249915,SSRF,1,1,1,1,1
APP_NLIU_2863,Multi_Category_SPDI,1212405,SQL_Injection,1,0,1,1,0
APP_NLIU_2864,Rule_3_iii_v_Health_Medical_Records,1117443,Exception_Handling_Failure,1,1,1,0,1
APP_NLIU_2865,Rule_3_ii_Financial_Data,958154,CSRF,1,1,0,1,1
APP_NLIU_2866,Rule_3_iii_v_Health_Medical_Records,694126,None,0,0,0,1,1
APP_NLIU_2867,Rule_3_iii_v_Health_Medical_Records,1003982,SSRF,0,1,1,1,1
APP_NLIU_2868,Rule_3_vi_Biometric_Information,1872427,CSRF,1,1,0,1,0
APP_NLIU_2869,Rule_3_ii_Financial_Data,808100,CSRF,1,1,0,1,0
APP_NLIU_2870,Rule_3_ii_Financial_Data,1463038,SQL_Injection,1,1,1,1,0
APP_NLIU_2871,Multi_Category_SPDI,1078572,None,0,1,0,1,1
APP_NLIU_2872,Multi_Category_SPDI,318456,SQL_Injection,0,0,0,1,1
APP_NLIU_2873,Multi_Category_SPDI,1712001,None,1,0,1,1,0
APP_NLIU_2874,Rule_3_ii_Financial_Data,1326187,None,1,1,0,1,0
APP_NLIU_2875,Rule_3_vi_Biometric_Information,973150,XSS,1,0,1,1,0
APP_NLIU_2876,Rule_3_ii_Financial_Data,1295028,XSS,1,1,0,1,1
APP_NLIU_2877,Rule_3_ii_Financial_Data,1729943,Exception_Handling_Failure,0,1,1,1,0
APP_NLIU_2878,Rule_3_ii_Financial_Data,1777015,CSRF,1,1,1,0,1
APP_NLIU_2879,Rule_3_iii_v_Health_Medical_Records,1344422,Exception_Handling_Failure,1,0,1,1,0
APP_NLIU_2880,Rule_3_i_Passwords,623657,SQL_Injection,1,0,0,1,1
APP_NLIU_2881,Rule_3_ii_Financial_Data,604857,SQL_Injection,0,1,1,0,0
APP_NLIU_2882,Multi_Category_SPDI,321096,XSS,1,1,1,0,0
APP_NLIU_2883,Rule_3_ii_Financial_Data,980569,XSS,1,1,0,1,1
APP_NLIU_2884,Rule_3_i_Passwords,563457,None,0,1,0,1,1
APP_NLIU_2885,Rule_3_i_Passwords,1070405,SQL_Injection,1,1,1,1,1
APP_NLIU_2886,Multi_Category_SPDI,982639,None,1,1,1,1,0
APP_NLIU_2887,Rule_3_iii_v_Health_Medical_Records,9522,SSRF,0,0,1,1,1
APP_NLIU_2888,Rule_3_ii_Financial_Data,1925695,CSRF,1,1,1,1,0
APP_NLIU_2889,Rule_3_vi_Biometric_Information,1482111,CSRF,0,1,0,1,1
APP_NLIU_2890,Rule_3_vi_Biometric_Information,1436054,XSS,1,1,1,1,0
APP_NLIU_2891,Rule_3_ii_Financial_Data,1997623,SSRF,1,0,1,0,0
APP_NLIU_2892,Rule_3_iii_v_Health_Medical_Records,123576,XSS,1,1,1,1,0
APP_NLIU_2893,Rule_3_vi_Biometric_Information,1549912,None,0,1,0,1,0
APP_NLIU_2894,Rule_3_iii_v_Health_Medical_Records,908851,XSS,1,1,0,1,1
APP_NLIU_2895,Rule_3_i_Passwords,166545,XSS,1,0,1,1,1
APP_NLIU_2896,Multi_Category_SPDI,799131,None,0,1,1,1,1
APP_NLIU_2897,Rule_3_iii_v_Health_Medical_Records,1121741,None,1,1,1,0,0
APP_NLIU_2898,Rule_3_ii_Financial_Data,1487247,XSS,0,1,1,1,0
APP_NLIU_2899,Rule_3_ii_Financial_Data,1653556,CSRF,1,0,1,1,0
APP_NLIU_2900,Rule_3_i_Passwords,546729,None,1,0,1,1,0
APP_NLIU_2901,Rule_3_i_Passwords,35716,XSS,1,0,1,1,0
APP_NLIU_2902,Rule_3_vi_Biometric_Information,1640039,SSRF,1,1,1,1,0
APP_NLIU_2903,Rule_3_i_Passwords,1060410,CSRF,1,1,1,1,1
APP_NLIU_2904,Rule_3_ii_Financial_Data,1570429,None,0,0,0,0,1
APP_NLIU_2905,Rule_3_iii_v_Health_Medical_Records,1315185,SQL_Injection,0,0,0,0,1
APP_NLIU_2906,Rule_3_i_Passwords,23179,None,0,1,1,1,1
APP_NLIU_2907,Multi_Category_SPDI,1341939,SQL_Injection,1,1,1,1,1
APP_NLIU_2908,Rule_3_ii_Financial_Data,108153,None,1,1,0,0,0
APP_NLIU_2909,Rule_3_ii_Financial_Data,1724718,CSRF,1,1,1,1,0
APP_NLIU_2910,Rule_3_ii_Financial_Data,1528155,XSS,0,1,1,1,1
APP_NLIU_2911,Rule_3_ii_Financial_Data,1831839,None,1,0,1,1,1
APP_NLIU_2912,Rule_3_i_Passwords,604255,XSS,1,1,1,1,1
APP_NLIU_2913,Rule_3_iii_v_Health_Medical_Records,893886,XSS,1,1,0,1,1
APP_NLIU_2914,Multi_Category_SPDI,1032097,SQL_Injection,1,0,0,1,1
APP_NLIU_2915,Rule_3_ii_Financial_Data,1587360,SQL_Injection,1,1,1,1,1
APP_NLIU_2916,Rule_3_iii_v_Health_Medical_Records,1797803,SSRF,1,1,1,1,1
APP_NLIU_2917,Rule_3_iii_v_Health_Medical_Records,1748174,Exception_Handling_Failure,1,0,1,1,0
APP_NLIU_2918,Rule_3_vi_Biometric_Information,51025,SQL_Injection,1,0,0,1,1
APP_NLIU_2919,Rule_3_ii_Financial_Data,1313857,SQL_Injection,0,1,1,1,1
APP_NLIU_2920,Rule_3_ii_Financial_Data,1375606,XSS,0,1,1,1,1
APP_NLIU_2921,Rule_3_ii_Financial_Data,1470355,Exception_Handling_Failure,1,1,1,0,0
APP_NLIU_2922,Rule_3_iii_v_Health_Medical_Records,1843720,None,1,1,1,1,1
APP_NLIU_2923,Rule_3_vi_Biometric_Information,1409787,SSRF,1,1,1,1,0
APP_NLIU_2924,Rule_3_i_Passwords,312633,SQL_Injection,1,0,1,1,1
APP_NLIU_2925,Rule_3_ii_Financial_Data,37664,None,1,0,1,1,1
APP_NLIU_2926,Multi_Category_SPDI,1819735,CSRF,1,0,1,0,0
APP_NLIU_2927,Rule_3_vi_Biometric_Information,148492,None,0,1,1,1,1
APP_NLIU_2928,Multi_Category_SPDI,977114,None,1,1,1,0,1
APP_NLIU_2929,Rule_3_vi_Biometric_Information,796747,None,1,1,1,1,0
APP_NLIU_2930,Rule_3_ii_Financial_Data,1517709,SSRF,0,1,0,0,0
APP_NLIU_2931,Rule_3_iii_v_Health_Medical_Records,1915041,None,0,1,1,0,1
APP_NLIU_2932,Rule_3_iii_v_Health_Medical_Records,230648,None,1,0,1,1,1
APP_NLIU_2933,Rule_3_i_Passwords,1695726,XSS,0,1,1,1,0
APP_NLIU_2934,Rule_3_iii_v_Health_Medical_Records,496127,CSRF,1,0,0,1,1
APP_NLIU_2935,Rule_3_iii_v_Health_Medical_Records,608318,CSRF,1,1,1,1,0
APP_NLIU_2936,Rule_3_i_Passwords,68910,SQL_Injection,0,1,1,1,0
APP_NLIU_2937,Rule_3_vi_Biometric_Information,757648,XSS,0,0,1,1,0
APP_NLIU_2938,Rule_3_iii_v_Health_Medical_Records,983476,XSS,1,1,1,1,0
APP_NLIU_2939,Multi_Category_SPDI,1961083,CSRF,1,0,1,1,1
APP_NLIU_2940,Rule_3_i_Passwords,1799829,XSS,1,1,1,0,1
APP_NLIU_2941,Rule_3_ii_Financial_Data,1371639,CSRF,0,0,1,1,0
APP_NLIU_2942,Rule_3_iii_v_Health_Medical_Records,741648,Exception_Handling_Failure,1,1,1,0,0
APP_NLIU_2943,Rule_3_ii_Financial_Data,1549718,None,1,1,1,1,1
APP_NLIU_2944,Rule_3_iii_v_Health_Medical_Records,402348,SSRF,1,1,0,1,0
APP_NLIU_2945,Rule_3_vi_Biometric_Information,394297,CSRF,1,1,1,1,0
APP_NLIU_2946,Rule_3_i_Passwords,1095174,SQL_Injection,0,0,1,1,0
APP_NLIU_2947,Rule_3_iii_v_Health_Medical_Records,1540604,Exception_Handling_Failure,1,1,1,0,1
APP_NLIU_2948,Rule_3_iii_v_Health_Medical_Records,503515,None,0,1,1,1,0
APP_NLIU_2949,Rule_3_ii_Financial_Data,943055,None,1,1,1,1,1
APP_NLIU_2950,Multi_Category_SPDI,1908214,CSRF,0,1,1,1,1
APP_NLIU_2951,Rule_3_vi_Biometric_Information,342044,None,1,0,1,1,0
APP_NLIU_2952,Rule_3_iii_v_Health_Medical_Records,31296,SQL_Injection,1,1,1,1,0
APP_NLIU_2953,Rule_3_iii_v_Health_Medical_Records,1202714,Exception_Handling_Failure,1,1,1,1,1
APP_NLIU_2954,Rule_3_ii_Financial_Data,1213540,SQL_Injection,1,1,1,1,1
APP_NLIU_2955,Multi_Category_SPDI,604865,None,1,1,0,1,1
APP_NLIU_2956,Rule_3_iii_v_Health_Medical_Records,734950,XSS,1,0,0,1,0
APP_NLIU_2957,Rule_3_iii_v_Health_Medical_Records,1655037,Exception_Handling_Failure,1,1,1,1,0
APP_NLIU_2958,Multi_Category_SPDI,474509,None,0,0,1,1,1
APP_NLIU_2959,Rule_3_ii_Financial_Data,1118347,SSRF,0,1,0,1,0
APP_NLIU_2960,Rule_3_vi_Biometric_Information,505010,SQL_Injection,1,1,1,1,1
APP_NLIU_2961,Rule_3_i_Passwords,949988,None,0,0,1,1,0
APP_NLIU_2962,Rule_3_ii_Financial_Data,1917873,CSRF,1,1,1,0,1
APP_NLIU_2963,Rule_3_ii_Financial_Data,104074,SQL_Injection,0,0,0,1,0
APP_NLIU_2964,Multi_Category_SPDI,528136,XSS,1,1,1,1,1
APP_NLIU_2965,Multi_Category_SPDI,1473907,XSS,1,1,0,1,1
APP_NLIU_2966,Rule_3_iii_v_Health_Medical_Records,686398,SQL_Injection,0,1,0,1,0
APP_NLIU_2967,Rule_3_iii_v_Health_Medical_Records,565910,CSRF,0,1,0,0,0
APP_NLIU_2968,Rule_3_iii_v_Health_Medical_Records,1351606,SQL_Injection,1,1,1,1,1
APP_NLIU_2969,Multi_Category_SPDI,1194549,XSS,1,0,0,1,1
APP_NLIU_2970,Rule_3_ii_Financial_Data,847809,None,1,1,0,1,1
APP_NLIU_2971,Rule_3_ii_Financial_Data,87910,None,1,0,0,1,0
APP_NLIU_2972,Rule_3_i_Passwords,1234510,Exception_Handling_Failure,0,1,1,0,1
APP_NLIU_2973,Rule_3_vi_Biometric_Information,386136,SSRF,0,1,1,0,0
APP_NLIU_2974,Rule_3_iii_v_Health_Medical_Records,518271,None,0,1,0,1,0
APP_NLIU_2975,Rule_3_ii_Financial_Data,510042,XSS,1,0,1,1,0
APP_NLIU_2976,Rule_3_i_Passwords,168878,SSRF,1,0,1,1,0
APP_NLIU_2977,Rule_3_vi_Biometric_Information,678019,None,0,0,0,1,0
APP_NLIU_2978,Rule_3_i_Passwords,1036810,None,1,1,0,1,1
APP_NLIU_2979,Rule_3_iii_v_Health_Medical_Records,159525,None,1,0,0,1,0
APP_NLIU_2980,Multi_Category_SPDI,953002,None,1,1,1,1,1
APP_NLIU_2981,Rule_3_ii_Financial_Data,1517185,SSRF,1,1,1,1,0
APP_NLIU_2982,Rule_3_ii_Financial_Data,807744,SSRF,1,1,0,1,1
APP_NLIU_2983,Rule_3_iii_v_Health_Medical_Records,792868,Exception_Handling_Failure,1,1,0,1,0
APP_NLIU_2984,Rule_3_vi_Biometric_Information,1867577,SSRF,1,1,1,0,0
APP_NLIU_2985,Rule_3_iii_v_Health_Medical_Records,457029,XSS,1,0,1,1,0
APP_NLIU_2986,Multi_Category_SPDI,646075,None,1,1,1,0,0
APP_NLIU_2987,Rule_3_i_Passwords,1668349,None,1,1,1,1,0
APP_NLIU_2988,Rule_3_iii_v_Health_Medical_Records,1754922,XSS,1,0,1,1,1
APP_NLIU_2989,Rule_3_iii_v_Health_Medical_Records,369699,None,1,1,0,1,0
APP_NLIU_2990,Multi_Category_SPDI,713537,None,1,1,1,1,0
APP_NLIU_2991,Rule_3_i_Passwords,1051045,Exception_Handling_Failure,0,0,0,1,0
APP_NLIU_2992,Rule_3_vi_Biometric_Information,1456097,SSRF,1,0,0,1,1
APP_NLIU_2993,Rule_3_iii_v_Health_Medical_Records,37646,CSRF,1,0,1,1,1
APP_NLIU_2994,Rule_3_ii_Financial_Data,1129702,CSRF,1,1,1,1,1
APP_NLIU_2995,Rule_3_i_Passwords,519116,SQL_Injection,1,1,1,1,1
APP_NLIU_2996,Multi_Category_SPDI,1695786,CSRF,1,0,0,1,1
APP_NLIU_2997,Rule_3_i_Passwords,1308793,SSRF,0,1,1,1,0
APP_NLIU_2998,Rule_3_ii_Financial_Data,831862,XSS,1,1,1,1,0
APP_NLIU_2999,Rule_3_ii_Financial_Data,389382,None,1,1,1,1,1
APP_NLIU_3000,Multi_Category_SPDI,597947,SQL_Injection,1,1,1,1,0
APP_NLIU_3001,Rule_3_iii_v_Health_Medical_Records,644629,None,1,0,0,1,1
APP_NLIU_3002,Rule_3_vi_Biometric_Information,533446,Exception_Handling_Failure,0,1,1,1,1
APP_NLIU_3003,Rule_3_ii_Financial_Data,1127812,SQL_Injection,1,1,1,1,1
APP_NLIU_3004,Rule_3_iii_v_Health_Medical_Records,1129643,None,0,1,1,1,0
APP_NLIU_3005,Rule_3_iii_v_Health_Medical_Records,688098,XSS,1,0,1,1,1
APP_NLIU_3006,Rule_3_vi_Biometric_Information,14879,CSRF,0,0,1,1,0
APP_NLIU_3007,Multi_Category_SPDI,141615,None,1,1,1,1,1
APP_NLIU_3008,Rule_3_i_Passwords,641572,CSRF,0,1,1,1,0
APP_NLIU_3009,Rule_3_iii_v_Health_Medical_Records,183996,Exception_Handling_Failure,1,1,1,1,1
APP_NLIU_3010,Rule_3_i_Passwords,1489140,SQL_Injection,1,1,1,1,1
APP_NLIU_3011,Rule_3_iii_v_Health_Medical_Records,351261,None,0,0,1,0,0
APP_NLIU_3012,Rule_3_ii_Financial_Data,959183,XSS,1,1,1,1,0
APP_NLIU_3013,Rule_3_ii_Financial_Data,215190,Exception_Handling_Failure,0,0,1,1,0
APP_NLIU_3014,Rule_3_ii_Financial_Data,1621752,SSRF,1,1,0,1,1
APP_NLIU_3015,Rule_3_iii_v_Health_Medical_Records,821708,Exception_Handling_Failure,1,1,1,1,1
APP_NLIU_3016,Rule_3_ii_Financial_Data,1026043,None,1,0,0,0,0
APP_NLIU_3017,Rule_3_iii_v_Health_Medical_Records,534087,XSS,1,0,1,0,0
APP_NLIU_3018,Rule_3_ii_Financial_Data,488843,Exception_Handling_Failure,1,1,1,1,1
APP_NLIU_3019,Rule_3_i_Passwords,754130,XSS,0,1,1,0,0
APP_NLIU_3020,Rule_3_vi_Biometric_Information,1428249,None,1,1,1,1,1
APP_NLIU_3021,Rule_3_ii_Financial_Data,916145,XSS,0,1,1,0,0
APP_NLIU_3022,Rule_3_ii_Financial_Data,1566840,None,1,1,1,1,1
APP_NLIU_3023,Rule_3_iii_v_Health_Medical_Records,95141,None,1,1,1,1,0
APP_NLIU_3024,Rule_3_ii_Financial_Data,983062,XSS,0,1,1,1,0
APP_NLIU_3025,Rule_3_i_Passwords,1430733,SSRF,0,1,0,1,1
APP_NLIU_3026,Rule_3_ii_Financial_Data,1347388,XSS,0,0,1,1,0
APP_NLIU_3027,Multi_Category_SPDI,1188759,None,1,0,0,0,1
APP_NLIU_3028,Rule_3_iii_v_Health_Medical_Records,1471478,SSRF,1,1,1,1,1
APP_NLIU_3029,Rule_3_iii_v_Health_Medical_Records,208623,XSS,1,1,1,1,0
APP_NLIU_3030,Rule_3_iii_v_Health_Medical_Records,1912400,None,1,1,1,1,1
APP_NLIU_3031,Rule_3_i_Passwords,1070066,CSRF,0,0,1,0,0
APP_NLIU_3032,Rule_3_ii_Financial_Data,433410,Exception_Handling_Failure,1,0,1,0,1
APP_NLIU_3033,Rule_3_vi_Biometric_Information,1985577,SSRF,1,0,1,1,0
APP_NLIU_3034,Rule_3_i_Passwords,779426,SQL_Injection,1,0,1,1,0
APP_NLIU_3035,Rule_3_ii_Financial_Data,451732,None,1,1,1,1,1
APP_NLIU_3036,Rule_3_ii_Financial_Data,646507,SQL_Injection,1,1,1,1,1
APP_NLIU_3037,Rule_3_ii_Financial_Data,486946,CSRF,0,1,1,0,1
APP_NLIU_3038,Multi_Category_SPDI,573392,None,1,1,1,1,1
APP_NLIU_3039,Rule_3_i_Passwords,1583180,CSRF,1,1,1,0,1
APP_NLIU_3040,Rule_3_iii_v_Health_Medical_Records,1091706,None,1,0,1,1,1
APP_NLIU_3041,Rule_3_i_Passwords,468445,None,1,1,1,1,0
APP_NLIU_3042,Multi_Category_SPDI,374438,CSRF,1,1,1,1,0
APP_NLIU_3043,Rule_3_i_Passwords,821386,SQL_Injection,1,0,1,1,1
APP_NLIU_3044,Rule_3_ii_Financial_Data,1429157,None,1,1,0,0,1
APP_NLIU_3045,Rule_3_iii_v_Health_Medical_Records,1992732,XSS,1,1,1,0,1
APP_NLIU_3046,Rule_3_iii_v_Health_Medical_Records,150250,SQL_Injection,1,0,0,1,0
APP_NLIU_3047,Rule_3_ii_Financial_Data,1031437,None,0,0,1,1,1
APP_NLIU_3048,Rule_3_ii_Financial_Data,187235,SQL_Injection,0,1,1,1,0
APP_NLIU_3049,Rule_3_ii_Financial_Data,937255,None,1,0,1,1,1
APP_NLIU_3050,Rule_3_ii_Financial_Data,1974124,SQL_Injection,0,0,1,1,1
APP_NLIU_3051,Rule_3_ii_Financial_Data,592453,SQL_Injection,0,1,0,1,0
APP_NLIU_3052,Rule_3_ii_Financial_Data,409696,SSRF,1,1,1,0,1
APP_NLIU_3053,Rule_3_ii_Financial_Data,1774375,None,0,1,1,1,0
APP_NLIU_3054,Rule_3_ii_Financial_Data,442090,Exception_Handling_Failure,1,1,0,0,0
APP_NLIU_3055,Rule_3_iii_v_Health_Medical_Records,764893,None,1,1,0,1,0
APP_NLIU_3056,Multi_Category_SPDI,596063,CSRF,1,1,0,1,1
APP_NLIU_3057,Rule_3_iii_v_Health_Medical_Records,404782,CSRF,0,1,1,1,0
APP_NLIU_3058,Rule_3_i_Passwords,352455,SSRF,0,1,1,1,0
APP_NLIU_3059,Rule_3_i_Passwords,1549309,XSS,1,0,1,1,0
APP_NLIU_3060,Multi_Category_SPDI,1631013,XSS,1,1,0,1,1
APP_NLIU_3061,Rule_3_ii_Financial_Data,1974086,Exception_Handling_Failure,1,1,0,1,0
APP_NLIU_3062,Rule_3_i_Passwords,1388281,CSRF,0,1,1,1,1
APP_NLIU_3063,Rule_3_iii_v_Health_Medical_Records,1466215,None,1,1,1,1,1
APP_NLIU_3064,Rule_3_iii_v_Health_Medical_Records,1668574,SSRF,0,1,1,1,1
APP_NLIU_3065,Rule_3_iii_v_Health_Medical_Records,97199,None,1,1,1,1,1
APP_NLIU_3066,Rule_3_ii_Financial_Data,1218600,SQL_Injection,1,0,1,1,1
APP_NLIU_3067,Rule_3_i_Passwords,556614,XSS,0,1,1,0,0
APP_NLIU_3068,Multi_Category_SPDI,908704,CSRF,1,1,1,1,0
APP_NLIU_3069,Rule_3_ii_Financial_Data,1084715,XSS,0,0,1,1,1
APP_NLIU_3070,Rule_3_iii_v_Health_Medical_Records,722463,XSS,1,0,0,0,1
APP_NLIU_3071,Rule_3_iii_v_Health_Medical_Records,510950,XSS,1,1,1,1,1
APP_NLIU_3072,Rule_3_iii_v_Health_Medical_Records,1245505,XSS,0,1,1,1,1
APP_NLIU_3073,Rule_3_ii_Financial_Data,1389358,None,1,0,1,0,1
APP_NLIU_3074,Rule_3_ii_Financial_Data,1034677,Exception_Handling_Failure,1,1,1,1,0
APP_NLIU_3075,Rule_3_iii_v_Health_Medical_Records,339796,None,1,0,0,1,0
APP_NLIU_3076,Multi_Category_SPDI,1590801,SSRF,0,1,0,1,0
APP_NLIU_3077,Multi_Category_SPDI,1311582,Exception_Handling_Failure,1,1,1,1,1
APP_NLIU_3078,Rule_3_i_Passwords,821593,XSS,0,0,0,0,0
APP_NLIU_3079,Rule_3_i_Passwords,926887,CSRF,1,0,1,1,1
APP_NLIU_3080,Multi_Category_SPDI,877288,XSS,1,1,1,1,1
APP_NLIU_3081,Rule_3_iii_v_Health_Medical_Records,514603,CSRF,0,1,1,1,1
APP_NLIU_3082,Multi_Category_SPDI,1385763,SQL_Injection,0,0,1,1,0
APP_NLIU_3083,Rule_3_ii_Financial_Data,1723671,SSRF,1,1,1,1,0
APP_NLIU_3084,Rule_3_iii_v_Health_Medical_Records,1113495,SQL_Injection,1,1,1,1,0
APP_NLIU_3085,Rule_3_iii_v_Health_Medical_Records,1017753,Exception_Handling_Failure,1,1,0,1,1
APP_NLIU_3086,Rule_3_iii_v_Health_Medical_Records,1397775,Exception_Handling_Failure,0,1,1,1,0
APP_NLIU_3087,Rule_3_ii_Financial_Data,465777,None,1,1,1,1,1
APP_NLIU_3088,Rule_3_i_Passwords,1925463,None,0,1,1,1,1
APP_NLIU_3089,Rule_3_iii_v_Health_Medical_Records,1484414,SQL_Injection,1,0,1,1,0
APP_NLIU_3090,Rule_3_ii_Financial_Data,305279,None,1,1,1,1,0
APP_NLIU_3091,Rule_3_ii_Financial_Data,1744594,None,1,1,1,1,1
APP_NLIU_3092,Multi_Category_SPDI,1924685,XSS,0,0,0,0,1
APP_NLIU_3093,Rule_3_ii_Financial_Data,1345416,XSS,1,1,0,1,1
APP_NLIU_3094,Rule_3_vi_Biometric_Information,139845,None,1,0,0,1,0
APP_NLIU_3095,Rule_3_i_Passwords,1078532,XSS,1,1,0,1,0
APP_NLIU_3096,Rule_3_iii_v_Health_Medical_Records,1855827,None,0,1,1,0,0
APP_NLIU_3097,Multi_Category_SPDI,268672,SQL_Injection,1,1,0,1,1
APP_NLIU_3098,Rule_3_i_Passwords,394925,SSRF,1,1,0,1,0
APP_NLIU_3099,Rule_3_i_Passwords,91491,XSS,0,0,0,0,1
APP_NLIU_3100,Rule_3_ii_Financial_Data,1098164,XSS,1,1,1,1,1
APP_NLIU_3101,Rule_3_i_Passwords,206657,None,0,1,1,1,1
APP_NLIU_3102,Rule_3_iii_v_Health_Medical_Records,1152728,None,1,0,1,1,0
APP_NLIU_3103,Multi_Category_SPDI,657160,CSRF,1,1,1,1,1
APP_NLIU_3104,Rule_3_ii_Financial_Data,1467303,SQL_Injection,1,0,1,1,1
APP_NLIU_3105,Rule_3_ii_Financial_Data,801551,None,1,1,1,1,0
APP_NLIU_3106,Rule_3_ii_Financial_Data,1391613,Exception_Handling_Failure,1,1,1,1,0
APP_NLIU_3107,Rule_3_iii_v_Health_Medical_Records,1069743,SSRF,0,1,0,1,1
APP_NLIU_3108,Rule_3_i_Passwords,1765439,XSS,1,0,1,1,1
APP_NLIU_3109,Rule_3_iii_v_Health_Medical_Records,1164358,None,1,1,1,0,0
APP_NLIU_3110,Rule_3_iii_v_Health_Medical_Records,1043058,None,0,0,1,1,1
APP_NLIU_3111,Rule_3_iii_v_Health_Medical_Records,1534581,XSS,0,1,1,1,0
APP_NLIU_3112,Rule_3_ii_Financial_Data,135775,CSRF,1,1,0,1,0
APP_NLIU_3113,Rule_3_iii_v_Health_Medical_Records,1088465,None,1,1,1,0,0
APP_NLIU_3114,Rule_3_i_Passwords,312822,Exception_Handling_Failure,1,1,1,1,1
APP_NLIU_3115,Rule_3_i_Passwords,231406,XSS,1,1,0,1,1
APP_NLIU_3116,Multi_Category_SPDI,1638126,CSRF,0,1,0,1,0
APP_NLIU_3117,Rule_3_iii_v_Health_Medical_Records,140753,None,1,1,1,1,0
APP_NLIU_3118,Rule_3_i_Passwords,609579,SSRF,1,0,0,1,0
APP_NLIU_3119,Rule_3_ii_Financial_Data,595296,SSRF,0,1,0,0,0
APP_NLIU_3120,Rule_3_ii_Financial_Data,1825411,XSS,0,1,0,1,1
APP_NLIU_3121,Rule_3_ii_Financial_Data,234489,CSRF,1,0,0,1,0
APP_NLIU_3122,Rule_3_ii_Financial_Data,1460482,Exception_Handling_Failure,1,1,0,0,0
APP_NLIU_3123,Rule_3_i_Passwords,817344,SQL_Injection,1,1,1,1,0
APP_NLIU_3124,Rule_3_ii_Financial_Data,1322193,Exception_Handling_Failure,1,0,1,1,0
APP_NLIU_3125,Rule_3_iii_v_Health_Medical_Records,1750234,CSRF,0,1,1,1,1
APP_NLIU_3126,Rule_3_iii_v_Health_Medical_Records,1465461,SQL_Injection,1,1,0,1,1
APP_NLIU_3127,Rule_3_iii_v_Health_Medical_Records,1939508,SQL_Injection,1,1,1,0,0
APP_NLIU_3128,Rule_3_i_Passwords,1004502,None,1,0,1,1,0
APP_NLIU_3129,Multi_Category_SPDI,1992023,None,1,0,1,1,1
APP_NLIU_3130,Rule_3_vi_Biometric_Information,830217,SSRF,1,0,1,1,1
APP_NLIU_3131,Rule_3_vi_Biometric_Information,1678820,None,0,1,1,1,0
APP_NLIU_3132,Rule_3_vi_Biometric_Information,199499,Exception_Handling_Failure,1,1,1,1,0
APP_NLIU_3133,Multi_Category_SPDI,528764,None,1,1,1,1,0
APP_NLIU_3134,Rule_3_iii_v_Health_Medical_Records,1246649,CSRF,1,1,0,0,0
APP_NLIU_3135,Rule_3_ii_Financial_Data,722084,Exception_Handling_Failure,1,0,1,0,0
APP_NLIU_3136,Rule_3_iii_v_Health_Medical_Records,386150,SQL_Injection,1,1,1,1,0
APP_NLIU_3137,Rule_3_iii_v_Health_Medical_Records,277976,CSRF,1,1,1,1,0
APP_NLIU_3138,Rule_3_iii_v_Health_Medical_Records,927889,None,1,1,1,1,0
APP_NLIU_3139,Rule_3_iii_v_Health_Medical_Records,1542690,XSS,1,1,1,1,0
APP_NLIU_3140,Rule_3_i_Passwords,1199356,CSRF,0,1,0,0,1
APP_NLIU_3141,Rule_3_ii_Financial_Data,1505392,SQL_Injection,1,1,1,1,1
APP_NLIU_3142,Multi_Category_SPDI,1994518,None,0,0,1,1,0
APP_NLIU_3143,Rule_3_iii_v_Health_Medical_Records,1398467,Exception_Handling_Failure,1,1,1,1,1
APP_NLIU_3144,Rule_3_iii_v_Health_Medical_Records,1920115,CSRF,1,1,1,1,1
APP_NLIU_3145,Rule_3_ii_Financial_Data,1768998,None,0,0,1,0,1
APP_NLIU_3146,Rule_3_ii_Financial_Data,332572,SQL_Injection,0,1,0,1,1
APP_NLIU_3147,Multi_Category_SPDI,878275,CSRF,0,0,1,1,1
APP_NLIU_3148,Rule_3_iii_v_Health_Medical_Records,1064578,None,1,0,1,1,1
APP_NLIU_3149,Rule_3_vi_Biometric_Information,958657,CSRF,1,1,1,1,1
APP_NLIU_3150,Rule_3_ii_Financial_Data,944944,CSRF,1,0,1,1,0
APP_NLIU_3151,Rule_3_iii_v_Health_Medical_Records,1907509,XSS,0,1,1,1,0
APP_NLIU_3152,Rule_3_ii_Financial_Data,37556,None,1,1,1,0,0
APP_NLIU_3153,Rule_3_iii_v_Health_Medical_Records,597251,SQL_Injection,1,0,1,0,0
APP_NLIU_3154,Rule_3_ii_Financial_Data,1547937,None,1,1,1,1,0
APP_NLIU_3155,Rule_3_ii_Financial_Data,1013229,None,1,1,0,0,0
APP_NLIU_3156,Rule_3_iii_v_Health_Medical_Records,226746,SSRF,0,0,1,1,1
APP_NLIU_3157,Multi_Category_SPDI,11563,None,1,1,1,1,0
APP_NLIU_3158,Rule_3_i_Passwords,215995,CSRF,0,1,1,1,1
APP_NLIU_3159,Rule_3_vi_Biometric_Information,1845848,XSS,0,0,0,1,1
APP_NLIU_3160,Rule_3_ii_Financial_Data,544442,None,1,1,1,1,1
APP_NLIU_3161,Rule_3_ii_Financial_Data,1602058,None,1,0,1,1,1
APP_NLIU_3162,Rule_3_i_Passwords,725380,SQL_Injection,0,0,1,1,1
APP_NLIU_3163,Rule_3_ii_Financial_Data,707221,XSS,1,1,1,1,0
APP_NLIU_3164,Rule_3_iii_v_Health_Medical_Records,1207096,XSS,1,0,1,1,0
APP_NLIU_3165,Rule_3_i_Passwords,1543252,CSRF,0,1,1,1,1
APP_NLIU_3166,Rule_3_ii_Financial_Data,1863536,CSRF,1,1,1,0,0
APP_NLIU_3167,Multi_Category_SPDI,427618,SQL_Injection,1,0,1,0,1
APP_NLIU_3168,Rule_3_i_Passwords,271496,Exception_Handling_Failure,1,1,0,1,0
APP_NLIU_3169,Rule_3_vi_Biometric_Information,267328,XSS,0,1,1,1,1
APP_NLIU_3170,Rule_3_ii_Financial_Data,932888,SSRF,1,1,1,1,1
APP_NLIU_3171,Rule_3_iii_v_Health_Medical_Records,1330039,None,1,1,1,0,1
APP_NLIU_3172,Rule_3_ii_Financial_Data,1174073,None,1,0,1,1,0
APP_NLIU_3173,Rule_3_i_Passwords,156521,XSS,0,1,0,1,1
APP_NLIU_3174,Rule_3_i_Passwords,323477,CSRF,1,1,0,1,0
APP_NLIU_3175,Rule_3_i_Passwords,1881213,Exception_Handling_Failure,0,0,1,1,1
APP_NLIU_3176,Rule_3_i_Passwords,539714,CSRF,1,1,1,0,1
APP_NLIU_3177,Rule_3_iii_v_Health_Medical_Records,798936,SSRF,1,1,0,1,0
APP_NLIU_3178,Multi_Category_SPDI,454794,None,0,1,1,1,1
APP_NLIU_3179,Rule_3_vi_Biometric_Information,1767145,SQL_Injection,0,1,1,1,0
APP_NLIU_3180,Rule_3_iii_v_Health_Medical_Records,121775,SQL_Injection,1,0,1,0,0
APP_NLIU_3181,Rule_3_i_Passwords,38368,SQL_Injection,1,0,1,1,1
APP_NLIU_3182,Rule_3_ii_Financial_Data,1028612,SSRF,0,0,1,0,1
APP_NLIU_3183,Rule_3_ii_Financial_Data,771913,SQL_Injection,1,1,0,1,1
APP_NLIU_3184,Rule_3_ii_Financial_Data,1157417,None,1,0,1,1,1
APP_NLIU_3185,Rule_3_iii_v_Health_Medical_Records,495846,CSRF,1,1,1,1,1
APP_NLIU_3186,Rule_3_iii_v_Health_Medical_Records,383888,SQL_Injection,1,1,1,1,1
APP_NLIU_3187,Rule_3_ii_Financial_Data,216293,SSRF,1,0,0,1,1
APP_NLIU_3188,Rule_3_ii_Financial_Data,785371,None,1,1,1,1,1
APP_NLIU_3189,Rule_3_vi_Biometric_Information,13724,XSS,0,1,1,1,0
APP_NLIU_3190,Rule_3_vi_Biometric_Information,1451876,CSRF,0,0,1,0,0
APP_NLIU_3191,Rule_3_ii_Financial_Data,1743746,None,1,0,0,0,0
APP_NLIU_3192,Multi_Category_SPDI,1004781,CSRF,1,0,1,1,1
APP_NLIU_3193,Multi_Category_SPDI,873729,CSRF,1,0,0,1,1
APP_NLIU_3194,Rule_3_ii_Financial_Data,916531,SSRF,0,1,1,1,1
APP_NLIU_3195,Rule_3_ii_Financial_Data,1132448,CSRF,1,1,1,1,1
APP_NLIU_3196,Rule_3_iii_v_Health_Medical_Records,1991952,CSRF,1,1,1,0,0
APP_NLIU_3197,Multi_Category_SPDI,1001454,Exception_Handling_Failure,1,1,1,1,1
APP_NLIU_3198,Multi_Category_SPDI,599621,CSRF,1,0,1,0,1
APP_NLIU_3199,Rule_3_i_Passwords,729203,XSS,0,1,1,1,1
APP_NLIU_3200,Rule_3_ii_Financial_Data,510241,SQL_Injection,0,0,0,1,1
APP_NLIU_3201,Rule_3_iii_v_Health_Medical_Records,1282752,SSRF,1,0,0,1,0
APP_NLIU_3202,Rule_3_iii_v_Health_Medical_Records,1580460,XSS,1,1,1,0,1
APP_NLIU_3203,Rule_3_i_Passwords,1857175,None,0,1,1,1,1
APP_NLIU_3204,Multi_Category_SPDI,92844,CSRF,1,1,0,1,1
APP_NLIU_3205,Rule_3_iii_v_Health_Medical_Records,777427,Exception_Handling_Failure,1,1,1,1,1
APP_NLIU_3206,Rule_3_vi_Biometric_Information,94751,CSRF,1,1,1,1,0
APP_NLIU_3207,Multi_Category_SPDI,1183393,SQL_Injection,0,1,1,0,1
APP_NLIU_3208,Rule_3_iii_v_Health_Medical_Records,1524123,SQL_Injection,1,1,0,1,0
APP_NLIU_3209,Rule_3_ii_Financial_Data,1658384,CSRF,1,1,1,1,0
APP_NLIU_3210,Rule_3_iii_v_Health_Medical_Records,63326,SSRF,0,1,1,1,1
APP_NLIU_3211,Rule_3_i_Passwords,1655534,SSRF,0,0,1,0,0
APP_NLIU_3212,Rule_3_iii_v_Health_Medical_Records,528292,None,1,1,1,1,1
APP_NLIU_3213,Rule_3_i_Passwords,1719718,SQL_Injection,1,1,1,1,0
APP_NLIU_3214,Rule_3_iii_v_Health_Medical_Records,1226650,XSS,0,1,1,0,0
APP_NLIU_3215,Rule_3_ii_Financial_Data,1796123,CSRF,0,1,1,1,0
APP_NLIU_3216,Rule_3_i_Passwords,29022,XSS,0,1,1,0,0
APP_NLIU_3217,Rule_3_i_Passwords,89458,XSS,0,0,1,1,0
APP_NLIU_3218,Rule_3_i_Passwords,1985698,CSRF,0,0,1,1,0
APP_NLIU_3219,Rule_3_iii_v_Health_Medical_Records,153317,CSRF,1,1,1,1,0
APP_NLIU_3220,Rule_3_iii_v_Health_Medical_Records,1661660,None,1,1,0,0,0
APP_NLIU_3221,Rule_3_iii_v_Health_Medical_Records,408243,None,1,1,1,1,0
APP_NLIU_3222,Rule_3_i_Passwords,1460778,SSRF,1,1,0,1,0
APP_NLIU_3223,Rule_3_i_Passwords,1688568,SQL_Injection,0,1,1,1,0
APP_NLIU_3224,Rule_3_i_Passwords,401742,None,1,0,1,1,0
APP_NLIU_3225,Rule_3_i_Passwords,752157,CSRF,0,1,1,1,1
APP_NLIU_3226,Multi_Category_SPDI,1360081,XSS,0,1,0,1,0
APP_NLIU_3227,Rule_3_ii_Financial_Data,1577094,CSRF,0,1,1,1,1
APP_NLIU_3228,Rule_3_ii_Financial_Data,1878294,SQL_Injection,1,1,1,1,0
APP_NLIU_3229,Rule_3_i_Passwords,1083109,XSS,0,1,1,0,1
APP_NLIU_3230,Rule_3_ii_Financial_Data,1285609,XSS,1,1,1,1,0
APP_NLIU_3231,Rule_3_iii_v_Health_Medical_Records,1202964,SSRF,1,1,1,1,1
APP_NLIU_3232,Rule_3_iii_v_Health_Medical_Records,1193347,XSS,1,1,1,1,0
APP_NLIU_3233,Rule_3_ii_Financial_Data,739851,None,1,1,0,0,1
APP_NLIU_3234,Rule_3_i_Passwords,656729,XSS,0,1,1,1,1
APP_NLIU_3235,Rule_3_ii_Financial_Data,1937087,SQL_Injection,0,0,1,1,0
APP_NLIU_3236,Rule_3_ii_Financial_Data,1040670,XSS,1,1,1,0,0
APP_NLIU_3237,Rule_3_ii_Financial_Data,105960,None,1,1,1,1,1
APP_NLIU_3238,Multi_Category_SPDI,1636329,None,0,0,1,1,1
APP_NLIU_3239,Rule_3_iii_v_Health_Medical_Records,152745,Exception_Handling_Failure,0,1,1,0,1
APP_NLIU_3240,Rule_3_iii_v_Health_Medical_Records,1339115,SSRF,1,1,1,0,1
APP_NLIU_3241,Rule_3_ii_Financial_Data,1157738,None,1,0,1,1,0
APP_NLIU_3242,Rule_3_ii_Financial_Data,1184280,Exception_Handling_Failure,1,0,0,1,1
APP_NLIU_3243,Rule_3_iii_v_Health_Medical_Records,1208355,SQL_Injection,0,1,1,1,0
APP_NLIU_3244,Rule_3_iii_v_Health_Medical_Records,482965,XSS,1,0,1,1,1
APP_NLIU_3245,Rule_3_iii_v_Health_Medical_Records,80937,CSRF,0,1,0,1,1
APP_NLIU_3246,Rule_3_i_Passwords,658935,Exception_Handling_Failure,1,1,0,0,0
APP_NLIU_3247,Rule_3_iii_v_Health_Medical_Records,649938,SSRF,1,1,1,1,1
APP_NLIU_3248,Rule_3_ii_Financial_Data,397888,XSS,1,0,0,1,0
APP_NLIU_3249,Multi_Category_SPDI,747092,None,1,1,1,1,0
APP_NLIU_3250,Rule_3_iii_v_Health_Medical_Records,1765352,None,1,1,1,0,1
APP_NLIU_3251,Rule_3_iii_v_Health_Medical_Records,882944,None,1,0,1,1,1
APP_NLIU_3252,Rule_3_i_Passwords,1193406,None,1,1,1,1,0
APP_NLIU_3253,Rule_3_iii_v_Health_Medical_Records,1644873,SQL_Injection,0,1,1,1,1
APP_NLIU_3254,Rule_3_i_Passwords,411497,Exception_Handling_Failure,0,0,0,1,0
APP_NLIU_3255,Rule_3_ii_Financial_Data,264188,XSS,0,1,1,1,0
APP_NLIU_3256,Rule_3_i_Passwords,1298916,None,1,1,1,0,1
APP_NLIU_3257,Rule_3_iii_v_Health_Medical_Records,37548,CSRF,1,0,1,1,0
APP_NLIU_3258,Rule_3_ii_Financial_Data,1596235,None,0,1,1,1,0
APP_NLIU_3259,Rule_3_ii_Financial_Data,1016403,Exception_Handling_Failure,0,1,0,0,0
APP_NLIU_3260,Multi_Category_SPDI,1421697,None,0,0,1,1,0
APP_NLIU_3261,Rule_3_ii_Financial_Data,1728580,SQL_Injection,1,0,1,1,0
APP_NLIU_3262,Rule_3_iii_v_Health_Medical_Records,229731,SSRF,1,0,1,1,1
APP_NLIU_3263,Rule_3_ii_Financial_Data,1208522,None,1,0,1,1,0
APP_NLIU_3264,Rule_3_i_Passwords,1535451,SQL_Injection,1,0,1,1,0
APP_NLIU_3265,Rule_3_vi_Biometric_Information,1592145,None,1,1,0,1,0
APP_NLIU_3266,Rule_3_i_Passwords,991291,SQL_Injection,1,0,1,0,0
APP_NLIU_3267,Rule_3_ii_Financial_Data,420505,Exception_Handling_Failure,0,1,1,1,0
APP_NLIU_3268,Rule_3_iii_v_Health_Medical_Records,1304636,CSRF,1,1,0,1,0
APP_NLIU_3269,Rule_3_iii_v_Health_Medical_Records,1451846,Exception_Handling_Failure,1,1,1,1,0
APP_NLIU_3270,Rule_3_iii_v_Health_Medical_Records,105020,Exception_Handling_Failure,0,1,1,1,0
APP_NLIU_3271,Rule_3_ii_Financial_Data,636796,CSRF,1,1,1,1,0
APP_NLIU_3272,Rule_3_i_Passwords,1559202,SQL_Injection,1,0,1,0,1
APP_NLIU_3273,Rule_3_iii_v_Health_Medical_Records,71846,SQL_Injection,1,0,1,1,0
APP_NLIU_3274,Rule_3_iii_v_Health_Medical_Records,1410402,XSS,1,0,1,1,0
APP_NLIU_3275,Rule_3_vi_Biometric_Information,447985,XSS,0,1,0,0,1
APP_NLIU_3276,Rule_3_vi_Biometric_Information,1345032,None,0,1,1,1,1
APP_NLIU_3277,Rule_3_vi_Biometric_Information,1543309,XSS,1,1,1,0,1
APP_NLIU_3278,Rule_3_ii_Financial_Data,381330,XSS,0,1,1,1,1
APP_NLIU_3279,Rule_3_ii_Financial_Data,795689,CSRF,0,1,1,1,1
APP_NLIU_3280,Rule_3_vi_Biometric_Information,414062,SQL_Injection,1,0,0,1,1
APP_NLIU_3281,Rule_3_ii_Financial_Data,1469275,CSRF,1,1,1,1,1
APP_NLIU_3282,Rule_3_i_Passwords,555846,None,0,1,1,1,1
APP_NLIU_3283,Multi_Category_SPDI,572476,None,0,0,1,1,0
APP_NLIU_3284,Multi_Category_SPDI,673372,CSRF,1,0,1,1,0
APP_NLIU_3285,Rule_3_ii_Financial_Data,562524,XSS,0,1,1,0,1
APP_NLIU_3286,Rule_3_i_Passwords,1551001,None,0,1,0,1,1
APP_NLIU_3287,Rule_3_ii_Financial_Data,574364,XSS,1,1,0,1,0
APP_NLIU_3288,Rule_3_vi_Biometric_Information,315546,SQL_Injection,0,1,1,1,0
APP_NLIU_3289,Multi_Category_SPDI,361611,SQL_Injection,1,1,1,0,1
APP_NLIU_3290,Rule_3_ii_Financial_Data,168148,XSS,1,1,1,1,1
APP_NLIU_3291,Rule_3_i_Passwords,1658201,None,0,0,0,0,1
APP_NLIU_3292,Multi_Category_SPDI,120827,Exception_Handling_Failure,0,1,1,1,1
APP_NLIU_3293,Rule_3_ii_Financial_Data,1521956,SQL_Injection,1,1,0,1,0
APP_NLIU_3294,Rule_3_iii_v_Health_Medical_Records,1652128,SSRF,1,0,1,0,0
APP_NLIU_3295,Multi_Category_SPDI,808767,None,0,1,1,1,0
APP_NLIU_3296,Rule_3_i_Passwords,1831636,None,0,1,0,1,1
APP_NLIU_3297,Rule_3_iii_v_Health_Medical_Records,573061,Exception_Handling_Failure,1,1,1,1,0
APP_NLIU_3298,Rule_3_i_Passwords,712518,Exception_Handling_Failure,0,1,1,1,0
APP_NLIU_3299,Rule_3_ii_Financial_Data,295714,SQL_Injection,1,1,1,1,0
APP_NLIU_3300,Rule_3_vi_Biometric_Information,92995,None,0,1,0,1,0
APP_NLIU_3301,Rule_3_ii_Financial_Data,45658,None,0,1,1,1,0
APP_NLIU_3302,Multi_Category_SPDI,1505976,CSRF,1,1,1,1,1
APP_NLIU_3303,Rule_3_iii_v_Health_Medical_Records,1436360,None,0,1,0,1,1
APP_NLIU_3304,Rule_3_ii_Financial_Data,1912621,SSRF,0,1,1,1,1
APP_NLIU_3305,Rule_3_ii_Financial_Data,325338,SQL_Injection,0,1,1,1,0
APP_NLIU_3306,Rule_3_ii_Financial_Data,1252155,SSRF,1,1,1,0,1
APP_NLIU_3307,Rule_3_ii_Financial_Data,379016,SSRF,1,0,1,0,1
APP_NLIU_3308,Rule_3_i_Passwords,956463,CSRF,1,0,1,1,1
APP_NLIU_3309,Rule_3_ii_Financial_Data,451288,XSS,1,1,1,0,0
APP_NLIU_3310,Rule_3_ii_Financial_Data,705948,XSS,1,1,1,0,1
APP_NLIU_3311,Rule_3_iii_v_Health_Medical_Records,963037,XSS,1,1,1,0,1
APP_NLIU_3312,Rule_3_iii_v_Health_Medical_Records,1948566,CSRF,0,1,1,1,0
APP_NLIU_3313,Rule_3_iii_v_Health_Medical_Records,1305529,SQL_Injection,0,1,1,1,0
APP_NLIU_3314,Rule_3_i_Passwords,73582,Exception_Handling_Failure,0,1,1,1,0
APP_NLIU_3315,Rule_3_ii_Financial_Data,1770679,CSRF,0,1,1,1,0
APP_NLIU_3316,Rule_3_iii_v_Health_Medical_Records,442734,CSRF,0,1,0,1,0
APP_NLIU_3317,Rule_3_ii_Financial_Data,148775,None,0,1,1,1,0
APP_NLIU_3318,Rule_3_i_Passwords,1627320,None,1,1,1,1,0
APP_NLIU_3319,Rule_3_vi_Biometric_Information,584779,None,1,1,0,1,1
APP_NLIU_3320,Rule_3_vi_Biometric_Information,275187,XSS,0,1,1,1,1
APP_NLIU_3321,Rule_3_iii_v_Health_Medical_Records,370356,SQL_Injection,0,1,1,1,0
APP_NLIU_3322,Rule_3_i_Passwords,523943,Exception_Handling_Failure,0,0,1,1,0
APP_NLIU_3323,Rule_3_vi_Biometric_Information,1817867,SSRF,0,0,1,1,1
APP_NLIU_3324,Rule_3_iii_v_Health_Medical_Records,335484,XSS,0,1,1,1,1
APP_NLIU_3325,Rule_3_vi_Biometric_Information,1194824,SQL_Injection,1,0,1,1,1
APP_NLIU_3326,Rule_3_vi_Biometric_Information,402152,None,0,1,1,1,1
APP_NLIU_3327,Rule_3_vi_Biometric_Information,1609038,SQL_Injection,0,0,1,1,1
APP_NLIU_3328,Rule_3_iii_v_Health_Medical_Records,1398352,None,0,1,1,1,1
APP_NLIU_3329,Rule_3_i_Passwords,355912,None,1,0,0,1,1
APP_NLIU_3330,Rule_3_iii_v_Health_Medical_Records,1965783,XSS,1,0,0,1,1
APP_NLIU_3331,Rule_3_iii_v_Health_Medical_Records,637465,None,1,0,1,1,1
APP_NLIU_3332,Rule_3_iii_v_Health_Medical_Records,555197,Exception_Handling_Failure,1,1,0,1,1
APP_NLIU_3333,Rule_3_i_Passwords,1097734,None,0,1,1,1,1
APP_NLIU_3334,Rule_3_i_Passwords,668726,XSS,0,1,1,0,1
APP_NLIU_3335,Multi_Category_SPDI,221197,None,1,1,1,1,1
APP_NLIU_3336,Rule_3_iii_v_Health_Medical_Records,1763273,XSS,1,1,1,1,1
APP_NLIU_3337,Multi_Category_SPDI,1964304,None,0,1,1,0,0
APP_NLIU_3338,Rule_3_vi_Biometric_Information,850763,XSS,0,1,0,1,1
APP_NLIU_3339,Rule_3_iii_v_Health_Medical_Records,1839348,XSS,1,0,1,1,1
APP_NLIU_3340,Rule_3_iii_v_Health_Medical_Records,773278,None,0,0,1,1,0
APP_NLIU_3341,Multi_Category_SPDI,732402,None,1,1,1,1,0
APP_NLIU_3342,Rule_3_iii_v_Health_Medical_Records,1497716,XSS,1,0,1,0,0
APP_NLIU_3343,Rule_3_iii_v_Health_Medical_Records,1475634,SSRF,0,1,1,1,1
APP_NLIU_3344,Rule_3_i_Passwords,677818,XSS,1,1,0,0,1
APP_NLIU_3345,Rule_3_ii_Financial_Data,1140943,None,1,1,0,1,0
APP_NLIU_3346,Rule_3_iii_v_Health_Medical_Records,332526,None,0,0,1,0,1
APP_NLIU_3347,Rule_3_ii_Financial_Data,1050144,None,0,1,0,0,1
APP_NLIU_3348,Rule_3_ii_Financial_Data,1127895,SQL_Injection,0,1,1,1,0
APP_NLIU_3349,Rule_3_ii_Financial_Data,278314,XSS,1,1,1,1,0
APP_NLIU_3350,Rule_3_ii_Financial_Data,649240,Exception_Handling_Failure,1,1,0,1,1
APP_NLIU_3351,Rule_3_ii_Financial_Data,609433,None,1,0,0,1,1
APP_NLIU_3352,Rule_3_ii_Financial_Data,1840003,SQL_Injection,0,1,1,1,0
APP_NLIU_3353,Multi_Category_SPDI,1945634,None,1,1,0,0,1
APP_NLIU_3354,Rule_3_iii_v_Health_Medical_Records,1273219,XSS,1,0,1,1,1
APP_NLIU_3355,Rule_3_i_Passwords,807640,SSRF,1,0,1,1,0
APP_NLIU_3356,Rule_3_i_Passwords,695538,CSRF,0,1,1,1,1
APP_NLIU_3357,Rule_3_iii_v_Health_Medical_Records,215244,CSRF,0,1,1,1,1
APP_NLIU_3358,Rule_3_ii_Financial_Data,669399,XSS,1,1,1,1,1
APP_NLIU_3359,Rule_3_vi_Biometric_Information,19990,SQL_Injection,1,0,1,1,0
APP_NLIU_3360,Rule_3_iii_v_Health_Medical_Records,666801,SSRF,1,1,1,1,1
APP_NLIU_3361,Rule_3_vi_Biometric_Information,996725,None,0,1,1,1,0
APP_NLIU_3362,Rule_3_ii_Financial_Data,1570217,SQL_Injection,1,1,0,1,0
APP_NLIU_3363,Rule_3_iii_v_Health_Medical_Records,134327,SSRF,1,1,0,0,0
APP_NLIU_3364,Rule_3_ii_Financial_Data,870746,XSS,1,1,1,1,0
APP_NLIU_3365,Multi_Category_SPDI,1342582,XSS,0,0,1,1,1
APP_NLIU_3366,Rule_3_iii_v_Health_Medical_Records,1474065,None,1,1,1,0,0
APP_NLIU_3367,Rule_3_ii_Financial_Data,1933957,XSS,1,1,1,1,1
APP_NLIU_3368,Rule_3_ii_Financial_Data,659511,None,1,1,1,0,1
APP_NLIU_3369,Rule_3_i_Passwords,1843964,Exception_Handling_Failure,1,1,1,1,1
APP_NLIU_3370,Rule_3_iii_v_Health_Medical_Records,208161,SQL_Injection,1,1,1,1,0
APP_NLIU_3371,Rule_3_ii_Financial_Data,1404509,SSRF,1,1,1,0,1
APP_NLIU_3372,Rule_3_iii_v_Health_Medical_Records,1405171,XSS,0,1,1,1,1
APP_NLIU_3373,Rule_3_ii_Financial_Data,122782,CSRF,1,0,0,1,0
APP_NLIU_3374,Rule_3_iii_v_Health_Medical_Records,793797,None,1,1,1,0,0
APP_NLIU_3375,Rule_3_vi_Biometric_Information,339348,XSS,0,0,1,1,1
APP_NLIU_3376,Rule_3_vi_Biometric_Information,403216,CSRF,0,1,1,1,1
APP_NLIU_3377,Rule_3_vi_Biometric_Information,848504,SSRF,0,0,1,1,1
APP_NLIU_3378,Rule_3_i_Passwords,57499,SSRF,1,1,1,1,0
APP_NLIU_3379,Rule_3_i_Passwords,1310599,XSS,0,1,0,1,1
APP_NLIU_3380,Rule_3_iii_v_Health_Medical_Records,336355,XSS,1,1,0,1,0
APP_NLIU_3381,Rule_3_ii_Financial_Data,1197555,XSS,1,0,1,1,0
APP_NLIU_3382,Rule_3_ii_Financial_Data,153408,SSRF,1,1,1,1,1
APP_NLIU_3383,Rule_3_i_Passwords,1925228,Exception_Handling_Failure,0,1,0,0,0
APP_NLIU_3384,Rule_3_ii_Financial_Data,885279,None,1,0,1,1,0
APP_NLIU_3385,Rule_3_i_Passwords,712691,CSRF,1,1,1,1,1
APP_NLIU_3386,Multi_Category_SPDI,376603,XSS,0,1,0,1,0
APP_NLIU_3387,Rule_3_ii_Financial_Data,1393475,None,1,1,1,0,1
APP_NLIU_3388,Rule_3_iii_v_Health_Medical_Records,335927,CSRF,1,1,1,0,1
APP_NLIU_3389,Rule_3_i_Passwords,730311,XSS,0,1,1,1,0
APP_NLIU_3390,Rule_3_iii_v_Health_Medical_Records,1761445,SQL_Injection,1,1,1,1,1
APP_NLIU_3391,Rule_3_ii_Financial_Data,1967859,Exception_Handling_Failure,0,1,1,1,1
APP_NLIU_3392,Multi_Category_SPDI,797904,SQL_Injection,1,0,1,1,1
APP_NLIU_3393,Multi_Category_SPDI,1469172,None,1,0,1,1,0
APP_NLIU_3394,Rule_3_ii_Financial_Data,370296,None,0,1,1,1,1
APP_NLIU_3395,Multi_Category_SPDI,1211928,None,1,1,1,0,1
APP_NLIU_3396,Multi_Category_SPDI,1206507,None,1,0,1,1,1
APP_NLIU_3397,Rule_3_vi_Biometric_Information,1283989,XSS,1,1,0,1,1
APP_NLIU_3398,Rule_3_vi_Biometric_Information,1495194,XSS,0,1,1,1,0
APP_NLIU_3399,Rule_3_ii_Financial_Data,1192910,None,0,0,1,1,1
APP_NLIU_3400,Rule_3_iii_v_Health_Medical_Records,1982146,None,0,0,1,1,1
APP_NLIU_3401,Rule_3_i_Passwords,151626,XSS,1,1,0,1,0
APP_NLIU_3402,Rule_3_i_Passwords,1584872,None,0,1,0,0,1
APP_NLIU_3403,Multi_Category_SPDI,1927859,XSS,1,1,1,1,0
APP_NLIU_3404,Rule_3_ii_Financial_Data,1134375,XSS,1,1,1,0,1
APP_NLIU_3405,Rule_3_iii_v_Health_Medical_Records,1856246,XSS,1,1,1,1,1
APP_NLIU_3406,Rule_3_vi_Biometric_Information,240018,SSRF,1,1,1,1,0
APP_NLIU_3407,Multi_Category_SPDI,1004529,SQL_Injection,1,0,1,1,0
APP_NLIU_3408,Multi_Category_SPDI,1332873,SSRF,1,1,1,1,1
APP_NLIU_3409,Rule_3_ii_Financial_Data,1112929,XSS,0,1,0,1,1
APP_NLIU_3410,Rule_3_i_Passwords,581380,CSRF,0,1,1,1,1
APP_NLIU_3411,Rule_3_ii_Financial_Data,248907,XSS,0,1,1,0,1
APP_NLIU_3412,Rule_3_i_Passwords,1752088,None,1,0,1,1,0
APP_NLIU_3413,Rule_3_i_Passwords,1626968,CSRF,0,1,0,1,1
APP_NLIU_3414,Rule_3_ii_Financial_Data,160355,XSS,1,1,0,1,0
APP_NLIU_3415,Rule_3_vi_Biometric_Information,1493221,SQL_Injection,0,1,1,1,0
APP_NLIU_3416,Rule_3_iii_v_Health_Medical_Records,1797470,SQL_Injection,0,0,1,1,0
APP_NLIU_3417,Rule_3_ii_Financial_Data,977461,None,1,1,1,1,1
APP_NLIU_3418,Rule_3_iii_v_Health_Medical_Records,33887,XSS,0,1,0,1,1
APP_NLIU_3419,Rule_3_ii_Financial_Data,1492964,None,1,0,1,1,0
APP_NLIU_3420,Rule_3_i_Passwords,795787,SQL_Injection,1,0,1,1,1
APP_NLIU_3421,Rule_3_vi_Biometric_Information,1349421,XSS,1,1,1,0,1
APP_NLIU_3422,Rule_3_iii_v_Health_Medical_Records,177606,CSRF,0,0,0,1,1
APP_NLIU_3423,Rule_3_vi_Biometric_Information,256420,SSRF,1,1,1,0,1
APP_NLIU_3424,Rule_3_i_Passwords,1649306,SQL_Injection,0,1,1,1,0
APP_NLIU_3425,Rule_3_vi_Biometric_Information,983778,SQL_Injection,1,1,1,1,1
APP_NLIU_3426,Rule_3_iii_v_Health_Medical_Records,541567,CSRF,0,1,1,1,1
APP_NLIU_3427,Rule_3_iii_v_Health_Medical_Records,1752427,SQL_Injection,0,1,1,1,0
APP_NLIU_3428,Rule_3_iii_v_Health_Medical_Records,650026,None,1,1,1,1,1
APP_NLIU_3429,Multi_Category_SPDI,1522939,CSRF,1,0,1,1,0
APP_NLIU_3430,Rule_3_iii_v_Health_Medical_Records,668621,SQL_Injection,1,0,0,0,1
APP_NLIU_3431,Rule_3_iii_v_Health_Medical_Records,664834,SSRF,1,0,0,1,1
APP_NLIU_3432,Multi_Category_SPDI,1669278,XSS,1,1,0,1,0
APP_NLIU_3433,Rule_3_vi_Biometric_Information,1868398,SQL_Injection,1,1,1,0,1
APP_NLIU_3434,Rule_3_ii_Financial_Data,425141,None,1,0,0,1,0
APP_NLIU_3435,Rule_3_iii_v_Health_Medical_Records,349318,None,1,1,1,1,1
APP_NLIU_3436,Rule_3_ii_Financial_Data,225079,SSRF,1,1,1,0,1
APP_NLIU_3437,Rule_3_ii_Financial_Data,1582651,XSS,1,1,0,1,0
APP_NLIU_3438,Rule_3_iii_v_Health_Medical_Records,1296527,SQL_Injection,0,0,1,1,0
APP_NLIU_3439,Multi_Category_SPDI,209470,Exception_Handling_Failure,1,1,0,1,0
APP_NLIU_3440,Multi_Category_SPDI,1767113,XSS,0,1,1,1,1
APP_NLIU_3441,Rule_3_ii_Financial_Data,1359444,CSRF,0,0,1,0,1
APP_NLIU_3442,Rule_3_iii_v_Health_Medical_Records,1588527,SSRF,0,1,1,1,0
APP_NLIU_3443,Rule_3_ii_Financial_Data,414336,Exception_Handling_Failure,1,0,1,1,0
APP_NLIU_3444,Multi_Category_SPDI,1731676,XSS,1,1,1,1,0
APP_NLIU_3445,Multi_Category_SPDI,1548838,SSRF,1,1,1,0,1
APP_NLIU_3446,Rule_3_iii_v_Health_Medical_Records,1186683,Exception_Handling_Failure,1,1,1,1,1
APP_NLIU_3447,Rule_3_vi_Biometric_Information,629559,XSS,1,0,1,1,0
APP_NLIU_3448,Rule_3_iii_v_Health_Medical_Records,596676,None,1,1,1,1,0
APP_NLIU_3449,Rule_3_iii_v_Health_Medical_Records,1105911,SQL_Injection,1,0,1,1,1
APP_NLIU_3450,Rule_3_i_Passwords,48315,None,1,1,1,1,0
APP_NLIU_3451,Rule_3_ii_Financial_Data,896354,Exception_Handling_Failure,0,1,0,1,0
APP_NLIU_3452,Rule_3_iii_v_Health_Medical_Records,1362347,SQL_Injection,0,1,1,1,0
APP_NLIU_3453,Rule_3_iii_v_Health_Medical_Records,1455095,Exception_Handling_Failure,1,1,1,1,1
APP_NLIU_3454,Rule_3_ii_Financial_Data,1556446,XSS,1,0,1,1,0
APP_NLIU_3455,Multi_Category_SPDI,54334,None,0,1,1,1,0
APP_NLIU_3456,Rule_3_i_Passwords,191964,SQL_Injection,0,0,0,1,1
APP_NLIU_3457,Rule_3_iii_v_Health_Medical_Records,1245844,Exception_Handling_Failure,1,0,1,1,1
APP_NLIU_3458,Rule_3_iii_v_Health_Medical_Records,1905708,CSRF,1,1,1,1,1
APP_NLIU_3459,Rule_3_iii_v_Health_Medical_Records,1093302,None,1,1,0,1,0
APP_NLIU_3460,Rule_3_iii_v_Health_Medical_Records,1547233,CSRF,1,0,1,0,1
APP_NLIU_3461,Rule_3_ii_Financial_Data,211823,None,1,1,1,1,0
APP_NLIU_3462,Rule_3_i_Passwords,1758542,None,1,0,0,1,0
APP_NLIU_3463,Rule_3_iii_v_Health_Medical_Records,777333,CSRF,1,0,1,1,1
APP_NLIU_3464,Rule_3_iii_v_Health_Medical_Records,822126,None,0,0,1,1,1
APP_NLIU_3465,Rule_3_i_Passwords,167325,None,1,1,1,1,1
APP_NLIU_3466,Rule_3_iii_v_Health_Medical_Records,684590,CSRF,1,1,1,1,0
APP_NLIU_3467,Rule_3_ii_Financial_Data,1238622,XSS,0,1,0,1,0
APP_NLIU_3468,Rule_3_iii_v_Health_Medical_Records,1903553,XSS,0,0,1,1,0
APP_NLIU_3469,Rule_3_vi_Biometric_Information,1463717,CSRF,1,1,1,0,0
APP_NLIU_3470,Rule_3_i_Passwords,1846041,SQL_Injection,1,1,0,1,0
APP_NLIU_3471,Rule_3_i_Passwords,1640325,SSRF,1,1,1,1,0
APP_NLIU_3472,Rule_3_vi_Biometric_Information,794097,CSRF,0,1,1,1,0
APP_NLIU_3473,Rule_3_iii_v_Health_Medical_Records,294169,XSS,1,1,1,1,1
APP_NLIU_3474,Rule_3_iii_v_Health_Medical_Records,421749,SSRF,0,1,1,1,1
APP_NLIU_3475,Rule_3_vi_Biometric_Information,968401,None,1,1,1,1,1
APP_NLIU_3476,Rule_3_vi_Biometric_Information,1917669,None,1,1,1,1,1
APP_NLIU_3477,Multi_Category_SPDI,1960481,SQL_Injection,1,1,1,1,0
APP_NLIU_3478,Rule_3_iii_v_Health_Medical_Records,523982,Exception_Handling_Failure,1,1,1,1,0
APP_NLIU_3479,Rule_3_ii_Financial_Data,1336718,Exception_Handling_Failure,1,0,0,0,0
APP_NLIU_3480,Rule_3_ii_Financial_Data,1041484,None,1,1,1,1,0
APP_NLIU_3481,Rule_3_i_Passwords,328392,SQL_Injection,1,1,1,1,1
APP_NLIU_3482,Rule_3_iii_v_Health_Medical_Records,1682357,SSRF,0,0,1,1,1
APP_NLIU_3483,Rule_3_ii_Financial_Data,290201,None,1,0,1,1,1
APP_NLIU_3484,Multi_Category_SPDI,1657108,None,1,1,1,1,0
APP_NLIU_3485,Rule_3_iii_v_Health_Medical_Records,1268256,None,1,1,0,1,1
APP_NLIU_3486,Rule_3_iii_v_Health_Medical_Records,206703,None,1,0,1,0,0
APP_NLIU_3487,Rule_3_ii_Financial_Data,364175,SQL_Injection,1,0,1,1,0
APP_NLIU_3488,Rule_3_i_Passwords,904145,XSS,0,1,0,1,1
APP_NLIU_3489,Rule_3_i_Passwords,1683751,SSRF,0,0,1,1,1
APP_NLIU_3490,Rule_3_ii_Financial_Data,520728,SSRF,1,0,1,0,1
APP_NLIU_3491,Rule_3_i_Passwords,72173,None,1,1,1,1,0
APP_NLIU_3492,Rule_3_iii_v_Health_Medical_Records,740566,SQL_Injection,0,1,1,1,0
APP_NLIU_3493,Multi_Category_SPDI,1092310,XSS,1,1,0,1,0
APP_NLIU_3494,Multi_Category_SPDI,1639936,None,0,0,0,1,0
APP_NLIU_3495,Rule_3_iii_v_Health_Medical_Records,462391,SSRF,1,1,1,0,1
APP_NLIU_3496,Rule_3_ii_Financial_Data,239046,None,1,0,1,1,1
APP_NLIU_3497,Multi_Category_SPDI,199855,None,1,1,1,1,1
APP_NLIU_3498,Multi_Category_SPDI,361338,XSS,1,0,1,1,0
APP_NLIU_3499,Rule_3_i_Passwords,731099,SSRF,0,0,1,1,0
APP_NLIU_3500,Rule_3_iii_v_Health_Medical_Records,1271702,CSRF,0,1,1,0,1
APP_NLIU_3501,Rule_3_ii_Financial_Data,449258,XSS,1,1,0,1,1
APP_NLIU_3502,Rule_3_vi_Biometric_Information,712717,CSRF,0,0,1,0,0
APP_NLIU_3503,Multi_Category_SPDI,1193317,CSRF,1,1,0,1,1
APP_NLIU_3504,Rule_3_i_Passwords,1691136,None,1,1,1,1,0
APP_NLIU_3505,Multi_Category_SPDI,1645766,SSRF,0,1,0,1,1
APP_NLIU_3506,Rule_3_iii_v_Health_Medical_Records,913679,None,1,1,0,1,0
APP_NLIU_3507,Multi_Category_SPDI,1465702,SQL_Injection,0,1,1,1,1
APP_NLIU_3508,Rule_3_ii_Financial_Data,1110535,XSS,0,1,1,1,0
APP_NLIU_3509,Rule_3_vi_Biometric_Information,625911,None,1,0,0,1,1
APP_NLIU_3510,Rule_3_i_Passwords,660726,CSRF,1,1,1,1,0
APP_NLIU_3511,Rule_3_ii_Financial_Data,1626279,SSRF,1,0,1,1,0
APP_NLIU_3512,Rule_3_i_Passwords,129716,Exception_Handling_Failure,0,0,1,1,0
APP_NLIU_3513,Multi_Category_SPDI,1436929,None,1,0,1,1,1
APP_NLIU_3514,Rule_3_vi_Biometric_Information,14907,Exception_Handling_Failure,0,0,1,1,0
APP_NLIU_3515,Multi_Category_SPDI,887257,CSRF,0,1,1,1,1
APP_NLIU_3516,Multi_Category_SPDI,1610644,CSRF,1,1,0,0,0
APP_NLIU_3517,Rule_3_i_Passwords,456095,None,1,1,1,1,0
APP_NLIU_3518,Rule_3_ii_Financial_Data,1007663,None,0,0,0,0,1
APP_NLIU_3519,Rule_3_i_Passwords,1612949,XSS,1,1,1,1,0
APP_NLIU_3520,Rule_3_ii_Financial_Data,1512291,None,1,1,1,1,1
APP_NLIU_3521,Rule_3_ii_Financial_Data,1860434,XSS,0,1,1,1,1
APP_NLIU_3522,Rule_3_ii_Financial_Data,970701,XSS,0,0,0,1,1
APP_NLIU_3523,Rule_3_ii_Financial_Data,274629,SSRF,1,0,1,1,0
APP_NLIU_3524,Rule_3_i_Passwords,1365247,XSS,1,1,1,1,0
APP_NLIU_3525,Rule_3_i_Passwords,1964612,XSS,0,1,1,1,1
APP_NLIU_3526,Rule_3_i_Passwords,1283208,SQL_Injection,1,1,1,0,0
APP_NLIU_3527,Multi_Category_SPDI,785504,XSS,0,0,1,1,1
APP_NLIU_3528,Rule_3_vi_Biometric_Information,1824073,None,1,0,1,1,0
APP_NLIU_3529,Multi_Category_SPDI,96005,Exception_Handling_Failure,1,0,0,1,0
APP_NLIU_3530,Rule_3_ii_Financial_Data,587816,Exception_Handling_Failure,1,1,1,1,1
APP_NLIU_3531,Rule_3_ii_Financial_Data,1026983,None,1,1,0,1,1
APP_NLIU_3532,Rule_3_vi_Biometric_Information,1698495,SQL_Injection,0,0,1,1,0
APP_NLIU_3533,Rule_3_ii_Financial_Data,1343519,XSS,0,1,0,0,0
APP_NLIU_3534,Rule_3_ii_Financial_Data,1831650,None,0,1,1,1,1
APP_NLIU_3535,Rule_3_ii_Financial_Data,968843,XSS,1,1,0,1,0
APP_NLIU_3536,Rule_3_i_Passwords,1987167,CSRF,1,0,0,0,0
APP_NLIU_3537,Rule_3_ii_Financial_Data,1454238,SQL_Injection,0,1,1,0,0
APP_NLIU_3538,Rule_3_ii_Financial_Data,186532,None,1,1,1,1,1
APP_NLIU_3539,Rule_3_iii_v_Health_Medical_Records,1410537,XSS,1,1,1,1,1
APP_NLIU_3540,Rule_3_i_Passwords,1373980,None,1,1,0,1,1
APP_NLIU_3541,Rule_3_ii_Financial_Data,1199525,XSS,0,0,1,0,0
APP_NLIU_3542,Rule_3_vi_Biometric_Information,264673,Exception_Handling_Failure,0,0,1,1,0
APP_NLIU_3543,Rule_3_i_Passwords,422939,None,0,1,1,1,0
APP_NLIU_3544,Rule_3_ii_Financial_Data,1328663,Exception_Handling_Failure,1,1,1,1,0
APP_NLIU_3545,Multi_Category_SPDI,408522,CSRF,1,1,1,1,0
APP_NLIU_3546,Rule_3_i_Passwords,172856,XSS,1,1,1,1,1
APP_NLIU_3547,Rule_3_i_Passwords,1565420,None,1,1,1,1,0
APP_NLIU_3548,Rule_3_ii_Financial_Data,388545,CSRF,1,1,1,1,1
APP_NLIU_3549,Rule_3_ii_Financial_Data,1729391,CSRF,0,1,0,1,1
APP_NLIU_3550,Rule_3_iii_v_Health_Medical_Records,226099,SQL_Injection,0,1,1,1,1
APP_NLIU_3551,Rule_3_vi_Biometric_Information,1780384,None,1,1,1,1,0
APP_NLIU_3552,Rule_3_i_Passwords,1476766,SQL_Injection,0,1,1,1,0
APP_NLIU_3553,Rule_3_iii_v_Health_Medical_Records,1080947,Exception_Handling_Failure,1,1,1,1,0
APP_NLIU_3554,Rule_3_iii_v_Health_Medical_Records,1152322,XSS,1,0,1,1,1
APP_NLIU_3555,Rule_3_i_Passwords,1679112,XSS,1,1,1,1,1
APP_NLIU_3556,Rule_3_iii_v_Health_Medical_Records,926440,Exception_Handling_Failure,0,1,1,1,1
APP_NLIU_3557,Rule_3_ii_Financial_Data,1742102,SQL_Injection,0,1,1,1,1
APP_NLIU_3558,Rule_3_ii_Financial_Data,292871,XSS,1,1,1,1,0
APP_NLIU_3559,Rule_3_i_Passwords,643288,None,1,1,1,1,1
APP_NLIU_3560,Rule_3_ii_Financial_Data,1117545,None,0,1,1,1,1
APP_NLIU_3561,Rule_3_ii_Financial_Data,1475160,SSRF,0,0,1,1,1
APP_NLIU_3562,Rule_3_vi_Biometric_Information,597819,None,0,1,1,1,0
APP_NLIU_3563,Rule_3_i_Passwords,1616961,Exception_Handling_Failure,1,1,1,0,0
APP_NLIU_3564,Rule_3_ii_Financial_Data,1219632,None,1,1,1,1,0
APP_NLIU_3565,Rule_3_ii_Financial_Data,1628723,XSS,1,1,1,0,1
APP_NLIU_3566,Rule_3_iii_v_Health_Medical_Records,966795,XSS,1,0,0,1,1
APP_NLIU_3567,Rule_3_iii_v_Health_Medical_Records,1249876,None,1,0,1,1,0
APP_NLIU_3568,Rule_3_iii_v_Health_Medical_Records,490315,None,0,1,1,1,1
APP_NLIU_3569,Rule_3_vi_Biometric_Information,682510,XSS,0,0,1,0,0
APP_NLIU_3570,Multi_Category_SPDI,944565,CSRF,1,1,0,1,0
APP_NLIU_3571,Rule_3_ii_Financial_Data,236944,CSRF,1,0,1,1,0
APP_NLIU_3572,Rule_3_iii_v_Health_Medical_Records,1110366,CSRF,0,0,1,1,0
APP_NLIU_3573,Rule_3_vi_Biometric_Information,1905704,CSRF,0,1,1,1,0
APP_NLIU_3574,Multi_Category_SPDI,807080,CSRF,1,1,1,0,0
APP_NLIU_3575,Multi_Category_SPDI,1115355,None,0,0,0,1,1
APP_NLIU_3576,Rule_3_ii_Financial_Data,111371,SQL_Injection,1,0,1,1,0
APP_NLIU_3577,Rule_3_i_Passwords,303816,Exception_Handling_Failure,0,1,1,0,1
APP_NLIU_3578,Rule_3_ii_Financial_Data,1384829,SSRF,0,1,0,1,1
APP_NLIU_3579,Rule_3_iii_v_Health_Medical_Records,39593,CSRF,1,1,0,1,1
APP_NLIU_3580,Rule_3_ii_Financial_Data,412002,SQL_Injection,1,0,1,0,1
APP_NLIU_3581,Rule_3_ii_Financial_Data,1540828,CSRF,1,1,1,0,0
APP_NLIU_3582,Rule_3_vi_Biometric_Information,1849823,None,0,0,1,1,0
APP_NLIU_3583,Rule_3_ii_Financial_Data,1993046,None,1,1,1,1,0
APP_NLIU_3584,Multi_Category_SPDI,936298,SSRF,0,1,1,1,0
APP_NLIU_3585,Rule_3_ii_Financial_Data,1740359,XSS,0,1,0,1,0
APP_NLIU_3586,Rule_3_ii_Financial_Data,1546272,XSS,1,1,1,1,1
APP_NLIU_3587,Rule_3_ii_Financial_Data,812734,None,0,0,0,1,1
APP_NLIU_3588,Rule_3_vi_Biometric_Information,1245712,None,1,1,1,1,1
APP_NLIU_3589,Rule_3_i_Passwords,222872,XSS,1,1,1,1,0
APP_NLIU_3590,Rule_3_i_Passwords,352284,Exception_Handling_Failure,1,1,1,1,0
APP_NLIU_3591,Multi_Category_SPDI,1736771,None,1,1,1,1,0
APP_NLIU_3592,Rule_3_i_Passwords,340500,SQL_Injection,1,0,0,1,1
APP_NLIU_3593,Rule_3_iii_v_Health_Medical_Records,578570,XSS,0,1,1,1,0
APP_NLIU_3594,Rule_3_iii_v_Health_Medical_Records,657739,None,1,0,1,0,1
APP_NLIU_3595,Rule_3_ii_Financial_Data,912779,None,0,1,1,0,1
APP_NLIU_3596,Rule_3_iii_v_Health_Medical_Records,713074,XSS,1,1,0,1,0
APP_NLIU_3597,Rule_3_ii_Financial_Data,1775971,XSS,0,0,1,1,0
APP_NLIU_3598,Rule_3_iii_v_Health_Medical_Records,28814,CSRF,1,0,1,1,0
APP_NLIU_3599,Rule_3_ii_Financial_Data,160161,XSS,1,1,1,1,1
APP_NLIU_3600,Rule_3_iii_v_Health_Medical_Records,454047,Exception_Handling_Failure,1,1,1,0,1
APP_NLIU_3601,Rule_3_i_Passwords,1135249,XSS,1,0,1,1,0
APP_NLIU_3602,Rule_3_iii_v_Health_Medical_Records,1629804,None,1,0,1,1,1
APP_NLIU_3603,Rule_3_i_Passwords,91796,None,0,1,0,1,0
APP_NLIU_3604,Rule_3_ii_Financial_Data,1090052,SSRF,1,1,1,1,0
APP_NLIU_3605,Rule_3_ii_Financial_Data,1997363,XSS,0,1,1,1,1
APP_NLIU_3606,Rule_3_i_Passwords,662129,XSS,0,1,0,1,1
APP_NLIU_3607,Rule_3_vi_Biometric_Information,309422,Exception_Handling_Failure,1,1,1,1,0
APP_NLIU_3608,Rule_3_ii_Financial_Data,1231642,SSRF,1,0,1,0,0
APP_NLIU_3609,Multi_Category_SPDI,1855642,Exception_Handling_Failure,1,0,0,0,1
APP_NLIU_3610,Multi_Category_SPDI,765395,None,1,1,1,1,1
APP_NLIU_3611,Rule_3_iii_v_Health_Medical_Records,131259,XSS,1,1,1,1,1
APP_NLIU_3612,Rule_3_i_Passwords,1457757,None,0,1,1,1,0
APP_NLIU_3613,Rule_3_ii_Financial_Data,1998646,None,1,1,1,0,1
APP_NLIU_3614,Rule_3_vi_Biometric_Information,843628,SQL_Injection,1,1,0,1,1
APP_NLIU_3615,Rule_3_ii_Financial_Data,1414399,SSRF,1,1,1,1,1
APP_NLIU_3616,Rule_3_i_Passwords,1232933,None,1,1,1,0,1
APP_NLIU_3617,Rule_3_iii_v_Health_Medical_Records,922293,None,0,0,0,1,1
APP_NLIU_3618,Rule_3_vi_Biometric_Information,1240147,SQL_Injection,1,1,1,1,0
APP_NLIU_3619,Rule_3_vi_Biometric_Information,548708,SQL_Injection,0,0,0,1,0
APP_NLIU_3620,Rule_3_i_Passwords,1209884,SSRF,1,1,1,0,1
APP_NLIU_3621,Rule_3_iii_v_Health_Medical_Records,797650,None,1,1,0,1,1
APP_NLIU_3622,Rule_3_ii_Financial_Data,129283,SSRF,1,1,0,1,1
APP_NLIU_3623,Rule_3_ii_Financial_Data,448108,XSS,1,1,0,1,0
APP_NLIU_3624,Multi_Category_SPDI,734391,None,1,1,1,1,0
APP_NLIU_3625,Rule_3_ii_Financial_Data,235461,SQL_Injection,1,0,1,1,1
APP_NLIU_3626,Rule_3_ii_Financial_Data,1641921,Exception_Handling_Failure,0,1,1,1,1
APP_NLIU_3627,Rule_3_i_Passwords,1918617,CSRF,0,0,1,0,0
APP_NLIU_3628,Multi_Category_SPDI,1785843,None,0,1,1,1,1
APP_NLIU_3629,Rule_3_vi_Biometric_Information,219202,CSRF,1,1,1,1,0
APP_NLIU_3630,Rule_3_iii_v_Health_Medical_Records,147298,Exception_Handling_Failure,0,0,1,1,1
APP_NLIU_3631,Rule_3_vi_Biometric_Information,652396,Exception_Handling_Failure,1,1,1,1,1
APP_NLIU_3632,Rule_3_i_Passwords,974775,SSRF,1,1,1,0,1
APP_NLIU_3633,Rule_3_ii_Financial_Data,801478,SQL_Injection,1,1,1,1,0
APP_NLIU_3634,Rule_3_ii_Financial_Data,251027,XSS,1,1,1,1,1
APP_NLIU_3635,Rule_3_i_Passwords,908894,CSRF,1,1,1,1,1
APP_NLIU_3636,Rule_3_ii_Financial_Data,1949353,None,1,0,1,1,0
APP_NLIU_3637,Multi_Category_SPDI,42117,None,1,1,1,1,1
APP_NLIU_3638,Rule_3_i_Passwords,1183556,XSS,0,1,1,1,1
APP_NLIU_3639,Rule_3_ii_Financial_Data,927469,Exception_Handling_Failure,1,0,1,1,1
APP_NLIU_3640,Rule_3_ii_Financial_Data,1034300,Exception_Handling_Failure,1,1,0,1,0
APP_NLIU_3641,Rule_3_ii_Financial_Data,1263520,None,0,1,1,1,1
APP_NLIU_3642,Multi_Category_SPDI,193349,XSS,1,1,1,1,0
APP_NLIU_3643,Rule_3_ii_Financial_Data,1794315,CSRF,1,0,1,1,1
APP_NLIU_3644,Rule_3_ii_Financial_Data,1506405,CSRF,0,1,1,1,1
APP_NLIU_3645,Rule_3_vi_Biometric_Information,546661,XSS,1,0,0,1,1
APP_NLIU_3646,Rule_3_i_Passwords,50452,XSS,0,1,1,0,1
APP_NLIU_3647,Rule_3_ii_Financial_Data,1234737,XSS,1,1,1,1,0
APP_NLIU_3648,Rule_3_ii_Financial_Data,1060230,SQL_Injection,1,0,1,1,1
APP_NLIU_3649,Rule_3_iii_v_Health_Medical_Records,953784,None,1,0,0,1,0
APP_NLIU_3650,Multi_Category_SPDI,1240789,SSRF,1,1,1,1,1
APP_NLIU_3651,Rule_3_vi_Biometric_Information,128319,SSRF,1,0,1,0,0
APP_NLIU_3652,Rule_3_ii_Financial_Data,897078,XSS,1,0,1,0,0
APP_NLIU_3653,Rule_3_vi_Biometric_Information,224015,SSRF,1,1,1,1,1
APP_NLIU_3654,Rule_3_i_Passwords,1514686,XSS,1,1,1,1,1
APP_NLIU_3655,Rule_3_i_Passwords,1866591,CSRF,1,1,0,1,0
APP_NLIU_3656,Rule_3_ii_Financial_Data,1826969,XSS,1,1,1,1,0
APP_NLIU_3657,Rule_3_ii_Financial_Data,1672106,XSS,1,1,1,1,1
APP_NLIU_3658,Rule_3_iii_v_Health_Medical_Records,928864,SSRF,1,1,1,1,1
APP_NLIU_3659,Rule_3_iii_v_Health_Medical_Records,583256,SSRF,1,0,1,1,0
APP_NLIU_3660,Multi_Category_SPDI,664103,None,0,1,0,0,1
APP_NLIU_3661,Rule_3_iii_v_Health_Medical_Records,1453951,XSS,1,1,0,0,0
APP_NLIU_3662,Rule_3_iii_v_Health_Medical_Records,168223,XSS,1,0,0,1,0
APP_NLIU_3663,Rule_3_i_Passwords,136590,SQL_Injection,1,1,0,0,1
APP_NLIU_3664,Rule_3_i_Passwords,283796,XSS,0,1,1,1,1
APP_NLIU_3665,Rule_3_iii_v_Health_Medical_Records,1525253,XSS,1,1,0,0,0
APP_NLIU_3666,Rule_3_ii_Financial_Data,1690978,XSS,0,1,1,0,1
APP_NLIU_3667,Rule_3_vi_Biometric_Information,250615,None,0,1,1,0,1
APP_NLIU_3668,Rule_3_i_Passwords,780492,SSRF,1,1,1,1,1
APP_NLIU_3669,Rule_3_i_Passwords,993515,CSRF,1,0,1,1,1
APP_NLIU_3670,Rule_3_ii_Financial_Data,1418209,None,0,1,1,1,0
APP_NLIU_3671,Rule_3_ii_Financial_Data,239537,None,1,0,0,1,1
APP_NLIU_3672,Rule_3_i_Passwords,1226996,SQL_Injection,1,0,0,1,1
APP_NLIU_3673,Rule_3_iii_v_Health_Medical_Records,735782,XSS,0,1,1,0,0
APP_NLIU_3674,Rule_3_i_Passwords,1130577,SSRF,0,0,1,1,0
APP_NLIU_3675,Rule_3_iii_v_Health_Medical_Records,1964277,SQL_Injection,1,0,1,1,1
APP_NLIU_3676,Rule_3_ii_Financial_Data,1565345,CSRF,0,0,1,0,1
APP_NLIU_3677,Rule_3_i_Passwords,81757,SQL_Injection,0,1,1,1,1
APP_NLIU_3678,Rule_3_ii_Financial_Data,1602259,None,1,0,1,1,1
APP_NLIU_3679,Rule_3_vi_Biometric_Information,138407,XSS,1,1,1,1,1
APP_NLIU_3680,Rule_3_ii_Financial_Data,1679842,SQL_Injection,1,0,0,1,1
APP_NLIU_3681,Rule_3_vi_Biometric_Information,1516904,SQL_Injection,1,1,0,1,0
APP_NLIU_3682,Rule_3_i_Passwords,249348,None,1,1,1,0,0
APP_NLIU_3683,Rule_3_vi_Biometric_Information,660860,SSRF,0,1,1,1,1
APP_NLIU_3684,Rule_3_ii_Financial_Data,1702405,Exception_Handling_Failure,1,1,1,1,1
APP_NLIU_3685,Rule_3_iii_v_Health_Medical_Records,1276859,CSRF,1,1,1,0,1
APP_NLIU_3686,Rule_3_iii_v_Health_Medical_Records,1848091,XSS,0,1,0,1,0
APP_NLIU_3687,Multi_Category_SPDI,373742,CSRF,0,1,1,0,1
APP_NLIU_3688,Rule_3_ii_Financial_Data,217328,SQL_Injection,1,0,1,1,1
APP_NLIU_3689,Rule_3_i_Passwords,403759,SSRF,0,1,1,1,1
APP_NLIU_3690,Rule_3_i_Passwords,1039938,SSRF,1,1,1,0,1
APP_NLIU_3691,Rule_3_vi_Biometric_Information,712597,XSS,1,1,1,0,0
APP_NLIU_3692,Rule_3_iii_v_Health_Medical_Records,1411891,Exception_Handling_Failure,0,1,1,1,0
APP_NLIU_3693,Rule_3_vi_Biometric_Information,1698287,CSRF,0,1,1,1,1
APP_NLIU_3694,Rule_3_ii_Financial_Data,750076,SQL_Injection,1,1,1,1,1
APP_NLIU_3695,Rule_3_ii_Financial_Data,535901,XSS,1,1,1,1,1
APP_NLIU_3696,Rule_3_i_Passwords,901465,Exception_Handling_Failure,1,1,1,1,1
APP_NLIU_3697,Multi_Category_SPDI,1251511,None,1,1,0,0,0
APP_NLIU_3698,Rule_3_iii_v_Health_Medical_Records,963044,XSS,1,0,1,1,0
APP_NLIU_3699,Multi_Category_SPDI,867634,XSS,1,1,1,1,0
APP_NLIU_3700,Rule_3_ii_Financial_Data,1997335,XSS,0,1,1,1,1
APP_NLIU_3701,Rule_3_iii_v_Health_Medical_Records,1575925,None,0,1,1,1,0
APP_NLIU_3702,Rule_3_iii_v_Health_Medical_Records,90666,None,1,0,1,1,1
APP_NLIU_3703,Rule_3_ii_Financial_Data,551356,CSRF,1,0,1,1,1
APP_NLIU_3704,Rule_3_vi_Biometric_Information,840489,SSRF,0,1,1,1,0
APP_NLIU_3705,Multi_Category_SPDI,810378,CSRF,1,0,0,0,0
APP_NLIU_3706,Multi_Category_SPDI,680907,XSS,0,1,0,1,0
APP_NLIU_3707,Rule_3_iii_v_Health_Medical_Records,614525,None,1,0,0,1,0
APP_NLIU_3708,Rule_3_ii_Financial_Data,1039628,XSS,1,0,0,1,1
APP_NLIU_3709,Rule_3_ii_Financial_Data,272913,SQL_Injection,1,1,0,1,1
APP_NLIU_3710,Multi_Category_SPDI,1733819,None,0,0,1,1,1
APP_NLIU_3711,Rule_3_i_Passwords,1639204,None,0,1,1,1,1
APP_NLIU_3712,Rule_3_iii_v_Health_Medical_Records,1132775,CSRF,1,1,1,0,0
APP_NLIU_3713,Rule_3_iii_v_Health_Medical_Records,1157798,Exception_Handling_Failure,1,1,1,1,1
APP_NLIU_3714,Rule_3_iii_v_Health_Medical_Records,1038281,XSS,0,1,1,1,1
APP_NLIU_3715,Multi_Category_SPDI,238931,None,1,1,1,1,0
APP_NLIU_3716,Rule_3_ii_Financial_Data,171234,None,1,1,0,1,0
APP_NLIU_3717,Rule_3_ii_Financial_Data,486604,XSS,1,0,1,1,1
APP_NLIU_3718,Rule_3_i_Passwords,38434,Exception_Handling_Failure,0,0,1,1,0
APP_NLIU_3719,Rule_3_ii_Financial_Data,813534,None,0,1,1,0,1
APP_NLIU_3720,Rule_3_ii_Financial_Data,1075112,XSS,1,1,1,1,0
APP_NLIU_3721,Rule_3_ii_Financial_Data,1786827,CSRF,1,1,1,0,0
APP_NLIU_3722,Rule_3_vi_Biometric_Information,728130,None,1,0,1,0,0
APP_NLIU_3723,Multi_Category_SPDI,1158215,SSRF,1,1,1,1,1
APP_NLIU_3724,Rule_3_i_Passwords,448604,CSRF,1,1,1,0,0
APP_NLIU_3725,Rule_3_ii_Financial_Data,1628639,None,0,1,0,1,0
APP_NLIU_3726,Multi_Category_SPDI,560435,None,1,0,1,1,0
APP_NLIU_3727,Rule_3_i_Passwords,1366246,XSS,1,0,1,1,0
APP_NLIU_3728,Rule_3_i_Passwords,1208307,SSRF,0,0,1,0,0
APP_NLIU_3729,Rule_3_i_Passwords,1818743,CSRF,0,0,1,1,0
APP_NLIU_3730,Rule_3_iii_v_Health_Medical_Records,109663,CSRF,1,1,0,1,1
APP_NLIU_3731,Rule_3_i_Passwords,1791032,SSRF,1,0,1,1,1
APP_NLIU_3732,Multi_Category_SPDI,1952188,None,0,1,1,0,0
APP_NLIU_3733,Rule_3_ii_Financial_Data,1439953,CSRF,1,1,1,1,0
APP_NLIU_3734,Rule_3_iii_v_Health_Medical_Records,28088,XSS,1,1,1,1,1
APP_NLIU_3735,Rule_3_ii_Financial_Data,1122040,CSRF,1,1,1,1,1
APP_NLIU_3736,Rule_3_ii_Financial_Data,1945929,None,1,1,1,0,1
APP_NLIU_3737,Rule_3_iii_v_Health_Medical_Records,851430,CSRF,1,1,1,1,0
APP_NLIU_3738,Rule_3_vi_Biometric_Information,1880390,SQL_Injection,1,0,1,1,0
APP_NLIU_3739,Rule_3_vi_Biometric_Information,1343904,SQL_Injection,0,0,0,1,1
APP_NLIU_3740,Rule_3_iii_v_Health_Medical_Records,156171,XSS,0,0,1,1,0
APP_NLIU_3741,Multi_Category_SPDI,992314,XSS,0,0,0,1,0
APP_NLIU_3742,Rule_3_vi_Biometric_Information,1799442,XSS,1,1,1,1,0
APP_NLIU_3743,Rule_3_vi_Biometric_Information,1800216,XSS,1,1,1,1,0
APP_NLIU_3744,Rule_3_i_Passwords,1091315,SQL_Injection,0,0,0,0,0
APP_NLIU_3745,Rule_3_i_Passwords,1967945,XSS,1,1,1,1,1
APP_NLIU_3746,Rule_3_ii_Financial_Data,1193037,XSS,0,1,0,1,1
APP_NLIU_3747,Rule_3_iii_v_Health_Medical_Records,22352,SQL_Injection,1,1,1,0,0
APP_NLIU_3748,Rule_3_ii_Financial_Data,131788,SQL_Injection,1,0,1,1,0
APP_NLIU_3749,Rule_3_ii_Financial_Data,1957851,SQL_Injection,0,0,1,1,1
APP_NLIU_3750,Multi_Category_SPDI,419364,SQL_Injection,1,1,0,1,0
APP_NLIU_3751,Multi_Category_SPDI,1609692,Exception_Handling_Failure,0,0,1,1,1
APP_NLIU_3752,Multi_Category_SPDI,597328,SSRF,1,1,1,1,1
APP_NLIU_3753,Rule_3_ii_Financial_Data,981124,CSRF,0,1,0,1,0
APP_NLIU_3754,Rule_3_iii_v_Health_Medical_Records,1409999,SSRF,1,1,1,1,0
APP_NLIU_3755,Rule_3_ii_Financial_Data,1148006,None,1,1,0,1,1
APP_NLIU_3756,Rule_3_i_Passwords,1805467,None,1,0,1,1,0
APP_NLIU_3757,Rule_3_i_Passwords,455330,SSRF,0,1,1,0,0
APP_NLIU_3758,Rule_3_ii_Financial_Data,963215,CSRF,1,0,0,1,0
APP_NLIU_3759,Rule_3_ii_Financial_Data,645245,SSRF,1,1,0,1,1
APP_NLIU_3760,Rule_3_vi_Biometric_Information,547036,XSS,1,0,1,1,1
APP_NLIU_3761,Rule_3_i_Passwords,1666500,SQL_Injection,0,1,0,1,1
APP_NLIU_3762,Rule_3_iii_v_Health_Medical_Records,1742627,Exception_Handling_Failure,1,0,0,1,0
APP_NLIU_3763,Rule_3_iii_v_Health_Medical_Records,120158,XSS,1,1,1,1,1
APP_NLIU_3764,Rule_3_ii_Financial_Data,1273165,None,0,1,1,0,0
APP_NLIU_3765,Rule_3_ii_Financial_Data,1249930,SSRF,0,1,1,1,0
APP_NLIU_3766,Rule_3_ii_Financial_Data,1807180,None,1,0,1,1,1
APP_NLIU_3767,Rule_3_iii_v_Health_Medical_Records,720720,None,0,1,1,1,1
APP_NLIU_3768,Rule_3_ii_Financial_Data,1325966,SQL_Injection,1,1,1,1,0
APP_NLIU_3769,Rule_3_i_Passwords,246851,CSRF,1,1,1,1,1
APP_NLIU_3770,Rule_3_i_Passwords,64395,SSRF,1,1,1,1,0
APP_NLIU_3771,Rule_3_iii_v_Health_Medical_Records,1741422,CSRF,1,1,1,1,1
APP_NLIU_3772,Multi_Category_SPDI,1477132,CSRF,0,0,1,1,1
APP_NLIU_3773,Rule_3_ii_Financial_Data,1007378,XSS,0,1,0,1,0
APP_NLIU_3774,Rule_3_iii_v_Health_Medical_Records,1366020,XSS,0,1,0,1,0
APP_NLIU_3775,Rule_3_iii_v_Health_Medical_Records,1449878,None,1,1,0,1,0
APP_NLIU_3776,Multi_Category_SPDI,227143,SQL_Injection,1,1,1,1,1
APP_NLIU_3777,Rule_3_vi_Biometric_Information,791401,None,1,1,1,1,1
APP_NLIU_3778,Rule_3_iii_v_Health_Medical_Records,806292,SSRF,0,1,0,1,0
APP_NLIU_3779,Rule_3_iii_v_Health_Medical_Records,546301,None,1,0,1,1,1
APP_NLIU_3780,Multi_Category_SPDI,405623,CSRF,0,1,1,1,1
APP_NLIU_3781,Rule_3_ii_Financial_Data,1611406,SQL_Injection,0,0,1,1,0
APP_NLIU_3782,Rule_3_ii_Financial_Data,1078511,None,0,1,1,1,1
APP_NLIU_3783,Rule_3_i_Passwords,505229,CSRF,1,1,1,1,0
APP_NLIU_3784,Rule_3_vi_Biometric_Information,578367,Exception_Handling_Failure,1,1,1,1,0
APP_NLIU_3785,Rule_3_vi_Biometric_Information,39111,XSS,1,1,1,1,0
APP_NLIU_3786,Rule_3_i_Passwords,847982,XSS,1,1,1,0,0
APP_NLIU_3787,Rule_3_iii_v_Health_Medical_Records,211769,XSS,1,0,1,1,1
APP_NLIU_3788,Rule_3_ii_Financial_Data,487333,None,1,0,1,1,0
APP_NLIU_3789,Rule_3_i_Passwords,1544605,SQL_Injection,1,1,1,1,0
APP_NLIU_3790,Multi_Category_SPDI,223008,Exception_Handling_Failure,1,0,0,0,1
APP_NLIU_3791,Rule_3_ii_Financial_Data,1916963,None,1,0,1,0,0
APP_NLIU_3792,Rule_3_i_Passwords,45565,SQL_Injection,1,1,0,1,0
APP_NLIU_3793,Rule_3_iii_v_Health_Medical_Records,1072859,SQL_Injection,1,0,1,1,1
APP_NLIU_3794,Rule_3_iii_v_Health_Medical_Records,1906478,None,0,0,0,1,1
APP_NLIU_3795,Rule_3_i_Passwords,1284938,XSS,1,0,1,1,0
APP_NLIU_3796,Rule_3_iii_v_Health_Medical_Records,616204,XSS,0,1,0,0,1
APP_NLIU_3797,Rule_3_iii_v_Health_Medical_Records,1133128,SQL_Injection,0,0,1,0,1
APP_NLIU_3798,Rule_3_i_Passwords,1043734,XSS,1,1,1,0,1
APP_NLIU_3799,Rule_3_i_Passwords,43233,SQL_Injection,1,0,1,1,1
APP_NLIU_3800,Rule_3_iii_v_Health_Medical_Records,1574986,XSS,1,1,1,1,1
APP_NLIU_3801,Rule_3_ii_Financial_Data,289839,None,1,1,0,1,1
APP_NLIU_3802,Multi_Category_SPDI,1012992,CSRF,1,1,1,1,1
APP_NLIU_3803,Rule_3_vi_Biometric_Information,1704304,XSS,1,1,0,1,0
APP_NLIU_3804,Multi_Category_SPDI,178806,None,1,1,1,1,1
APP_NLIU_3805,Rule_3_ii_Financial_Data,348401,Exception_Handling_Failure,1,1,0,1,0
APP_NLIU_3806,Multi_Category_SPDI,792937,None,1,1,1,1,1
APP_NLIU_3807,Rule_3_ii_Financial_Data,1976443,XSS,1,1,0,1,1
APP_NLIU_3808,Rule_3_ii_Financial_Data,971212,None,1,1,1,0,0
APP_NLIU_3809,Rule_3_i_Passwords,310758,SQL_Injection,0,1,0,1,0
APP_NLIU_3810,Rule_3_i_Passwords,1054586,SQL_Injection,0,1,1,1,1
APP_NLIU_3811,Rule_3_iii_v_Health_Medical_Records,249300,SSRF,0,0,1,1,0
APP_NLIU_3812,Rule_3_ii_Financial_Data,1558578,XSS,1,1,1,1,0
APP_NLIU_3813,Rule_3_ii_Financial_Data,1708424,None,1,1,1,0,1
APP_NLIU_3814,Rule_3_iii_v_Health_Medical_Records,155933,CSRF,0,1,1,1,0
APP_NLIU_3815,Rule_3_ii_Financial_Data,1470917,Exception_Handling_Failure,0,1,0,1,1
APP_NLIU_3816,Rule_3_iii_v_Health_Medical_Records,784470,None,0,0,1,1,0
APP_NLIU_3817,Rule_3_ii_Financial_Data,669729,XSS,1,1,0,1,1
APP_NLIU_3818,Rule_3_vi_Biometric_Information,1909401,CSRF,0,1,1,0,1
APP_NLIU_3819,Rule_3_vi_Biometric_Information,687031,XSS,0,0,0,1,1
APP_NLIU_3820,Rule_3_ii_Financial_Data,997904,CSRF,1,1,1,1,1
APP_NLIU_3821,Rule_3_ii_Financial_Data,1118088,SQL_Injection,1,1,1,1,1
APP_NLIU_3822,Rule_3_ii_Financial_Data,1151602,None,1,0,1,1,0
APP_NLIU_3823,Rule_3_vi_Biometric_Information,1129232,SQL_Injection,1,0,1,1,0
APP_NLIU_3824,Rule_3_ii_Financial_Data,1794695,SQL_Injection,1,0,1,0,1
APP_NLIU_3825,Rule_3_ii_Financial_Data,364830,None,0,1,0,1,1
APP_NLIU_3826,Rule_3_i_Passwords,1228786,CSRF,1,1,1,1,1
APP_NLIU_3827,Rule_3_ii_Financial_Data,1238068,Exception_Handling_Failure,1,0,1,0,1
APP_NLIU_3828,Rule_3_ii_Financial_Data,990593,CSRF,0,1,1,1,0
APP_NLIU_3829,Rule_3_vi_Biometric_Information,282633,CSRF,0,0,1,1,0
APP_NLIU_3830,Rule_3_ii_Financial_Data,64789,CSRF,0,1,1,1,0
APP_NLIU_3831,Rule_3_ii_Financial_Data,1647789,CSRF,1,0,0,1,1
APP_NLIU_3832,Rule_3_vi_Biometric_Information,1365423,XSS,1,1,1,1,1
APP_NLIU_3833,Rule_3_vi_Biometric_Information,1534278,None,1,1,1,1,1
APP_NLIU_3834,Rule_3_ii_Financial_Data,1130201,XSS,0,1,1,1,1
APP_NLIU_3835,Rule_3_ii_Financial_Data,1947543,None,1,0,1,1,0
APP_NLIU_3836,Rule_3_ii_Financial_Data,1829382,SQL_Injection,1,0,0,0,0
APP_NLIU_3837,Multi_Category_SPDI,1767164,XSS,1,1,1,1,0
APP_NLIU_3838,Rule_3_i_Passwords,526564,XSS,1,0,1,0,0
APP_NLIU_3839,Multi_Category_SPDI,532339,None,1,1,1,1,0
APP_NLIU_3840,Rule_3_iii_v_Health_Medical_Records,174162,SQL_Injection,1,1,1,1,0
APP_NLIU_3841,Rule_3_iii_v_Health_Medical_Records,1606669,XSS,1,1,1,1,1
APP_NLIU_3842,Rule_3_i_Passwords,1672842,None,0,1,1,1,1
APP_NLIU_3843,Rule_3_ii_Financial_Data,835989,SSRF,1,1,1,1,0
APP_NLIU_3844,Rule_3_ii_Financial_Data,400771,None,0,1,1,1,1
APP_NLIU_3845,Rule_3_i_Passwords,1628105,SQL_Injection,0,1,0,1,0
APP_NLIU_3846,Rule_3_iii_v_Health_Medical_Records,1000807,None,1,1,1,0,1
APP_NLIU_3847,Multi_Category_SPDI,1181414,None,1,1,1,1,0
APP_NLIU_3848,Rule_3_iii_v_Health_Medical_Records,595282,Exception_Handling_Failure,1,0,1,1,1
APP_NLIU_3849,Rule_3_iii_v_Health_Medical_Records,381149,XSS,1,1,0,1,0
APP_NLIU_3850,Rule_3_i_Passwords,807498,SQL_Injection,1,0,1,0,1
APP_NLIU_3851,Rule_3_ii_Financial_Data,665081,None,1,1,0,0,1
APP_NLIU_3852,Rule_3_i_Passwords,1917990,XSS,1,0,1,1,1
APP_NLIU_3853,Rule_3_iii_v_Health_Medical_Records,797736,SQL_Injection,0,1,0,1,1
APP_NLIU_3854,Multi_Category_SPDI,1296517,Exception_Handling_Failure,0,1,1,1,0
APP_NLIU_3855,Rule_3_iii_v_Health_Medical_Records,1620831,XSS,1,1,1,0,0
APP_NLIU_3856,Rule_3_i_Passwords,760584,SQL_Injection,1,1,1,1,0
APP_NLIU_3857,Rule_3_ii_Financial_Data,345907,SSRF,0,0,0,1,1
APP_NLIU_3858,Rule_3_iii_v_Health_Medical_Records,1880470,SQL_Injection,1,1,0,1,0
APP_NLIU_3859,Rule_3_ii_Financial_Data,1960364,XSS,0,1,0,1,0
APP_NLIU_3860,Rule_3_vi_Biometric_Information,1649698,Exception_Handling_Failure,0,1,1,0,0
APP_NLIU_3861,Rule_3_vi_Biometric_Information,378167,XSS,1,1,1,1,1
APP_NLIU_3862,Rule_3_iii_v_Health_Medical_Records,647059,None,1,1,1,1,0
APP_NLIU_3863,Rule_3_ii_Financial_Data,80842,None,0,1,1,1,0
APP_NLIU_3864,Rule_3_ii_Financial_Data,7589,Exception_Handling_Failure,1,1,1,1,0
APP_NLIU_3865,Rule_3_i_Passwords,392167,SQL_Injection,1,0,1,1,0
APP_NLIU_3866,Rule_3_ii_Financial_Data,1483870,Exception_Handling_Failure,1,1,1,1,1
APP_NLIU_3867,Rule_3_ii_Financial_Data,1285193,XSS,1,1,1,1,1
APP_NLIU_3868,Rule_3_iii_v_Health_Medical_Records,59918,XSS,0,0,0,1,1
APP_NLIU_3869,Rule_3_iii_v_Health_Medical_Records,1984681,Exception_Handling_Failure,1,1,1,1,1
APP_NLIU_3870,Rule_3_i_Passwords,12711,CSRF,1,0,1,1,0
APP_NLIU_3871,Rule_3_ii_Financial_Data,1271548,None,1,0,1,1,1
APP_NLIU_3872,Rule_3_i_Passwords,326574,SQL_Injection,1,1,0,1,1
APP_NLIU_3873,Rule_3_i_Passwords,723687,Exception_Handling_Failure,1,1,1,1,0
APP_NLIU_3874,Rule_3_vi_Biometric_Information,1283890,SQL_Injection,0,0,1,1,1
APP_NLIU_3875,Rule_3_i_Passwords,755506,None,1,1,1,1,1
APP_NLIU_3876,Rule_3_ii_Financial_Data,894037,SQL_Injection,1,1,1,1,0
APP_NLIU_3877,Rule_3_i_Passwords,1581834,SQL_Injection,1,0,1,1,1
APP_NLIU_3878,Multi_Category_SPDI,263989,CSRF,1,1,1,0,1
APP_NLIU_3879,Rule_3_iii_v_Health_Medical_Records,1385255,CSRF,0,1,1,1,0
APP_NLIU_3880,Rule_3_ii_Financial_Data,878002,SSRF,1,1,1,1,0
APP_NLIU_3881,Rule_3_iii_v_Health_Medical_Records,126315,XSS,1,0,1,1,1
APP_NLIU_3882,Rule_3_iii_v_Health_Medical_Records,958680,XSS,0,1,1,1,0
APP_NLIU_3883,Multi_Category_SPDI,1427831,SQL_Injection,1,0,1,1,0
APP_NLIU_3884,Rule_3_ii_Financial_Data,308874,CSRF,1,0,1,1,1
APP_NLIU_3885,Multi_Category_SPDI,1528960,None,1,1,1,1,0
APP_NLIU_3886,Multi_Category_SPDI,1722321,Exception_Handling_Failure,0,0,1,1,1
APP_NLIU_3887,Multi_Category_SPDI,1176828,None,1,0,1,1,1
APP_NLIU_3888,Rule_3_iii_v_Health_Medical_Records,1190598,Exception_Handling_Failure,0,1,0,0,1
APP_NLIU_3889,Rule_3_iii_v_Health_Medical_Records,1810166,CSRF,1,1,0,0,0
APP_NLIU_3890,Rule_3_ii_Financial_Data,1258159,SQL_Injection,0,0,1,1,1
APP_NLIU_3891,Rule_3_vi_Biometric_Information,975513,CSRF,0,1,1,1,1
APP_NLIU_3892,Rule_3_iii_v_Health_Medical_Records,1009354,None,0,0,1,1,0
APP_NLIU_3893,Rule_3_iii_v_Health_Medical_Records,1994478,None,0,1,1,1,1
APP_NLIU_3894,Rule_3_ii_Financial_Data,947781,XSS,1,0,0,1,0
APP_NLIU_3895,Rule_3_iii_v_Health_Medical_Records,687121,SQL_Injection,1,1,0,1,0
APP_NLIU_3896,Rule_3_vi_Biometric_Information,200507,SQL_Injection,1,1,1,1,0
APP_NLIU_3897,Rule_3_i_Passwords,68944,CSRF,1,0,1,1,1
APP_NLIU_3898,Rule_3_vi_Biometric_Information,470718,XSS,1,1,1,1,1
APP_NLIU_3899,Rule_3_iii_v_Health_Medical_Records,1161013,SQL_Injection,1,1,1,1,1
APP_NLIU_3900,Rule_3_vi_Biometric_Information,1180370,None,1,1,1,1,1
APP_NLIU_3901,Rule_3_ii_Financial_Data,339267,CSRF,0,1,1,1,1
APP_NLIU_3902,Rule_3_ii_Financial_Data,290024,None,1,1,0,1,1
APP_NLIU_3903,Multi_Category_SPDI,993131,None,1,1,1,1,1
APP_NLIU_3904,Rule_3_ii_Financial_Data,1488545,None,1,1,1,1,1
APP_NLIU_3905,Rule_3_vi_Biometric_Information,1019170,Exception_Handling_Failure,1,1,1,1,0
APP_NLIU_3906,Rule_3_ii_Financial_Data,879261,Exception_Handling_Failure,0,1,1,1,0
APP_NLIU_3907,Rule_3_iii_v_Health_Medical_Records,661921,Exception_Handling_Failure,1,1,1,1,0
APP_NLIU_3908,Rule_3_ii_Financial_Data,58205,Exception_Handling_Failure,1,1,1,1,0
APP_NLIU_3909,Rule_3_iii_v_Health_Medical_Records,111948,XSS,1,1,1,1,0
APP_NLIU_3910,Rule_3_ii_Financial_Data,1375530,None,1,1,1,0,1
APP_NLIU_3911,Rule_3_i_Passwords,380233,None,1,0,1,0,1
APP_NLIU_3912,Rule_3_ii_Financial_Data,1642346,None,0,1,1,0,1
APP_NLIU_3913,Rule_3_i_Passwords,1384912,None,0,1,1,1,0
APP_NLIU_3914,Multi_Category_SPDI,616442,SSRF,1,1,1,0,1
APP_NLIU_3915,Multi_Category_SPDI,1663930,SQL_Injection,1,1,1,0,0
APP_NLIU_3916,Rule_3_ii_Financial_Data,223480,XSS,1,1,0,1,1
APP_NLIU_3917,Rule_3_iii_v_Health_Medical_Records,520985,XSS,1,1,1,1,1
APP_NLIU_3918,Rule_3_ii_Financial_Data,1737266,None,1,1,1,1,1
APP_NLIU_3919,Rule_3_iii_v_Health_Medical_Records,1462931,XSS,0,1,1,0,0
APP_NLIU_3920,Rule_3_vi_Biometric_Information,133514,XSS,1,0,0,1,1
APP_NLIU_3921,Multi_Category_SPDI,824409,XSS,0,1,0,1,0
APP_NLIU_3922,Rule_3_ii_Financial_Data,9983,SQL_Injection,0,1,1,1,1
APP_NLIU_3923,Rule_3_vi_Biometric_Information,700269,Exception_Handling_Failure,1,1,1,1,1
APP_NLIU_3924,Rule_3_ii_Financial_Data,1030926,None,1,1,0,1,1
APP_NLIU_3925,Multi_Category_SPDI,1249128,SSRF,1,1,1,1,0
APP_NLIU_3926,Rule_3_i_Passwords,1364749,XSS,0,0,1,1,1
APP_NLIU_3927,Rule_3_iii_v_Health_Medical_Records,1730265,XSS,1,1,1,1,0
APP_NLIU_3928,Rule_3_iii_v_Health_Medical_Records,1700532,SSRF,0,0,1,0,0
APP_NLIU_3929,Rule_3_iii_v_Health_Medical_Records,172806,SQL_Injection,1,1,1,0,1
APP_NLIU_3930,Rule_3_i_Passwords,1882845,None,0,0,1,1,0
APP_NLIU_3931,Multi_Category_SPDI,734714,CSRF,1,1,1,1,1
APP_NLIU_3932,Rule_3_i_Passwords,1261102,SSRF,0,1,1,1,0
APP_NLIU_3933,Rule_3_iii_v_Health_Medical_Records,1292602,SSRF,0,0,1,1,1
APP_NLIU_3934,Rule_3_ii_Financial_Data,646800,Exception_Handling_Failure,1,1,1,1,1
APP_NLIU_3935,Rule_3_ii_Financial_Data,71786,Exception_Handling_Failure,0,0,1,0,1
APP_NLIU_3936,Rule_3_iii_v_Health_Medical_Records,271902,Exception_Handling_Failure,1,0,1,1,1
APP_NLIU_3937,Rule_3_ii_Financial_Data,1418387,SQL_Injection,1,1,1,1,1
APP_NLIU_3938,Rule_3_i_Passwords,1514491,None,0,1,1,0,1
APP_NLIU_3939,Rule_3_i_Passwords,1685983,CSRF,1,0,1,1,1
APP_NLIU_3940,Rule_3_ii_Financial_Data,1415877,CSRF,1,1,1,0,1
APP_NLIU_3941,Rule_3_vi_Biometric_Information,87673,XSS,1,1,0,1,1
APP_NLIU_3942,Multi_Category_SPDI,1413359,CSRF,1,0,0,0,0
APP_NLIU_3943,Rule_3_i_Passwords,157904,None,0,1,1,1,0
APP_NLIU_3944,Rule_3_ii_Financial_Data,924372,None,0,1,1,0,0
APP_NLIU_3945,Rule_3_i_Passwords,264111,CSRF,0,1,0,0,1
APP_NLIU_3946,Rule_3_i_Passwords,644157,None,0,1,1,1,0
APP_NLIU_3947,Rule_3_iii_v_Health_Medical_Records,1497457,None,1,1,1,1,1
APP_NLIU_3948,Rule_3_iii_v_Health_Medical_Records,1298520,None,0,1,1,1,0
APP_NLIU_3949,Rule_3_i_Passwords,440078,SSRF,1,1,1,1,1
APP_NLIU_3950,Rule_3_ii_Financial_Data,286872,XSS,0,1,1,1,1
APP_NLIU_3951,Rule_3_i_Passwords,1943550,CSRF,1,0,1,1,0
APP_NLIU_3952,Rule_3_vi_Biometric_Information,1933573,None,0,1,1,1,1
APP_NLIU_3953,Multi_Category_SPDI,438073,SQL_Injection,0,1,1,1,1
APP_NLIU_3954,Rule_3_i_Passwords,1474975,XSS,1,1,1,1,0
APP_NLIU_3955,Rule_3_ii_Financial_Data,486537,CSRF,0,1,1,1,1
APP_NLIU_3956,Multi_Category_SPDI,1837418,CSRF,1,1,1,1,1
APP_NLIU_3957,Multi_Category_SPDI,1465732,Exception_Handling_Failure,1,0,1,1,1
APP_NLIU_3958,Rule_3_ii_Financial_Data,654307,None,1,1,1,1,1
APP_NLIU_3959,Rule_3_i_Passwords,1452072,Exception_Handling_Failure,1,0,1,1,1
APP_NLIU_3960,Rule_3_i_Passwords,1156124,None,1,1,1,1,1
APP_NLIU_3961,Rule_3_iii_v_Health_Medical_Records,400380,CSRF,1,1,1,1,1
APP_NLIU_3962,Rule_3_ii_Financial_Data,1437009,XSS,1,0,1,0,1
APP_NLIU_3963,Rule_3_i_Passwords,490940,XSS,1,1,1,1,0
APP_NLIU_3964,Rule_3_iii_v_Health_Medical_Records,1822389,SQL_Injection,1,1,1,1,0
APP_NLIU_3965,Rule_3_i_Passwords,1444788,XSS,1,1,1,1,1
APP_NLIU_3966,Rule_3_vi_Biometric_Information,346768,Exception_Handling_Failure,1,0,1,0,1
APP_NLIU_3967,Rule_3_ii_Financial_Data,1727341,XSS,1,1,0,1,1
APP_NLIU_3968,Rule_3_i_Passwords,1580685,None,1,1,0,1,1
APP_NLIU_3969,Rule_3_iii_v_Health_Medical_Records,322234,XSS,0,1,1,1,0
APP_NLIU_3970,Rule_3_ii_Financial_Data,1469308,SQL_Injection,0,1,0,0,1
APP_NLIU_3971,Multi_Category_SPDI,1981553,SQL_Injection,0,1,1,0,1
APP_NLIU_3972,Rule_3_iii_v_Health_Medical_Records,1886462,XSS,0,1,1,1,1
APP_NLIU_3973,Rule_3_ii_Financial_Data,1227178,CSRF,0,1,1,0,1
APP_NLIU_3974,Rule_3_iii_v_Health_Medical_Records,1157849,SQL_Injection,1,1,1,1,1
APP_NLIU_3975,Rule_3_ii_Financial_Data,261196,XSS,0,1,1,1,0
APP_NLIU_3976,Multi_Category_SPDI,1944480,XSS,1,1,1,1,1
APP_NLIU_3977,Rule_3_ii_Financial_Data,228626,CSRF,0,1,1,1,1
APP_NLIU_3978,Rule_3_iii_v_Health_Medical_Records,215704,None,0,1,0,0,1
APP_NLIU_3979,Rule_3_i_Passwords,241579,Exception_Handling_Failure,1,1,1,1,0
APP_NLIU_3980,Rule_3_ii_Financial_Data,947302,CSRF,1,1,0,0,1
APP_NLIU_3981,Rule_3_vi_Biometric_Information,399079,None,1,1,0,0,1
APP_NLIU_3982,Rule_3_vi_Biometric_Information,545436,Exception_Handling_Failure,1,0,0,0,0
APP_NLIU_3983,Rule_3_ii_Financial_Data,91545,Exception_Handling_Failure,1,1,1,1,1
APP_NLIU_3984,Rule_3_ii_Financial_Data,1108035,XSS,0,0,1,1,0
APP_NLIU_3985,Rule_3_vi_Biometric_Information,743705,SQL_Injection,1,0,1,0,0
APP_NLIU_3986,Multi_Category_SPDI,1924232,Exception_Handling_Failure,0,0,1,1,0
APP_NLIU_3987,Rule_3_i_Passwords,333333,CSRF,1,1,1,0,1
APP_NLIU_3988,Rule_3_ii_Financial_Data,1570831,None,1,1,0,0,0
APP_NLIU_3989,Rule_3_ii_Financial_Data,406345,None,1,0,1,1,0
APP_NLIU_3990,Multi_Category_SPDI,96954,XSS,0,1,1,0,1
APP_NLIU_3991,Rule_3_i_Passwords,1863126,CSRF,1,0,1,1,1
APP_NLIU_3992,Rule_3_ii_Financial_Data,1709379,SSRF,0,1,0,1,1
APP_NLIU_3993,Rule_3_vi_Biometric_Information,949545,CSRF,0,1,1,0,1
APP_NLIU_3994,Rule_3_i_Passwords,618667,XSS,0,0,1,1,1
APP_NLIU_3995,Rule_3_ii_Financial_Data,288197,CSRF,1,0,1,1,1
APP_NLIU_3996,Rule_3_ii_Financial_Data,887816,XSS,0,1,1,1,0
APP_NLIU_3997,Rule_3_ii_Financial_Data,501626,SSRF,1,1,1,1,1
APP_NLIU_3998,Rule_3_ii_Financial_Data,1221852,None,1,0,0,1,1
APP_NLIU_3999,Rule_3_iii_v_Health_Medical_Records,1957553,SQL_Injection,0,1,0,1,0
APP_NLIU_4000,Rule_3_i_Passwords,1751176,None,1,1,0,1,1
APP_NLIU_4001,Rule_3_iii_v_Health_Medical_Records,237415,None,0,1,0,1,1
APP_NLIU_4002,Rule_3_vi_Biometric_Information,918107,XSS,1,1,0,0,0
APP_NLIU_4003,Rule_3_vi_Biometric_Information,1409469,None,0,1,1,0,1
APP_NLIU_4004,Rule_3_i_Passwords,459318,XSS,1,1,1,1,0
APP_NLIU_4005,Rule_3_i_Passwords,1192939,Exception_Handling_Failure,1,1,0,1,1
APP_NLIU_4006,Rule_3_ii_Financial_Data,1817518,CSRF,1,1,1,1,1
APP_NLIU_4007,Rule_3_ii_Financial_Data,283429,CSRF,0,0,1,1,0
APP_NLIU_4008,Rule_3_ii_Financial_Data,1014926,XSS,1,1,1,1,1
APP_NLIU_4009,Rule_3_iii_v_Health_Medical_Records,328733,XSS,1,0,1,0,1
APP_NLIU_4010,Rule_3_i_Passwords,18944,XSS,1,0,0,1,0
APP_NLIU_4011,Rule_3_i_Passwords,630329,CSRF,1,1,1,1,1
APP_NLIU_4012,Rule_3_ii_Financial_Data,1928884,CSRF,0,1,1,0,0
APP_NLIU_4013,Rule_3_iii_v_Health_Medical_Records,886993,SQL_Injection,1,0,1,1,1
APP_NLIU_4014,Rule_3_i_Passwords,1632255,SQL_Injection,1,1,1,1,0
APP_NLIU_4015,Rule_3_iii_v_Health_Medical_Records,6607,CSRF,1,1,1,1,0
APP_NLIU_4016,Rule_3_ii_Financial_Data,1313890,SQL_Injection,1,1,1,0,0
APP_NLIU_4017,Multi_Category_SPDI,1056529,SQL_Injection,0,0,0,0,1
APP_NLIU_4018,Multi_Category_SPDI,1622805,None,0,1,1,1,1
APP_NLIU_4019,Rule_3_ii_Financial_Data,1780405,SQL_Injection,0,1,1,1,1
APP_NLIU_4020,Rule_3_ii_Financial_Data,999426,Exception_Handling_Failure,1,1,1,1,1
APP_NLIU_4021,Rule_3_ii_Financial_Data,853115,CSRF,1,1,0,1,0
APP_NLIU_4022,Rule_3_ii_Financial_Data,1560317,None,1,1,1,1,0
APP_NLIU_4023,Rule_3_iii_v_Health_Medical_Records,1779154,XSS,1,1,0,1,1
APP_NLIU_4024,Rule_3_vi_Biometric_Information,1035661,CSRF,1,1,1,0,0
APP_NLIU_4025,Rule_3_iii_v_Health_Medical_Records,901020,XSS,1,1,1,0,0
APP_NLIU_4026,Rule_3_vi_Biometric_Information,1043525,CSRF,0,1,1,1,1
APP_NLIU_4027,Rule_3_ii_Financial_Data,1962088,XSS,1,0,1,1,0
APP_NLIU_4028,Rule_3_i_Passwords,1326874,SQL_Injection,1,1,1,1,0
APP_NLIU_4029,Rule_3_iii_v_Health_Medical_Records,916974,None,1,1,1,1,0
APP_NLIU_4030,Rule_3_ii_Financial_Data,1717983,XSS,0,0,1,0,0
APP_NLIU_4031,Rule_3_iii_v_Health_Medical_Records,1666393,CSRF,1,1,1,0,1
APP_NLIU_4032,Rule_3_ii_Financial_Data,1260522,None,1,1,1,0,0
APP_NLIU_4033,Rule_3_i_Passwords,1592187,CSRF,1,1,1,0,0
APP_NLIU_4034,Multi_Category_SPDI,1353413,None,1,0,1,1,1
APP_NLIU_4035,Rule_3_i_Passwords,719090,XSS,1,1,1,1,1
APP_NLIU_4036,Multi_Category_SPDI,1314668,None,1,1,1,1,1
APP_NLIU_4037,Multi_Category_SPDI,356314,SQL_Injection,1,1,0,1,1
APP_NLIU_4038,Rule_3_vi_Biometric_Information,1473084,None,1,0,0,0,1
APP_NLIU_4039,Rule_3_iii_v_Health_Medical_Records,1550879,None,1,1,1,1,1
APP_NLIU_4040,Rule_3_iii_v_Health_Medical_Records,574399,SSRF,1,1,1,1,1
APP_NLIU_4041,Multi_Category_SPDI,997957,SQL_Injection,1,1,1,0,1
APP_NLIU_4042,Rule_3_ii_Financial_Data,473897,CSRF,1,0,1,0,1
APP_NLIU_4043,Rule_3_ii_Financial_Data,1279901,None,1,1,0,1,1
APP_NLIU_4044,Rule_3_iii_v_Health_Medical_Records,306635,CSRF,1,1,0,1,1
APP_NLIU_4045,Rule_3_ii_Financial_Data,1627200,XSS,1,0,0,1,0
APP_NLIU_4046,Rule_3_ii_Financial_Data,1070481,SQL_Injection,1,0,1,1,1
APP_NLIU_4047,Rule_3_ii_Financial_Data,1083849,CSRF,1,0,0,1,1
APP_NLIU_4048,Rule_3_iii_v_Health_Medical_Records,1178767,XSS,1,0,1,1,1
APP_NLIU_4049,Multi_Category_SPDI,1431656,None,0,1,1,1,0
APP_NLIU_4050,Rule_3_ii_Financial_Data,1210882,XSS,1,1,1,1,0
APP_NLIU_4051,Multi_Category_SPDI,1263533,None,1,0,0,1,0
APP_NLIU_4052,Rule_3_iii_v_Health_Medical_Records,71538,XSS,1,1,1,1,0
APP_NLIU_4053,Rule_3_vi_Biometric_Information,1158146,SQL_Injection,1,1,1,0,1
APP_NLIU_4054,Rule_3_iii_v_Health_Medical_Records,692933,CSRF,0,0,1,1,0
APP_NLIU_4055,Rule_3_vi_Biometric_Information,1933347,XSS,1,1,1,1,1
APP_NLIU_4056,Rule_3_i_Passwords,267025,None,1,0,1,0,0
APP_NLIU_4057,Rule_3_vi_Biometric_Information,1436852,None,1,1,1,0,0
APP_NLIU_4058,Rule_3_i_Passwords,200392,SSRF,1,0,0,1,1
APP_NLIU_4059,Multi_Category_SPDI,1182569,SSRF,1,1,1,1,0
APP_NLIU_4060,Multi_Category_SPDI,802762,SSRF,1,0,1,1,1
APP_NLIU_4061,Rule_3_ii_Financial_Data,1276688,None,1,1,1,1,1
APP_NLIU_4062,Rule_3_ii_Financial_Data,1265164,None,0,1,0,1,0
APP_NLIU_4063,Rule_3_vi_Biometric_Information,1912561,None,0,1,1,1,0
APP_NLIU_4064,Rule_3_ii_Financial_Data,1750289,CSRF,0,1,0,1,0
APP_NLIU_4065,Multi_Category_SPDI,152083,XSS,0,0,1,1,1
APP_NLIU_4066,Rule_3_i_Passwords,1137113,XSS,0,1,0,1,0
APP_NLIU_4067,Rule_3_i_Passwords,590273,CSRF,0,1,1,1,1
APP_NLIU_4068,Multi_Category_SPDI,1594908,XSS,1,1,1,1,1
APP_NLIU_4069,Rule_3_iii_v_Health_Medical_Records,436508,SQL_Injection,0,0,1,1,1
APP_NLIU_4070,Rule_3_vi_Biometric_Information,651592,SQL_Injection,0,0,1,1,0
APP_NLIU_4071,Rule_3_ii_Financial_Data,141322,None,0,1,0,1,1
APP_NLIU_4072,Rule_3_iii_v_Health_Medical_Records,263116,None,1,0,0,1,0
APP_NLIU_4073,Rule_3_iii_v_Health_Medical_Records,1863297,XSS,1,1,1,1,1
APP_NLIU_4074,Rule_3_iii_v_Health_Medical_Records,38087,XSS,0,0,1,0,0
APP_NLIU_4075,Rule_3_iii_v_Health_Medical_Records,1129528,CSRF,1,1,1,1,0
APP_NLIU_4076,Rule_3_iii_v_Health_Medical_Records,1799631,None,1,1,1,1,1
APP_NLIU_4077,Rule_3_ii_Financial_Data,41368,None,1,0,1,0,1
APP_NLIU_4078,Rule_3_ii_Financial_Data,1698512,None,1,1,1,1,0
APP_NLIU_4079,Rule_3_vi_Biometric_Information,862247,None,1,1,1,1,0
APP_NLIU_4080,Rule_3_ii_Financial_Data,1144269,SSRF,0,1,1,1,1
APP_NLIU_4081,Rule_3_iii_v_Health_Medical_Records,1507832,CSRF,1,1,1,1,0
APP_NLIU_4082,Rule_3_ii_Financial_Data,588188,XSS,1,0,1,1,0
APP_NLIU_4083,Rule_3_iii_v_Health_Medical_Records,1855502,CSRF,1,0,1,1,0
APP_NLIU_4084,Rule_3_iii_v_Health_Medical_Records,1432206,None,0,1,1,1,1
APP_NLIU_4085,Rule_3_ii_Financial_Data,705526,CSRF,1,1,1,1,1
APP_NLIU_4086,Rule_3_i_Passwords,227182,SQL_Injection,1,1,1,1,0
APP_NLIU_4087,Rule_3_i_Passwords,161405,CSRF,0,0,1,1,1
APP_NLIU_4088,Rule_3_iii_v_Health_Medical_Records,1873058,None,1,1,1,1,1
APP_NLIU_4089,Rule_3_vi_Biometric_Information,1675663,SSRF,1,1,0,1,1
APP_NLIU_4090,Rule_3_i_Passwords,136016,Exception_Handling_Failure,1,0,0,1,1
APP_NLIU_4091,Rule_3_iii_v_Health_Medical_Records,1282723,XSS,1,1,1,0,0
APP_NLIU_4092,Rule_3_ii_Financial_Data,1666121,SQL_Injection,0,1,1,1,1
APP_NLIU_4093,Rule_3_ii_Financial_Data,53070,XSS,1,1,1,1,1
APP_NLIU_4094,Multi_Category_SPDI,1845174,None,1,1,0,0,0
APP_NLIU_4095,Rule_3_ii_Financial_Data,405337,XSS,0,1,1,1,1
APP_NLIU_4096,Rule_3_ii_Financial_Data,675037,None,1,0,0,1,1
APP_NLIU_4097,Rule_3_i_Passwords,716921,CSRF,1,1,1,1,1
APP_NLIU_4098,Rule_3_i_Passwords,1019281,SQL_Injection,1,0,1,1,1
APP_NLIU_4099,Rule_3_ii_Financial_Data,1528701,None,1,1,1,1,0
APP_NLIU_4100,Rule_3_i_Passwords,878841,CSRF,1,1,1,1,1
APP_NLIU_4101,Rule_3_iii_v_Health_Medical_Records,1091240,XSS,1,1,0,1,0
APP_NLIU_4102,Rule_3_ii_Financial_Data,921358,None,1,1,1,1,0
APP_NLIU_4103,Rule_3_iii_v_Health_Medical_Records,1561610,CSRF,0,1,0,1,1
APP_NLIU_4104,Rule_3_i_Passwords,1841301,None,1,0,0,0,1
APP_NLIU_4105,Rule_3_ii_Financial_Data,944947,SQL_Injection,0,0,0,1,1
APP_NLIU_4106,Rule_3_iii_v_Health_Medical_Records,1552053,CSRF,0,1,1,0,1
APP_NLIU_4107,Multi_Category_SPDI,316356,SQL_Injection,1,1,1,1,0
APP_NLIU_4108,Rule_3_i_Passwords,1006635,None,0,1,1,1,1
APP_NLIU_4109,Multi_Category_SPDI,1128852,SSRF,1,1,0,1,1
APP_NLIU_4110,Rule_3_iii_v_Health_Medical_Records,1852567,None,1,1,1,0,0
APP_NLIU_4111,Rule_3_iii_v_Health_Medical_Records,70231,None,1,0,1,1,0
APP_NLIU_4112,Rule_3_iii_v_Health_Medical_Records,1686141,XSS,0,1,0,1,1
APP_NLIU_4113,Rule_3_i_Passwords,1223692,XSS,0,1,1,1,0
APP_NLIU_4114,Rule_3_i_Passwords,1337467,XSS,0,1,1,1,0
APP_NLIU_4115,Rule_3_iii_v_Health_Medical_Records,766816,CSRF,1,1,1,1,1
APP_NLIU_4116,Rule_3_ii_Financial_Data,1520301,XSS,1,0,1,1,1
APP_NLIU_4117,Multi_Category_SPDI,1476921,Exception_Handling_Failure,0,1,1,0,1
APP_NLIU_4118,Rule_3_ii_Financial_Data,1315757,None,1,1,1,0,1
APP_NLIU_4119,Rule_3_i_Passwords,1944302,None,1,0,1,1,0
APP_NLIU_4120,Rule_3_iii_v_Health_Medical_Records,102847,None,1,1,0,1,0
APP_NLIU_4121,Rule_3_ii_Financial_Data,1681606,None,0,1,1,1,1
APP_NLIU_4122,Rule_3_iii_v_Health_Medical_Records,782725,XSS,1,1,1,1,1
APP_NLIU_4123,Rule_3_iii_v_Health_Medical_Records,53503,Exception_Handling_Failure,1,1,1,1,1
APP_NLIU_4124,Multi_Category_SPDI,819639,None,1,1,1,1,0
APP_NLIU_4125,Rule_3_vi_Biometric_Information,507376,CSRF,0,0,1,1,1
APP_NLIU_4126,Rule_3_iii_v_Health_Medical_Records,1348961,None,0,0,0,1,0
APP_NLIU_4127,Rule_3_iii_v_Health_Medical_Records,1971138,XSS,1,1,1,1,0
APP_NLIU_4128,Multi_Category_SPDI,1411891,Exception_Handling_Failure,0,0,1,1,0
APP_NLIU_4129,Rule_3_ii_Financial_Data,1723770,None,1,1,1,0,1
APP_NLIU_4130,Rule_3_i_Passwords,1527905,None,1,1,1,1,1
APP_NLIU_4131,Rule_3_ii_Financial_Data,264966,SSRF,1,1,0,1,1
APP_NLIU_4132,Rule_3_ii_Financial_Data,908734,None,1,1,1,1,0
APP_NLIU_4133,Rule_3_iii_v_Health_Medical_Records,1736126,XSS,1,0,1,1,1
APP_NLIU_4134,Rule_3_iii_v_Health_Medical_Records,77832,CSRF,1,1,1,1,1
APP_NLIU_4135,Rule_3_iii_v_Health_Medical_Records,1337103,None,1,1,1,1,0
APP_NLIU_4136,Rule_3_i_Passwords,1819910,XSS,0,1,1,0,1
APP_NLIU_4137,Rule_3_iii_v_Health_Medical_Records,391435,Exception_Handling_Failure,1,1,0,1,1
APP_NLIU_4138,Rule_3_ii_Financial_Data,1995740,CSRF,1,0,0,1,0
APP_NLIU_4139,Rule_3_iii_v_Health_Medical_Records,768389,XSS,1,1,1,1,0
APP_NLIU_4140,Rule_3_iii_v_Health_Medical_Records,794106,Exception_Handling_Failure,1,1,1,1,1
APP_NLIU_4141,Rule_3_ii_Financial_Data,1429820,XSS,0,1,1,1,0
APP_NLIU_4142,Rule_3_i_Passwords,1425089,SSRF,1,1,1,1,0
APP_NLIU_4143,Rule_3_i_Passwords,1600684,None,0,0,0,1,1
APP_NLIU_4144,Rule_3_vi_Biometric_Information,1793976,XSS,1,1,1,1,1
APP_NLIU_4145,Multi_Category_SPDI,1472458,None,1,0,1,1,1
APP_NLIU_4146,Rule_3_iii_v_Health_Medical_Records,1097370,XSS,0,1,1,1,1
APP_NLIU_4147,Rule_3_i_Passwords,924580,CSRF,0,1,0,1,1
APP_NLIU_4148,Rule_3_ii_Financial_Data,1182120,XSS,1,1,1,1,0
APP_NLIU_4149,Rule_3_iii_v_Health_Medical_Records,42555,XSS,1,0,0,1,0
APP_NLIU_4150,Rule_3_vi_Biometric_Information,1764144,XSS,1,1,1,1,0
APP_NLIU_4151,Rule_3_i_Passwords,823838,XSS,1,1,1,1,1
APP_NLIU_4152,Rule_3_i_Passwords,1508364,XSS,1,1,1,1,1
APP_NLIU_4153,Rule_3_iii_v_Health_Medical_Records,45262,SQL_Injection,0,0,1,0,1
APP_NLIU_4154,Rule_3_ii_Financial_Data,1931328,XSS,1,1,1,1,0
APP_NLIU_4155,Rule_3_ii_Financial_Data,747021,SSRF,0,0,1,1,1
APP_NLIU_4156,Rule_3_i_Passwords,1470008,SQL_Injection,1,1,0,0,0
APP_NLIU_4157,Rule_3_iii_v_Health_Medical_Records,466333,None,0,1,1,1,0
APP_NLIU_4158,Multi_Category_SPDI,1790072,Exception_Handling_Failure,1,1,0,1,1
APP_NLIU_4159,Multi_Category_SPDI,297428,Exception_Handling_Failure,1,0,1,1,1
APP_NLIU_4160,Rule_3_iii_v_Health_Medical_Records,680531,XSS,1,1,1,1,0
APP_NLIU_4161,Rule_3_iii_v_Health_Medical_Records,1930635,None,1,0,1,1,1
APP_NLIU_4162,Rule_3_i_Passwords,1985413,Exception_Handling_Failure,0,1,0,1,1
APP_NLIU_4163,Rule_3_iii_v_Health_Medical_Records,428751,None,1,1,1,1,0
APP_NLIU_4164,Rule_3_ii_Financial_Data,94023,CSRF,0,1,1,1,1
APP_NLIU_4165,Rule_3_iii_v_Health_Medical_Records,212012,None,1,0,1,1,1
APP_NLIU_4166,Rule_3_ii_Financial_Data,169772,None,0,0,1,1,0
APP_NLIU_4167,Rule_3_ii_Financial_Data,1530375,None,0,1,1,1,1
APP_NLIU_4168,Rule_3_i_Passwords,1095092,SSRF,0,1,0,0,0
APP_NLIU_4169,Rule_3_ii_Financial_Data,1331297,CSRF,0,1,1,1,0
APP_NLIU_4170,Rule_3_i_Passwords,1012338,CSRF,1,0,1,1,0
APP_NLIU_4171,Rule_3_i_Passwords,260623,CSRF,1,0,1,1,1
APP_NLIU_4172,Multi_Category_SPDI,544303,None,0,1,1,1,0
APP_NLIU_4173,Rule_3_ii_Financial_Data,96104,SQL_Injection,1,1,1,1,1
APP_NLIU_4174,Rule_3_iii_v_Health_Medical_Records,1430132,SQL_Injection,1,1,0,0,1
APP_NLIU_4175,Multi_Category_SPDI,358884,CSRF,1,1,1,0,0
APP_NLIU_4176,Multi_Category_SPDI,1806220,SSRF,1,1,1,1,1
APP_NLIU_4177,Rule_3_iii_v_Health_Medical_Records,1468028,SSRF,0,1,1,1,1
APP_NLIU_4178,Rule_3_vi_Biometric_Information,333784,None,0,0,1,1,0
APP_NLIU_4179,Rule_3_ii_Financial_Data,1661054,XSS,1,1,1,1,0
APP_NLIU_4180,Rule_3_ii_Financial_Data,1183092,SQL_Injection,1,1,1,1,1
APP_NLIU_4181,Rule_3_ii_Financial_Data,968208,XSS,1,1,1,1,0
APP_NLIU_4182,Rule_3_iii_v_Health_Medical_Records,1227017,XSS,1,1,0,1,1
APP_NLIU_4183,Rule_3_iii_v_Health_Medical_Records,1712582,SQL_Injection,1,1,1,1,0
APP_NLIU_4184,Rule_3_ii_Financial_Data,1140583,Exception_Handling_Failure,1,1,1,1,0
APP_NLIU_4185,Rule_3_i_Passwords,1734842,None,1,1,1,1,0
APP_NLIU_4186,Rule_3_iii_v_Health_Medical_Records,747003,None,1,1,1,0,1
APP_NLIU_4187,Rule_3_i_Passwords,52728,None,1,1,1,1,0
APP_NLIU_4188,Rule_3_iii_v_Health_Medical_Records,806310,SQL_Injection,1,1,0,1,0
APP_NLIU_4189,Rule_3_iii_v_Health_Medical_Records,514958,None,1,0,1,0,0
APP_NLIU_4190,Rule_3_iii_v_Health_Medical_Records,920357,None,1,0,1,1,1
APP_NLIU_4191,Rule_3_vi_Biometric_Information,1062721,None,0,1,0,1,0
APP_NLIU_4192,Multi_Category_SPDI,1666442,SQL_Injection,1,1,1,0,0
APP_NLIU_4193,Rule_3_ii_Financial_Data,23226,None,1,1,1,1,0
APP_NLIU_4194,Rule_3_iii_v_Health_Medical_Records,1318522,None,1,1,0,1,1
APP_NLIU_4195,Rule_3_iii_v_Health_Medical_Records,553407,None,1,1,0,1,1
APP_NLIU_4196,Rule_3_i_Passwords,1117136,SQL_Injection,0,0,1,0,1
APP_NLIU_4197,Rule_3_i_Passwords,62353,None,0,1,1,1,0
APP_NLIU_4198,Rule_3_ii_Financial_Data,1299317,None,1,0,0,1,0
APP_NLIU_4199,Rule_3_ii_Financial_Data,1801657,Exception_Handling_Failure,0,1,1,0,1
APP_NLIU_4200,Rule_3_iii_v_Health_Medical_Records,390145,XSS,1,1,1,1,1
APP_NLIU_4201,Rule_3_vi_Biometric_Information,1508918,None,0,1,1,1,0
APP_NLIU_4202,Rule_3_i_Passwords,600929,XSS,1,0,1,1,0
APP_NLIU_4203,Rule_3_i_Passwords,56712,XSS,1,1,1,1,1
APP_NLIU_4204,Multi_Category_SPDI,450405,XSS,1,1,1,1,0
APP_NLIU_4205,Rule_3_i_Passwords,980288,None,0,1,1,1,0
APP_NLIU_4206,Rule_3_ii_Financial_Data,1707949,SQL_Injection,1,0,1,0,0
APP_NLIU_4207,Rule_3_iii_v_Health_Medical_Records,335429,XSS,0,1,1,1,0
APP_NLIU_4208,Rule_3_iii_v_Health_Medical_Records,120278,Exception_Handling_Failure,0,1,1,0,0
APP_NLIU_4209,Rule_3_i_Passwords,514272,None,0,1,1,1,0
APP_NLIU_4210,Rule_3_i_Passwords,1751885,XSS,1,0,0,1,0
APP_NLIU_4211,Rule_3_i_Passwords,170201,None,0,0,1,0,0
APP_NLIU_4212,Rule_3_iii_v_Health_Medical_Records,815944,None,1,1,1,1,0
APP_NLIU_4213,Rule_3_iii_v_Health_Medical_Records,1679941,SQL_Injection,0,1,1,1,0
APP_NLIU_4214,Rule_3_ii_Financial_Data,739391,XSS,1,1,1,0,0
APP_NLIU_4215,Rule_3_iii_v_Health_Medical_Records,461770,SQL_Injection,0,1,1,1,1
APP_NLIU_4216,Rule_3_vi_Biometric_Information,1317784,CSRF,1,0,1,0,1
APP_NLIU_4217,Rule_3_i_Passwords,624902,XSS,0,0,0,0,1
APP_NLIU_4218,Rule_3_ii_Financial_Data,1236215,None,1,0,0,1,1
APP_NLIU_4219,Rule_3_iii_v_Health_Medical_Records,122639,None,1,1,0,0,1
APP_NLIU_4220,Rule_3_ii_Financial_Data,1345731,SQL_Injection,1,1,0,1,0
APP_NLIU_4221,Rule_3_ii_Financial_Data,1386872,SQL_Injection,0,0,1,0,1
APP_NLIU_4222,Rule_3_iii_v_Health_Medical_Records,733871,XSS,1,0,1,0,1
APP_NLIU_4223,Multi_Category_SPDI,15960,XSS,1,1,1,1,1
APP_NLIU_4224,Rule_3_vi_Biometric_Information,491744,CSRF,1,1,1,1,0
APP_NLIU_4225,Rule_3_iii_v_Health_Medical_Records,1175365,None,1,1,1,1,0
APP_NLIU_4226,Rule_3_iii_v_Health_Medical_Records,326064,None,1,1,1,1,0
APP_NLIU_4227,Rule_3_ii_Financial_Data,812819,XSS,0,1,1,0,1
APP_NLIU_4228,Rule_3_iii_v_Health_Medical_Records,413540,None,1,0,1,0,0
APP_NLIU_4229,Rule_3_ii_Financial_Data,593248,CSRF,0,0,0,1,1
APP_NLIU_4230,Rule_3_i_Passwords,127994,None,0,0,1,1,0
APP_NLIU_4231,Rule_3_iii_v_Health_Medical_Records,1348348,XSS,1,0,1,0,1
APP_NLIU_4232,Rule_3_iii_v_Health_Medical_Records,912701,SQL_Injection,1,1,1,1,0
APP_NLIU_4233,Rule_3_ii_Financial_Data,735456,None,1,1,1,1,1
APP_NLIU_4234,Multi_Category_SPDI,1887460,XSS,1,0,1,1,0
APP_NLIU_4235,Rule_3_i_Passwords,832530,None,1,1,0,1,1
APP_NLIU_4236,Rule_3_ii_Financial_Data,1517251,CSRF,1,1,1,1,0
APP_NLIU_4237,Rule_3_i_Passwords,699595,SQL_Injection,1,1,0,1,1
APP_NLIU_4238,Rule_3_vi_Biometric_Information,1402581,SQL_Injection,0,1,1,0,1
APP_NLIU_4239,Rule_3_iii_v_Health_Medical_Records,32949,XSS,1,1,1,1,0
APP_NLIU_4240,Rule_3_ii_Financial_Data,1207469,Exception_Handling_Failure,0,0,0,1,1
APP_NLIU_4241,Rule_3_iii_v_Health_Medical_Records,1256260,CSRF,0,1,1,0,0
APP_NLIU_4242,Rule_3_ii_Financial_Data,944536,Exception_Handling_Failure,1,1,1,1,0
APP_NLIU_4243,Rule_3_vi_Biometric_Information,340681,Exception_Handling_Failure,1,1,1,1,1
APP_NLIU_4244,Rule_3_ii_Financial_Data,1462095,None,1,1,0,1,1
APP_NLIU_4245,Rule_3_ii_Financial_Data,383147,XSS,1,1,1,0,1
APP_NLIU_4246,Multi_Category_SPDI,1266641,None,1,1,0,1,1
APP_NLIU_4247,Rule_3_ii_Financial_Data,1835662,XSS,0,1,1,1,1
APP_NLIU_4248,Rule_3_i_Passwords,1029483,XSS,1,1,1,1,1
APP_NLIU_4249,Rule_3_iii_v_Health_Medical_Records,1459095,SSRF,1,1,0,0,0
APP_NLIU_4250,Multi_Category_SPDI,579989,CSRF,1,1,1,1,1
APP_NLIU_4251,Rule_3_ii_Financial_Data,841943,SQL_Injection,1,1,0,1,1
APP_NLIU_4252,Rule_3_i_Passwords,85664,Exception_Handling_Failure,1,0,1,1,1
APP_NLIU_4253,Rule_3_ii_Financial_Data,416496,SSRF,1,1,0,1,0
APP_NLIU_4254,Rule_3_iii_v_Health_Medical_Records,1093003,CSRF,1,1,1,0,1
APP_NLIU_4255,Rule_3_i_Passwords,102180,None,0,0,0,1,1
APP_NLIU_4256,Rule_3_iii_v_Health_Medical_Records,632838,CSRF,0,1,1,1,1
APP_NLIU_4257,Multi_Category_SPDI,1978047,SSRF,1,1,1,1,0
APP_NLIU_4258,Rule_3_ii_Financial_Data,1977741,SSRF,1,1,1,1,1
APP_NLIU_4259,Rule_3_ii_Financial_Data,1131528,None,1,0,1,1,0
APP_NLIU_4260,Rule_3_ii_Financial_Data,71046,SQL_Injection,0,1,1,0,0
APP_NLIU_4261,Rule_3_i_Passwords,111918,XSS,1,0,1,0,1
APP_NLIU_4262,Multi_Category_SPDI,1875208,XSS,1,1,1,1,0
APP_NLIU_4263,Rule_3_ii_Financial_Data,1383162,Exception_Handling_Failure,1,1,1,1,1
APP_NLIU_4264,Rule_3_ii_Financial_Data,1508463,Exception_Handling_Failure,0,1,1,0,1
APP_NLIU_4265,Rule_3_iii_v_Health_Medical_Records,620358,None,1,1,1,1,1
APP_NLIU_4266,Rule_3_ii_Financial_Data,1636032,SQL_Injection,1,0,1,1,0
APP_NLIU_4267,Rule_3_iii_v_Health_Medical_Records,839754,CSRF,1,1,1,1,0
APP_NLIU_4268,Rule_3_i_Passwords,1004488,CSRF,1,1,0,1,0
APP_NLIU_4269,Rule_3_vi_Biometric_Information,960200,SQL_Injection,1,0,1,1,0
APP_NLIU_4270,Multi_Category_SPDI,1123822,CSRF,0,1,1,0,0
APP_NLIU_4271,Rule_3_iii_v_Health_Medical_Records,1032348,CSRF,1,1,1,1,1
APP_NLIU_4272,Multi_Category_SPDI,1747828,XSS,1,1,1,1,0
APP_NLIU_4273,Rule_3_i_Passwords,544871,Exception_Handling_Failure,0,0,1,1,0
APP_NLIU_4274,Rule_3_ii_Financial_Data,1398440,CSRF,1,1,0,1,0
APP_NLIU_4275,Rule_3_iii_v_Health_Medical_Records,453431,None,0,1,1,1,0
APP_NLIU_4276,Rule_3_iii_v_Health_Medical_Records,1733789,CSRF,1,0,1,1,0
APP_NLIU_4277,Rule_3_ii_Financial_Data,404325,CSRF,1,0,1,1,1
APP_NLIU_4278,Rule_3_ii_Financial_Data,1292861,XSS,0,0,1,1,1
APP_NLIU_4279,Rule_3_i_Passwords,326901,SQL_Injection,1,1,0,0,1
APP_NLIU_4280,Rule_3_ii_Financial_Data,798091,SQL_Injection,1,1,0,1,1
APP_NLIU_4281,Rule_3_i_Passwords,1316958,XSS,0,1,1,1,1
APP_NLIU_4282,Rule_3_iii_v_Health_Medical_Records,650558,None,1,0,1,1,0
APP_NLIU_4283,Rule_3_ii_Financial_Data,910643,None,0,1,1,1,1
APP_NLIU_4284,Rule_3_i_Passwords,20064,SQL_Injection,1,1,1,1,0
APP_NLIU_4285,Rule_3_iii_v_Health_Medical_Records,1215763,None,0,0,1,1,1
APP_NLIU_4286,Rule_3_iii_v_Health_Medical_Records,1740888,None,0,1,1,0,0
APP_NLIU_4287,Multi_Category_SPDI,1714556,Exception_Handling_Failure,1,0,1,1,1
APP_NLIU_4288,Rule_3_iii_v_Health_Medical_Records,1677654,None,1,1,1,1,1
APP_NLIU_4289,Rule_3_ii_Financial_Data,894417,XSS,0,1,1,1,0
APP_NLIU_4290,Rule_3_vi_Biometric_Information,1097834,SSRF,1,1,1,1,1
APP_NLIU_4291,Rule_3_iii_v_Health_Medical_Records,664830,XSS,1,1,0,1,0
APP_NLIU_4292,Rule_3_i_Passwords,944507,XSS,1,1,1,1,0
APP_NLIU_4293,Rule_3_iii_v_Health_Medical_Records,1998651,XSS,1,0,1,0,0
APP_NLIU_4294,Multi_Category_SPDI,816100,XSS,1,1,1,1,0
APP_NLIU_4295,Rule_3_ii_Financial_Data,1392979,None,1,1,0,1,0
APP_NLIU_4296,Rule_3_ii_Financial_Data,641480,None,1,1,0,1,0
APP_NLIU_4297,Rule_3_i_Passwords,1412296,None,1,0,1,0,0
APP_NLIU_4298,Rule_3_i_Passwords,634769,None,0,0,1,1,0
APP_NLIU_4299,Rule_3_ii_Financial_Data,1951513,None,0,1,1,1,0
APP_NLIU_4300,Rule_3_iii_v_Health_Medical_Records,1216694,SQL_Injection,0,0,1,1,0
APP_NLIU_4301,Rule_3_i_Passwords,1255625,CSRF,0,0,1,0,1
APP_NLIU_4302,Multi_Category_SPDI,1825464,XSS,0,1,1,1,1
APP_NLIU_4303,Rule_3_vi_Biometric_Information,475471,None,1,1,1,1,1
APP_NLIU_4304,Rule_3_iii_v_Health_Medical_Records,10397,XSS,1,1,1,1,0
APP_NLIU_4305,Rule_3_vi_Biometric_Information,891357,None,1,1,1,1,1
APP_NLIU_4306,Rule_3_i_Passwords,612769,SQL_Injection,1,1,0,1,1
APP_NLIU_4307,Rule_3_ii_Financial_Data,158305,CSRF,0,0,1,1,0
APP_NLIU_4308,Rule_3_iii_v_Health_Medical_Records,1530128,None,1,1,1,1,1
APP_NLIU_4309,Rule_3_vi_Biometric_Information,1376028,SSRF,1,1,0,1,1
APP_NLIU_4310,Rule_3_vi_Biometric_Information,1254374,CSRF,0,1,1,0,1
APP_NLIU_4311,Rule_3_ii_Financial_Data,461435,CSRF,1,1,1,1,0
APP_NLIU_4312,Multi_Category_SPDI,1550150,CSRF,1,0,1,0,1
APP_NLIU_4313,Rule_3_i_Passwords,530418,None,1,0,1,1,0
APP_NLIU_4314,Multi_Category_SPDI,1702157,CSRF,0,1,0,0,0
APP_NLIU_4315,Multi_Category_SPDI,543359,XSS,1,1,1,1,1
APP_NLIU_4316,Rule_3_i_Passwords,1925525,SQL_Injection,1,0,1,1,0
APP_NLIU_4317,Rule_3_iii_v_Health_Medical_Records,377384,None,1,0,1,1,0
APP_NLIU_4318,Rule_3_i_Passwords,531406,CSRF,1,1,1,1,0
APP_NLIU_4319,Rule_3_ii_Financial_Data,1709599,Exception_Handling_Failure,1,1,0,0,1
APP_NLIU_4320,Rule_3_iii_v_Health_Medical_Records,1115984,None,1,1,1,1,1
APP_NLIU_4321,Rule_3_iii_v_Health_Medical_Records,1105362,SSRF,1,0,1,0,1
APP_NLIU_4322,Multi_Category_SPDI,610559,None,1,1,1,1,0
APP_NLIU_4323,Rule_3_iii_v_Health_Medical_Records,24158,Exception_Handling_Failure,1,1,1,1,1
APP_NLIU_4324,Rule_3_ii_Financial_Data,1871095,XSS,1,1,1,1,1
APP_NLIU_4325,Rule_3_vi_Biometric_Information,93114,SSRF,0,0,1,1,1
APP_NLIU_4326,Multi_Category_SPDI,713481,None,1,1,1,1,1
APP_NLIU_4327,Rule_3_i_Passwords,526358,None,1,1,1,0,0
APP_NLIU_4328,Multi_Category_SPDI,549162,SSRF,1,0,0,1,0
APP_NLIU_4329,Rule_3_i_Passwords,244139,CSRF,0,0,0,1,1
APP_NLIU_4330,Rule_3_vi_Biometric_Information,874875,None,1,1,1,1,0
APP_NLIU_4331,Rule_3_ii_Financial_Data,1618685,Exception_Handling_Failure,1,1,0,0,1
APP_NLIU_4332,Rule_3_i_Passwords,1693539,None,1,1,1,1,0
APP_NLIU_4333,Rule_3_ii_Financial_Data,1376302,XSS,1,1,1,1,1
APP_NLIU_4334,Rule_3_iii_v_Health_Medical_Records,127603,None,0,1,1,1,0
APP_NLIU_4335,Rule_3_ii_Financial_Data,1993867,CSRF,0,0,0,1,0
APP_NLIU_4336,Rule_3_i_Passwords,987207,SSRF,1,1,1,1,0
APP_NLIU_4337,Rule_3_iii_v_Health_Medical_Records,1468497,Exception_Handling_Failure,0,1,1,0,1
APP_NLIU_4338,Multi_Category_SPDI,1647245,None,1,1,1,1,0
APP_NLIU_4339,Rule_3_ii_Financial_Data,1951808,CSRF,1,0,1,1,1
APP_NLIU_4340,Rule_3_ii_Financial_Data,502821,XSS,1,0,1,1,0
APP_NLIU_4341,Rule_3_ii_Financial_Data,1446525,Exception_Handling_Failure,0,1,1,1,1
APP_NLIU_4342,Rule_3_i_Passwords,1229301,XSS,0,0,0,0,1
APP_NLIU_4343,Rule_3_vi_Biometric_Information,873450,None,1,0,1,1,1
APP_NLIU_4344,Rule_3_vi_Biometric_Information,892024,None,1,0,1,1,0
APP_NLIU_4345,Rule_3_iii_v_Health_Medical_Records,883058,SQL_Injection,0,0,1,1,1
APP_NLIU_4346,Rule_3_ii_Financial_Data,1664081,None,1,1,1,0,0
APP_NLIU_4347,Rule_3_vi_Biometric_Information,783873,None,1,1,0,1,0
APP_NLIU_4348,Rule_3_iii_v_Health_Medical_Records,954756,None,0,0,1,1,1
APP_NLIU_4349,Rule_3_vi_Biometric_Information,471548,Exception_Handling_Failure,0,1,1,1,1
APP_NLIU_4350,Rule_3_iii_v_Health_Medical_Records,339943,None,1,1,1,1,1
APP_NLIU_4351,Rule_3_vi_Biometric_Information,329329,SQL_Injection,0,1,1,1,1
APP_NLIU_4352,Rule_3_iii_v_Health_Medical_Records,1525105,CSRF,0,1,1,1,1
APP_NLIU_4353,Rule_3_ii_Financial_Data,308682,None,0,1,1,1,1
APP_NLIU_4354,Multi_Category_SPDI,1860351,SSRF,1,0,1,1,1
APP_NLIU_4355,Rule_3_iii_v_Health_Medical_Records,503905,SQL_Injection,1,1,1,1,0
APP_NLIU_4356,Rule_3_iii_v_Health_Medical_Records,1265046,None,0,1,1,1,1
APP_NLIU_4357,Rule_3_ii_Financial_Data,1488024,None,0,1,1,1,1
APP_NLIU_4358,Rule_3_iii_v_Health_Medical_Records,125026,SSRF,0,1,1,1,0
APP_NLIU_4359,Rule_3_iii_v_Health_Medical_Records,239257,None,1,1,0,0,0
APP_NLIU_4360,Rule_3_i_Passwords,1106682,Exception_Handling_Failure,0,1,0,1,1
APP_NLIU_4361,Rule_3_i_Passwords,1954330,XSS,1,1,1,1,0
APP_NLIU_4362,Rule_3_iii_v_Health_Medical_Records,1134803,None,0,1,1,0,0
APP_NLIU_4363,Rule_3_vi_Biometric_Information,451295,XSS,0,0,1,1,1
APP_NLIU_4364,Rule_3_iii_v_Health_Medical_Records,685388,SSRF,0,0,0,1,0
APP_NLIU_4365,Rule_3_ii_Financial_Data,1619999,CSRF,1,1,1,1,0
APP_NLIU_4366,Rule_3_iii_v_Health_Medical_Records,691426,XSS,1,0,1,1,1
APP_NLIU_4367,Rule_3_i_Passwords,648887,XSS,1,1,1,1,0
APP_NLIU_4368,Rule_3_ii_Financial_Data,759077,None,0,1,1,1,1
APP_NLIU_4369,Rule_3_i_Passwords,1137046,None,0,1,1,1,0
APP_NLIU_4370,Rule_3_i_Passwords,1860918,XSS,1,1,1,1,1
APP_NLIU_4371,Rule_3_ii_Financial_Data,773378,None,1,1,1,1,0
APP_NLIU_4372,Rule_3_ii_Financial_Data,1191789,SSRF,1,0,1,1,1
APP_NLIU_4373,Rule_3_i_Passwords,1099526,SQL_Injection,0,1,1,1,1
APP_NLIU_4374,Rule_3_ii_Financial_Data,1764659,None,0,1,1,1,1
APP_NLIU_4375,Rule_3_iii_v_Health_Medical_Records,283369,SQL_Injection,0,1,1,0,0
APP_NLIU_4376,Rule_3_ii_Financial_Data,498466,SSRF,1,1,1,1,1
APP_NLIU_4377,Rule_3_ii_Financial_Data,1009627,Exception_Handling_Failure,1,1,0,0,1
APP_NLIU_4378,Rule_3_vi_Biometric_Information,1348679,XSS,1,1,1,0,1
APP_NLIU_4379,Rule_3_i_Passwords,840624,None,0,1,0,1,0
APP_NLIU_4380,Rule_3_iii_v_Health_Medical_Records,84711,CSRF,1,1,1,1,1
APP_NLIU_4381,Rule_3_i_Passwords,146123,SQL_Injection,1,1,0,0,0
APP_NLIU_4382,Rule_3_i_Passwords,207500,CSRF,0,0,1,1,0
APP_NLIU_4383,Rule_3_iii_v_Health_Medical_Records,1833148,XSS,1,1,1,0,1
APP_NLIU_4384,Rule_3_iii_v_Health_Medical_Records,270593,CSRF,1,1,1,1,1
APP_NLIU_4385,Multi_Category_SPDI,963599,XSS,1,1,1,1,1
APP_NLIU_4386,Rule_3_iii_v_Health_Medical_Records,1419933,None,1,0,1,0,0
APP_NLIU_4387,Multi_Category_SPDI,1738126,None,1,1,1,0,0
APP_NLIU_4388,Rule_3_i_Passwords,629533,CSRF,1,1,1,1,0
APP_NLIU_4389,Rule_3_i_Passwords,1150645,XSS,1,1,1,1,1
APP_NLIU_4390,Rule_3_i_Passwords,1735077,XSS,1,1,1,1,0
APP_NLIU_4391,Rule_3_i_Passwords,238597,None,1,0,1,1,0
APP_NLIU_4392,Rule_3_iii_v_Health_Medical_Records,553196,None,1,1,1,1,0
APP_NLIU_4393,Rule_3_iii_v_Health_Medical_Records,371991,SSRF,0,1,1,1,0
APP_NLIU_4394,Rule_3_i_Passwords,912342,None,0,1,1,1,0
APP_NLIU_4395,Multi_Category_SPDI,783628,CSRF,0,1,1,1,1
APP_NLIU_4396,Rule_3_vi_Biometric_Information,954826,SQL_Injection,1,0,1,1,1
APP_NLIU_4397,Rule_3_ii_Financial_Data,805444,SQL_Injection,1,1,1,0,1
APP_NLIU_4398,Rule_3_i_Passwords,22412,XSS,1,1,1,1,1
APP_NLIU_4399,Rule_3_i_Passwords,1018654,XSS,0,0,1,1,1
APP_NLIU_4400,Rule_3_i_Passwords,1425750,SQL_Injection,1,1,1,1,0
APP_NLIU_4401,Rule_3_i_Passwords,1864665,Exception_Handling_Failure,1,1,0,1,0
APP_NLIU_4402,Rule_3_iii_v_Health_Medical_Records,272800,CSRF,0,1,0,0,0
APP_NLIU_4403,Rule_3_ii_Financial_Data,1193615,XSS,1,1,1,1,1
APP_NLIU_4404,Rule_3_ii_Financial_Data,483174,CSRF,1,1,0,1,1
APP_NLIU_4405,Multi_Category_SPDI,1462556,SSRF,0,1,1,1,1
APP_NLIU_4406,Rule_3_iii_v_Health_Medical_Records,807305,XSS,0,1,0,1,0
APP_NLIU_4407,Multi_Category_SPDI,1672349,SSRF,1,0,1,1,0
APP_NLIU_4408,Rule_3_i_Passwords,1949391,XSS,1,1,0,1,1
APP_NLIU_4409,Rule_3_ii_Financial_Data,1497822,SSRF,1,1,0,1,0
APP_NLIU_4410,Rule_3_iii_v_Health_Medical_Records,1252455,XSS,1,0,0,1,1
APP_NLIU_4411,Rule_3_i_Passwords,1579471,SSRF,1,1,1,1,1
APP_NLIU_4412,Rule_3_i_Passwords,155595,Exception_Handling_Failure,0,1,1,1,0
APP_NLIU_4413,Rule_3_iii_v_Health_Medical_Records,577735,None,1,1,1,1,1
APP_NLIU_4414,Rule_3_iii_v_Health_Medical_Records,54757,SQL_Injection,0,0,1,0,1
APP_NLIU_4415,Rule_3_ii_Financial_Data,789402,XSS,1,1,1,1,0
APP_NLIU_4416,Rule_3_ii_Financial_Data,1304071,SQL_Injection,0,1,1,1,0
APP_NLIU_4417,Rule_3_ii_Financial_Data,1802462,XSS,0,1,1,1,0
APP_NLIU_4418,Rule_3_i_Passwords,1909209,CSRF,0,1,1,1,1
APP_NLIU_4419,Rule_3_ii_Financial_Data,1444485,XSS,0,1,0,1,0
APP_NLIU_4420,Rule_3_i_Passwords,1266492,XSS,1,0,1,1,1
APP_NLIU_4421,Rule_3_i_Passwords,993892,None,0,1,1,0,1
APP_NLIU_4422,Multi_Category_SPDI,796894,XSS,1,0,0,1,0
APP_NLIU_4423,Rule_3_iii_v_Health_Medical_Records,383976,XSS,1,1,1,0,0
APP_NLIU_4424,Rule_3_iii_v_Health_Medical_Records,1216443,XSS,1,0,1,0,1
APP_NLIU_4425,Rule_3_ii_Financial_Data,730166,None,1,1,1,1,1
APP_NLIU_4426,Rule_3_ii_Financial_Data,315609,None,1,1,1,1,0
APP_NLIU_4427,Rule_3_ii_Financial_Data,459325,CSRF,0,1,1,1,1
APP_NLIU_4428,Rule_3_i_Passwords,95027,None,1,1,1,1,1
APP_NLIU_4429,Rule_3_i_Passwords,55528,XSS,1,0,1,1,0
APP_NLIU_4430,Rule_3_vi_Biometric_Information,1351950,None,0,1,1,1,0
APP_NLIU_4431,Rule_3_iii_v_Health_Medical_Records,53242,None,1,1,0,1,1
APP_NLIU_4432,Rule_3_iii_v_Health_Medical_Records,464099,SSRF,1,1,1,0,0
APP_NLIU_4433,Rule_3_ii_Financial_Data,1168264,None,0,0,1,1,0
APP_NLIU_4434,Multi_Category_SPDI,1545158,CSRF,1,0,0,1,0
APP_NLIU_4435,Rule_3_i_Passwords,531071,CSRF,0,1,1,0,0
APP_NLIU_4436,Rule_3_ii_Financial_Data,33390,CSRF,1,1,1,1,1
APP_NLIU_4437,Rule_3_ii_Financial_Data,1717353,None,1,1,1,1,0
APP_NLIU_4438,Rule_3_vi_Biometric_Information,1125678,SSRF,0,0,1,1,1
APP_NLIU_4439,Multi_Category_SPDI,1333146,SQL_Injection,0,1,1,1,0
APP_NLIU_4440,Rule_3_ii_Financial_Data,1084326,None,0,1,1,1,0
APP_NLIU_4441,Multi_Category_SPDI,587476,SSRF,0,0,0,0,1
APP_NLIU_4442,Rule_3_vi_Biometric_Information,278016,SQL_Injection,0,1,1,1,1
APP_NLIU_4443,Rule_3_ii_Financial_Data,1672095,SSRF,1,1,1,0,0
APP_NLIU_4444,Rule_3_ii_Financial_Data,1445580,CSRF,1,1,1,1,1
APP_NLIU_4445,Rule_3_ii_Financial_Data,708446,XSS,1,0,1,1,0
APP_NLIU_4446,Multi_Category_SPDI,1644634,SQL_Injection,1,1,1,1,1
APP_NLIU_4447,Rule_3_i_Passwords,236360,None,1,0,0,1,1
APP_NLIU_4448,Rule_3_vi_Biometric_Information,1279016,None,1,1,1,1,1
APP_NLIU_4449,Rule_3_ii_Financial_Data,1964166,CSRF,0,1,0,1,1
APP_NLIU_4450,Rule_3_iii_v_Health_Medical_Records,874946,CSRF,1,1,1,1,0
APP_NLIU_4451,Rule_3_ii_Financial_Data,748537,XSS,0,0,0,1,0
APP_NLIU_4452,Rule_3_iii_v_Health_Medical_Records,97663,Exception_Handling_Failure,1,1,1,0,0
APP_NLIU_4453,Rule_3_vi_Biometric_Information,1743656,SQL_Injection,1,0,0,1,0
APP_NLIU_4454,Rule_3_vi_Biometric_Information,678439,SSRF,1,1,1,1,1
APP_NLIU_4455,Multi_Category_SPDI,1988418,None,1,0,1,1,0
APP_NLIU_4456,Rule_3_i_Passwords,1712227,CSRF,1,1,1,1,0
APP_NLIU_4457,Rule_3_iii_v_Health_Medical_Records,1258732,CSRF,0,1,0,1,1
APP_NLIU_4458,Rule_3_i_Passwords,1166384,None,1,0,1,1,1
APP_NLIU_4459,Rule_3_ii_Financial_Data,115091,Exception_Handling_Failure,1,1,1,1,1
APP_NLIU_4460,Rule_3_iii_v_Health_Medical_Records,890704,CSRF,0,1,1,1,1
APP_NLIU_4461,Rule_3_ii_Financial_Data,578681,Exception_Handling_Failure,1,1,1,1,0
APP_NLIU_4462,Rule_3_iii_v_Health_Medical_Records,1671422,SQL_Injection,1,0,1,1,0
APP_NLIU_4463,Multi_Category_SPDI,1123346,None,0,1,0,1,0
APP_NLIU_4464,Rule_3_i_Passwords,1866728,XSS,1,0,0,0,1
APP_NLIU_4465,Rule_3_iii_v_Health_Medical_Records,1029146,None,1,1,1,1,1
APP_NLIU_4466,Rule_3_ii_Financial_Data,1028157,None,1,1,1,1,1
APP_NLIU_4467,Rule_3_i_Passwords,804800,None,1,1,1,1,0
APP_NLIU_4468,Rule_3_i_Passwords,190385,None,1,1,1,0,0
APP_NLIU_4469,Multi_Category_SPDI,1887977,XSS,1,1,1,1,0
APP_NLIU_4470,Multi_Category_SPDI,53838,CSRF,0,0,0,1,1
APP_NLIU_4471,Multi_Category_SPDI,538022,XSS,0,1,0,0,0
APP_NLIU_4472,Multi_Category_SPDI,636475,Exception_Handling_Failure,0,1,1,1,0
APP_NLIU_4473,Rule_3_ii_Financial_Data,104329,None,0,1,1,1,0
APP_NLIU_4474,Rule_3_ii_Financial_Data,525146,SSRF,0,0,1,1,1
APP_NLIU_4475,Rule_3_iii_v_Health_Medical_Records,1458989,None,1,1,1,1,1
APP_NLIU_4476,Rule_3_ii_Financial_Data,860327,None,1,1,0,1,1
APP_NLIU_4477,Rule_3_ii_Financial_Data,763921,None,0,1,0,1,0
APP_NLIU_4478,Rule_3_ii_Financial_Data,1174000,None,0,1,1,1,1
APP_NLIU_4479,Rule_3_iii_v_Health_Medical_Records,979335,CSRF,0,1,1,1,1
APP_NLIU_4480,Rule_3_iii_v_Health_Medical_Records,1941263,SQL_Injection,1,1,1,1,1
APP_NLIU_4481,Rule_3_i_Passwords,325217,SQL_Injection,0,1,1,0,0
APP_NLIU_4482,Rule_3_ii_Financial_Data,1781861,CSRF,1,1,0,1,1
APP_NLIU_4483,Rule_3_iii_v_Health_Medical_Records,249042,Exception_Handling_Failure,1,0,1,1,1
APP_NLIU_4484,Rule_3_iii_v_Health_Medical_Records,1789424,None,1,1,1,1,0
APP_NLIU_4485,Rule_3_ii_Financial_Data,230683,None,1,1,0,0,1
APP_NLIU_4486,Rule_3_iii_v_Health_Medical_Records,1269123,Exception_Handling_Failure,0,1,1,0,1
APP_NLIU_4487,Rule_3_i_Passwords,1297179,SQL_Injection,0,1,1,1,0
APP_NLIU_4488,Rule_3_ii_Financial_Data,1759238,SSRF,0,0,1,0,1
APP_NLIU_4489,Rule_3_vi_Biometric_Information,807056,SQL_Injection,0,1,1,1,1
APP_NLIU_4490,Rule_3_iii_v_Health_Medical_Records,1251919,CSRF,0,1,1,1,1
APP_NLIU_4491,Rule_3_ii_Financial_Data,1340035,XSS,1,1,1,1,1
APP_NLIU_4492,Rule_3_iii_v_Health_Medical_Records,1333142,SQL_Injection,0,1,0,0,1
APP_NLIU_4493,Rule_3_iii_v_Health_Medical_Records,699497,CSRF,1,0,1,1,0
APP_NLIU_4494,Rule_3_vi_Biometric_Information,77663,SSRF,0,0,1,1,0
APP_NLIU_4495,Rule_3_iii_v_Health_Medical_Records,106216,Exception_Handling_Failure,1,1,0,1,1
APP_NLIU_4496,Rule_3_iii_v_Health_Medical_Records,779888,XSS,1,0,1,1,0
APP_NLIU_4497,Rule_3_ii_Financial_Data,1310068,XSS,0,0,1,1,0
APP_NLIU_4498,Rule_3_i_Passwords,1524934,XSS,0,1,1,1,0
APP_NLIU_4499,Rule_3_ii_Financial_Data,299887,None,1,1,0,1,0
APP_NLIU_4500,Rule_3_ii_Financial_Data,1546338,SSRF,1,0,1,1,1
APP_NLIU_4501,Rule_3_iii_v_Health_Medical_Records,1462428,XSS,1,0,1,1,1
APP_NLIU_4502,Rule_3_iii_v_Health_Medical_Records,1537676,None,0,1,1,0,1
APP_NLIU_4503,Rule_3_ii_Financial_Data,539396,XSS,1,0,1,1,0
APP_NLIU_4504,Rule_3_i_Passwords,1258282,None,0,1,0,1,0
APP_NLIU_4505,Rule_3_ii_Financial_Data,1614044,CSRF,1,1,0,0,1
APP_NLIU_4506,Rule_3_ii_Financial_Data,286027,XSS,1,1,1,1,1
APP_NLIU_4507,Rule_3_iii_v_Health_Medical_Records,573688,SQL_Injection,0,1,1,1,1
APP_NLIU_4508,Rule_3_i_Passwords,1230647,Exception_Handling_Failure,0,0,0,1,1
APP_NLIU_4509,Rule_3_iii_v_Health_Medical_Records,577239,CSRF,0,0,0,1,1
APP_NLIU_4510,Multi_Category_SPDI,1453952,SSRF,1,1,1,0,1
APP_NLIU_4511,Rule_3_i_Passwords,1895270,XSS,1,1,1,1,0
APP_NLIU_4512,Rule_3_ii_Financial_Data,1466721,XSS,0,1,1,1,1
APP_NLIU_4513,Rule_3_i_Passwords,1923141,SQL_Injection,1,0,1,1,0
APP_NLIU_4514,Rule_3_iii_v_Health_Medical_Records,671483,Exception_Handling_Failure,1,1,1,1,0
APP_NLIU_4515,Rule_3_iii_v_Health_Medical_Records,1430826,Exception_Handling_Failure,0,1,1,1,1
APP_NLIU_4516,Rule_3_ii_Financial_Data,1737293,SSRF,0,1,0,1,1
APP_NLIU_4517,Rule_3_iii_v_Health_Medical_Records,1910504,XSS,0,0,0,1,0
APP_NLIU_4518,Multi_Category_SPDI,1742492,None,0,1,1,0,1
APP_NLIU_4519,Rule_3_i_Passwords,329078,XSS,0,0,0,1,0
APP_NLIU_4520,Rule_3_i_Passwords,1918894,CSRF,1,1,1,1,0
APP_NLIU_4521,Multi_Category_SPDI,35881,CSRF,1,1,0,0,1
APP_NLIU_4522,Rule_3_iii_v_Health_Medical_Records,1858417,Exception_Handling_Failure,0,1,0,1,1
APP_NLIU_4523,Multi_Category_SPDI,977920,None,1,1,0,0,0
APP_NLIU_4524,Rule_3_iii_v_Health_Medical_Records,1151747,Exception_Handling_Failure,1,1,1,1,1
APP_NLIU_4525,Rule_3_vi_Biometric_Information,1306765,SQL_Injection,1,0,1,0,0
APP_NLIU_4526,Rule_3_ii_Financial_Data,953161,XSS,0,0,0,0,1
APP_NLIU_4527,Rule_3_iii_v_Health_Medical_Records,222815,None,0,0,1,1,1
APP_NLIU_4528,Multi_Category_SPDI,316095,SQL_Injection,1,0,1,1,1
APP_NLIU_4529,Rule_3_iii_v_Health_Medical_Records,275896,None,0,0,1,1,1
APP_NLIU_4530,Rule_3_i_Passwords,646627,None,0,1,0,1,0
APP_NLIU_4531,Rule_3_ii_Financial_Data,1460232,SQL_Injection,1,1,1,1,0
APP_NLIU_4532,Rule_3_i_Passwords,1098440,None,0,0,1,1,1
APP_NLIU_4533,Rule_3_ii_Financial_Data,710051,CSRF,1,0,1,0,1
APP_NLIU_4534,Rule_3_ii_Financial_Data,1649899,None,1,1,1,1,1
APP_NLIU_4535,Rule_3_iii_v_Health_Medical_Records,91675,XSS,0,1,1,1,0
APP_NLIU_4536,Rule_3_iii_v_Health_Medical_Records,1002807,XSS,0,0,1,1,1
APP_NLIU_4537,Rule_3_ii_Financial_Data,289487,Exception_Handling_Failure,1,1,0,0,1
APP_NLIU_4538,Rule_3_iii_v_Health_Medical_Records,229320,None,1,1,1,1,0
APP_NLIU_4539,Rule_3_i_Passwords,548961,SQL_Injection,1,1,0,1,1
APP_NLIU_4540,Rule_3_i_Passwords,1244602,XSS,1,1,1,0,0
APP_NLIU_4541,Rule_3_i_Passwords,1239346,SSRF,1,1,1,1,1
APP_NLIU_4542,Rule_3_iii_v_Health_Medical_Records,1410744,CSRF,1,0,1,1,0
APP_NLIU_4543,Rule_3_ii_Financial_Data,1604384,CSRF,1,0,0,1,0
APP_NLIU_4544,Rule_3_ii_Financial_Data,507857,XSS,1,1,0,1,0
APP_NLIU_4545,Rule_3_ii_Financial_Data,774483,CSRF,1,1,1,1,0
APP_NLIU_4546,Rule_3_vi_Biometric_Information,1855792,SQL_Injection,1,1,1,1,1
APP_NLIU_4547,Rule_3_i_Passwords,1433166,SQL_Injection,1,0,1,1,1
APP_NLIU_4548,Rule_3_iii_v_Health_Medical_Records,43079,SQL_Injection,1,1,0,1,1
APP_NLIU_4549,Rule_3_iii_v_Health_Medical_Records,1097796,XSS,1,1,1,0,0
APP_NLIU_4550,Rule_3_vi_Biometric_Information,156563,None,1,1,0,1,0
APP_NLIU_4551,Multi_Category_SPDI,117878,SQL_Injection,0,1,1,0,0
APP_NLIU_4552,Rule_3_i_Passwords,1170159,None,1,1,1,1,1
APP_NLIU_4553,Rule_3_i_Passwords,53720,None,0,1,1,1,0
APP_NLIU_4554,Multi_Category_SPDI,1285452,Exception_Handling_Failure,0,1,0,1,1
APP_NLIU_4555,Rule_3_ii_Financial_Data,1592582,Exception_Handling_Failure,1,1,1,1,0
APP_NLIU_4556,Rule_3_iii_v_Health_Medical_Records,1482389,None,0,0,1,1,1
APP_NLIU_4557,Rule_3_iii_v_Health_Medical_Records,1901225,SQL_Injection,0,1,0,1,1
APP_NLIU_4558,Rule_3_iii_v_Health_Medical_Records,496567,XSS,0,0,1,1,0
APP_NLIU_4559,Multi_Category_SPDI,367812,Exception_Handling_Failure,0,1,0,1,1
APP_NLIU_4560,Multi_Category_SPDI,687192,XSS,1,1,1,1,0
APP_NLIU_4561,Rule_3_iii_v_Health_Medical_Records,977322,None,0,0,1,1,1
APP_NLIU_4562,Rule_3_ii_Financial_Data,1806334,SQL_Injection,0,0,1,1,1
APP_NLIU_4563,Multi_Category_SPDI,411080,Exception_Handling_Failure,0,1,1,0,0
APP_NLIU_4564,Rule_3_i_Passwords,617666,XSS,0,1,0,1,0
APP_NLIU_4565,Rule_3_ii_Financial_Data,1046137,CSRF,0,0,0,0,1
APP_NLIU_4566,Multi_Category_SPDI,13177,CSRF,1,0,1,1,0
APP_NLIU_4567,Rule_3_ii_Financial_Data,706475,Exception_Handling_Failure,0,1,1,1,1
APP_NLIU_4568,Rule_3_ii_Financial_Data,1438038,None,0,1,0,1,1
APP_NLIU_4569,Rule_3_i_Passwords,1815171,XSS,1,1,1,1,1
APP_NLIU_4570,Multi_Category_SPDI,1503002,None,1,1,0,1,1
APP_NLIU_4571,Rule_3_iii_v_Health_Medical_Records,450170,XSS,0,1,1,0,1
APP_NLIU_4572,Rule_3_iii_v_Health_Medical_Records,1689009,SQL_Injection,0,0,0,1,1
APP_NLIU_4573,Rule_3_ii_Financial_Data,1982924,SQL_Injection,1,1,1,1,1
APP_NLIU_4574,Rule_3_vi_Biometric_Information,1783066,SQL_Injection,1,1,1,0,1
APP_NLIU_4575,Rule_3_vi_Biometric_Information,1591282,CSRF,1,0,0,1,1
APP_NLIU_4576,Rule_3_ii_Financial_Data,1219502,CSRF,1,1,1,0,0
APP_NLIU_4577,Rule_3_ii_Financial_Data,1011148,None,1,1,1,1,0
APP_NLIU_4578,Rule_3_ii_Financial_Data,998459,None,1,1,1,1,1
APP_NLIU_4579,Multi_Category_SPDI,617363,SQL_Injection,1,1,0,1,0
APP_NLIU_4580,Rule_3_iii_v_Health_Medical_Records,1556698,SSRF,0,1,1,1,1
APP_NLIU_4581,Multi_Category_SPDI,966454,CSRF,1,1,0,1,1
APP_NLIU_4582,Rule_3_ii_Financial_Data,332371,XSS,0,1,1,0,1
APP_NLIU_4583,Rule_3_vi_Biometric_Information,411051,SQL_Injection,0,1,1,1,1
APP_NLIU_4584,Rule_3_vi_Biometric_Information,1333253,SQL_Injection,1,1,1,1,1
APP_NLIU_4585,Rule_3_iii_v_Health_Medical_Records,1561542,None,0,1,0,1,1
APP_NLIU_4586,Multi_Category_SPDI,1541843,None,0,1,1,1,1
APP_NLIU_4587,Rule_3_ii_Financial_Data,892889,SSRF,1,0,1,0,0
APP_NLIU_4588,Rule_3_i_Passwords,1423224,XSS,1,0,1,1,1
APP_NLIU_4589,Rule_3_iii_v_Health_Medical_Records,223930,CSRF,0,1,1,1,0
APP_NLIU_4590,Rule_3_iii_v_Health_Medical_Records,1457015,None,0,1,1,1,1
APP_NLIU_4591,Rule_3_iii_v_Health_Medical_Records,1702066,XSS,0,0,1,1,0
APP_NLIU_4592,Rule_3_ii_Financial_Data,539561,SQL_Injection,0,0,0,1,1
APP_NLIU_4593,Rule_3_iii_v_Health_Medical_Records,1611383,None,1,1,1,0,1
APP_NLIU_4594,Rule_3_ii_Financial_Data,684520,CSRF,0,1,1,1,1
APP_NLIU_4595,Rule_3_ii_Financial_Data,918456,CSRF,1,1,1,1,1
APP_NLIU_4596,Rule_3_iii_v_Health_Medical_Records,472601,CSRF,0,0,1,0,0
APP_NLIU_4597,Rule_3_iii_v_Health_Medical_Records,1964548,XSS,1,1,1,1,1
APP_NLIU_4598,Rule_3_ii_Financial_Data,513604,CSRF,1,1,1,1,0
APP_NLIU_4599,Rule_3_ii_Financial_Data,1537984,SSRF,1,0,1,1,0
APP_NLIU_4600,Rule_3_ii_Financial_Data,1233636,CSRF,1,1,0,1,1
APP_NLIU_4601,Rule_3_i_Passwords,1457140,SQL_Injection,1,1,1,1,0
APP_NLIU_4602,Rule_3_vi_Biometric_Information,612748,None,1,0,1,0,1
APP_NLIU_4603,Multi_Category_SPDI,253792,SSRF,1,1,0,1,0
APP_NLIU_4604,Rule_3_ii_Financial_Data,633759,SQL_Injection,0,1,1,1,0
APP_NLIU_4605,Rule_3_vi_Biometric_Information,633956,Exception_Handling_Failure,0,0,1,1,1
APP_NLIU_4606,Multi_Category_SPDI,1907527,None,0,0,1,1,1
APP_NLIU_4607,Rule_3_vi_Biometric_Information,1406146,None,0,0,1,1,1
APP_NLIU_4608,Rule_3_i_Passwords,1068205,XSS,1,1,0,1,1
APP_NLIU_4609,Multi_Category_SPDI,840488,SSRF,1,0,1,1,0
APP_NLIU_4610,Rule_3_ii_Financial_Data,1851281,None,1,1,1,1,1
APP_NLIU_4611,Rule_3_ii_Financial_Data,1174060,Exception_Handling_Failure,0,1,1,1,1
APP_NLIU_4612,Rule_3_i_Passwords,1150851,SSRF,0,1,1,1,0
APP_NLIU_4613,Rule_3_ii_Financial_Data,1487208,None,0,1,0,0,0
APP_NLIU_4614,Rule_3_i_Passwords,143966,SQL_Injection,1,1,1,0,0
APP_NLIU_4615,Rule_3_ii_Financial_Data,1099649,None,1,1,1,1,0
APP_NLIU_4616,Rule_3_ii_Financial_Data,1623557,None,0,1,1,1,0
APP_NLIU_4617,Rule_3_vi_Biometric_Information,1760402,Exception_Handling_Failure,1,1,1,1,0
APP_NLIU_4618,Multi_Category_SPDI,1864351,None,1,1,1,1,1
APP_NLIU_4619,Rule_3_ii_Financial_Data,572383,None,1,1,1,1,0
APP_NLIU_4620,Multi_Category_SPDI,1215822,SSRF,0,1,1,1,1
APP_NLIU_4621,Multi_Category_SPDI,973305,XSS,1,1,1,1,1
APP_NLIU_4622,Rule_3_vi_Biometric_Information,127388,SQL_Injection,0,1,1,1,1
APP_NLIU_4623,Rule_3_i_Passwords,1294363,CSRF,0,1,1,0,1
APP_NLIU_4624,Rule_3_iii_v_Health_Medical_Records,208508,None,1,1,0,1,0
APP_NLIU_4625,Multi_Category_SPDI,1168017,CSRF,1,0,1,1,0
APP_NLIU_4626,Rule_3_iii_v_Health_Medical_Records,630070,CSRF,0,1,1,1,1
APP_NLIU_4627,Rule_3_ii_Financial_Data,1835883,XSS,0,0,1,1,0
APP_NLIU_4628,Rule_3_iii_v_Health_Medical_Records,1292919,None,1,0,1,1,0
APP_NLIU_4629,Rule_3_iii_v_Health_Medical_Records,1489718,SQL_Injection,1,1,1,1,0
APP_NLIU_4630,Rule_3_iii_v_Health_Medical_Records,1912598,CSRF,1,1,1,1,0
APP_NLIU_4631,Rule_3_i_Passwords,437043,SSRF,1,1,0,0,0
APP_NLIU_4632,Rule_3_ii_Financial_Data,637551,Exception_Handling_Failure,1,1,0,1,0
APP_NLIU_4633,Rule_3_vi_Biometric_Information,1491567,SQL_Injection,1,0,1,1,0
APP_NLIU_4634,Multi_Category_SPDI,1487993,Exception_Handling_Failure,1,1,0,1,1
APP_NLIU_4635,Rule_3_i_Passwords,820805,CSRF,1,1,0,1,1
APP_NLIU_4636,Multi_Category_SPDI,1343245,SSRF,1,0,0,1,0
APP_NLIU_4637,Rule_3_ii_Financial_Data,394860,None,0,1,0,0,0
APP_NLIU_4638,Rule_3_iii_v_Health_Medical_Records,1420233,SQL_Injection,0,1,1,1,1
APP_NLIU_4639,Rule_3_vi_Biometric_Information,658689,XSS,1,1,1,0,1
APP_NLIU_4640,Rule_3_vi_Biometric_Information,1150219,SQL_Injection,0,1,1,1,1
APP_NLIU_4641,Multi_Category_SPDI,690846,XSS,1,1,1,0,0
APP_NLIU_4642,Rule_3_ii_Financial_Data,1525396,XSS,1,1,1,1,1
APP_NLIU_4643,Multi_Category_SPDI,154712,CSRF,1,1,1,1,1
APP_NLIU_4644,Rule_3_i_Passwords,364838,SQL_Injection,1,1,1,1,1
APP_NLIU_4645,Rule_3_iii_v_Health_Medical_Records,197527,CSRF,0,1,1,1,1
APP_NLIU_4646,Rule_3_iii_v_Health_Medical_Records,1614000,Exception_Handling_Failure,1,1,1,1,1
APP_NLIU_4647,Rule_3_iii_v_Health_Medical_Records,984929,None,0,0,1,1,1
APP_NLIU_4648,Rule_3_ii_Financial_Data,61539,XSS,1,1,1,0,1
APP_NLIU_4649,Multi_Category_SPDI,217736,XSS,1,1,1,1,0
APP_NLIU_4650,Rule_3_i_Passwords,423158,SSRF,1,1,1,1,0
APP_NLIU_4651,Rule_3_i_Passwords,1121939,CSRF,1,1,1,1,0
APP_NLIU_4652,Rule_3_iii_v_Health_Medical_Records,194668,SSRF,0,1,1,0,1
APP_NLIU_4653,Rule_3_ii_Financial_Data,610814,SSRF,0,1,1,1,0
APP_NLIU_4654,Rule_3_vi_Biometric_Information,1350975,SSRF,0,1,1,0,0
APP_NLIU_4655,Rule_3_ii_Financial_Data,1246777,XSS,1,1,0,1,1
APP_NLIU_4656,Rule_3_i_Passwords,483739,XSS,1,1,0,1,1
APP_NLIU_4657,Rule_3_vi_Biometric_Information,1696073,None,1,1,0,1,1
APP_NLIU_4658,Rule_3_iii_v_Health_Medical_Records,247723,SSRF,1,1,1,1,1
APP_NLIU_4659,Rule_3_i_Passwords,615725,Exception_Handling_Failure,1,1,0,1,0
APP_NLIU_4660,Rule_3_iii_v_Health_Medical_Records,1200925,None,0,1,0,1,0
APP_NLIU_4661,Rule_3_iii_v_Health_Medical_Records,662003,XSS,1,0,0,1,0
APP_NLIU_4662,Rule_3_iii_v_Health_Medical_Records,1955908,CSRF,0,0,1,1,0
APP_NLIU_4663,Rule_3_ii_Financial_Data,815161,CSRF,1,1,1,1,1
APP_NLIU_4664,Rule_3_vi_Biometric_Information,1009127,SQL_Injection,0,1,0,1,0
APP_NLIU_4665,Rule_3_vi_Biometric_Information,813250,CSRF,1,1,1,1,0
APP_NLIU_4666,Rule_3_iii_v_Health_Medical_Records,1119131,None,0,1,0,1,1
APP_NLIU_4667,Rule_3_i_Passwords,1676843,SQL_Injection,0,1,1,1,1
APP_NLIU_4668,Rule_3_vi_Biometric_Information,1107205,SSRF,1,1,1,1,1
APP_NLIU_4669,Rule_3_iii_v_Health_Medical_Records,1693160,None,0,0,1,1,1
APP_NLIU_4670,Rule_3_iii_v_Health_Medical_Records,1371158,None,1,1,1,1,0
APP_NLIU_4671,Rule_3_ii_Financial_Data,1823685,XSS,1,1,1,1,1
APP_NLIU_4672,Multi_Category_SPDI,276601,Exception_Handling_Failure,1,1,1,1,1
APP_NLIU_4673,Rule_3_iii_v_Health_Medical_Records,195701,CSRF,1,1,1,1,1
APP_NLIU_4674,Rule_3_i_Passwords,1349642,SSRF,1,0,1,0,1
APP_NLIU_4675,Rule_3_ii_Financial_Data,1456612,CSRF,0,1,1,1,0
APP_NLIU_4676,Multi_Category_SPDI,1479542,XSS,0,0,0,1,1
APP_NLIU_4677,Rule_3_i_Passwords,1423842,None,1,1,1,1,1
APP_NLIU_4678,Multi_Category_SPDI,107020,SQL_Injection,1,1,1,1,0
APP_NLIU_4679,Rule_3_iii_v_Health_Medical_Records,239618,XSS,1,1,1,1,1
APP_NLIU_4680,Rule_3_iii_v_Health_Medical_Records,1567039,CSRF,1,1,1,1,0
APP_NLIU_4681,Rule_3_ii_Financial_Data,1746726,XSS,1,1,1,0,1
APP_NLIU_4682,Rule_3_ii_Financial_Data,1928413,SQL_Injection,1,0,1,1,1
APP_NLIU_4683,Multi_Category_SPDI,907562,CSRF,1,1,1,0,0
APP_NLIU_4684,Rule_3_ii_Financial_Data,170493,None,1,1,1,1,1
APP_NLIU_4685,Rule_3_vi_Biometric_Information,1908046,XSS,1,0,1,1,1
APP_NLIU_4686,Rule_3_ii_Financial_Data,778317,XSS,1,1,0,1,0
APP_NLIU_4687,Rule_3_i_Passwords,218273,CSRF,1,1,1,0,0
APP_NLIU_4688,Rule_3_i_Passwords,1640189,CSRF,0,1,0,0,1
APP_NLIU_4689,Rule_3_iii_v_Health_Medical_Records,292744,CSRF,1,1,1,1,0
APP_NLIU_4690,Multi_Category_SPDI,215694,None,0,1,1,1,1
APP_NLIU_4691,Rule_3_ii_Financial_Data,267051,None,0,0,1,1,0
APP_NLIU_4692,Rule_3_ii_Financial_Data,1482963,XSS,1,0,1,1,0
APP_NLIU_4693,Rule_3_ii_Financial_Data,1808475,CSRF,0,1,1,1,1
APP_NLIU_4694,Rule_3_iii_v_Health_Medical_Records,1377246,None,1,1,1,1,1
APP_NLIU_4695,Rule_3_ii_Financial_Data,1828384,XSS,1,0,0,1,0
APP_NLIU_4696,Multi_Category_SPDI,1066725,XSS,1,0,1,1,1
APP_NLIU_4697,Rule_3_iii_v_Health_Medical_Records,166466,SSRF,1,1,0,1,0
APP_NLIU_4698,Rule_3_iii_v_Health_Medical_Records,1199044,None,1,1,1,0,1
APP_NLIU_4699,Rule_3_i_Passwords,1470116,XSS,1,1,0,1,1
APP_NLIU_4700,Multi_Category_SPDI,1231846,None,1,0,1,1,0
APP_NLIU_4701,Rule_3_ii_Financial_Data,1005209,None,0,1,1,1,1
APP_NLIU_4702,Rule_3_i_Passwords,117168,SSRF,0,1,1,0,1
APP_NLIU_4703,Rule_3_iii_v_Health_Medical_Records,1560602,None,1,1,1,1,1
APP_NLIU_4704,Rule_3_iii_v_Health_Medical_Records,639101,None,0,1,1,1,1
APP_NLIU_4705,Rule_3_ii_Financial_Data,1407499,CSRF,0,0,1,0,0
APP_NLIU_4706,Rule_3_ii_Financial_Data,261960,SSRF,1,1,0,1,1
APP_NLIU_4707,Rule_3_vi_Biometric_Information,953520,SQL_Injection,0,1,1,1,1
APP_NLIU_4708,Rule_3_i_Passwords,663554,XSS,0,1,1,0,1
APP_NLIU_4709,Rule_3_vi_Biometric_Information,1348118,CSRF,0,0,1,1,1
APP_NLIU_4710,Rule_3_iii_v_Health_Medical_Records,1320509,XSS,1,1,0,0,0
APP_NLIU_4711,Rule_3_ii_Financial_Data,483911,SSRF,1,1,0,0,1
APP_NLIU_4712,Rule_3_ii_Financial_Data,1380687,None,1,0,1,0,0
APP_NLIU_4713,Rule_3_ii_Financial_Data,1817878,CSRF,0,1,1,1,1
APP_NLIU_4714,Rule_3_vi_Biometric_Information,197206,SSRF,1,1,1,0,0
APP_NLIU_4715,Rule_3_iii_v_Health_Medical_Records,266041,XSS,1,1,1,0,1
APP_NLIU_4716,Rule_3_ii_Financial_Data,1255534,XSS,1,0,1,1,1
APP_NLIU_4717,Rule_3_iii_v_Health_Medical_Records,365981,SSRF,1,1,1,1,1
APP_NLIU_4718,Multi_Category_SPDI,1209625,CSRF,1,0,0,1,1
APP_NLIU_4719,Rule_3_ii_Financial_Data,106967,SSRF,1,0,1,0,0
APP_NLIU_4720,Multi_Category_SPDI,398345,None,1,1,1,1,0
APP_NLIU_4721,Rule_3_ii_Financial_Data,1375403,None,0,1,1,1,1
APP_NLIU_4722,Rule_3_i_Passwords,1361051,XSS,1,0,1,0,0
APP_NLIU_4723,Rule_3_ii_Financial_Data,253719,None,1,1,1,1,1
APP_NLIU_4724,Rule_3_ii_Financial_Data,1874634,None,1,0,1,1,1
APP_NLIU_4725,Rule_3_ii_Financial_Data,446719,SQL_Injection,1,1,1,1,1
APP_NLIU_4726,Rule_3_i_Passwords,163621,None,1,0,1,1,0
APP_NLIU_4727,Multi_Category_SPDI,1590206,None,1,1,1,1,1
APP_NLIU_4728,Rule_3_vi_Biometric_Information,1876425,SSRF,1,1,1,1,1
APP_NLIU_4729,Rule_3_iii_v_Health_Medical_Records,736874,SSRF,1,1,1,1,0
APP_NLIU_4730,Rule_3_i_Passwords,712609,SQL_Injection,0,1,1,1,0
APP_NLIU_4731,Rule_3_i_Passwords,844096,SQL_Injection,1,1,1,1,1
APP_NLIU_4732,Rule_3_i_Passwords,1025668,None,1,1,1,1,0
APP_NLIU_4733,Rule_3_iii_v_Health_Medical_Records,1816652,XSS,0,0,1,0,1
APP_NLIU_4734,Multi_Category_SPDI,800265,None,0,0,0,1,1
APP_NLIU_4735,Rule_3_ii_Financial_Data,852090,None,0,1,1,1,0
APP_NLIU_4736,Rule_3_i_Passwords,510655,Exception_Handling_Failure,0,0,1,1,0
APP_NLIU_4737,Rule_3_iii_v_Health_Medical_Records,235099,Exception_Handling_Failure,0,1,1,1,1
APP_NLIU_4738,Rule_3_ii_Financial_Data,923241,SQL_Injection,0,1,1,1,1
APP_NLIU_4739,Rule_3_ii_Financial_Data,1934973,CSRF,1,1,1,1,1
APP_NLIU_4740,Rule_3_iii_v_Health_Medical_Records,1904062,Exception_Handling_Failure,0,1,1,1,0
APP_NLIU_4741,Rule_3_iii_v_Health_Medical_Records,530587,SQL_Injection,1,0,1,1,0
APP_NLIU_4742,Rule_3_i_Passwords,1302816,SQL_Injection,1,0,1,1,0
APP_NLIU_4743,Rule_3_i_Passwords,1381595,None,0,0,1,0,0
APP_NLIU_4744,Multi_Category_SPDI,693280,Exception_Handling_Failure,1,0,1,1,0
APP_NLIU_4745,Rule_3_ii_Financial_Data,453052,CSRF,1,1,1,1,1
APP_NLIU_4746,Rule_3_i_Passwords,178453,Exception_Handling_Failure,0,1,1,1,0
APP_NLIU_4747,Rule_3_i_Passwords,1558851,None,0,1,1,1,0
APP_NLIU_4748,Rule_3_i_Passwords,381430,CSRF,0,1,0,1,0
APP_NLIU_4749,Rule_3_ii_Financial_Data,1007475,SQL_Injection,0,0,1,1,1
APP_NLIU_4750,Rule_3_vi_Biometric_Information,890162,None,0,0,0,1,1
APP_NLIU_4751,Rule_3_ii_Financial_Data,323442,CSRF,0,1,0,1,0
APP_NLIU_4752,Rule_3_ii_Financial_Data,1995589,SQL_Injection,0,0,1,1,1
APP_NLIU_4753,Rule_3_iii_v_Health_Medical_Records,1835374,XSS,1,1,1,1,1
APP_NLIU_4754,Rule_3_iii_v_Health_Medical_Records,1698899,None,0,1,1,0,0
APP_NLIU_4755,Multi_Category_SPDI,1226743,SSRF,1,1,1,1,1
APP_NLIU_4756,Multi_Category_SPDI,449740,CSRF,0,1,1,1,0
APP_NLIU_4757,Rule_3_i_Passwords,521030,SSRF,1,0,0,1,0
APP_NLIU_4758,Rule_3_vi_Biometric_Information,1425545,None,0,1,1,1,1
APP_NLIU_4759,Rule_3_ii_Financial_Data,1169213,SSRF,1,1,0,0,0
APP_NLIU_4760,Multi_Category_SPDI,266046,XSS,0,0,1,1,0
APP_NLIU_4761,Rule_3_ii_Financial_Data,989413,None,1,1,0,1,1
APP_NLIU_4762,Multi_Category_SPDI,1575798,SQL_Injection,0,0,1,1,1
APP_NLIU_4763,Rule_3_vi_Biometric_Information,1912626,None,1,1,0,1,0
APP_NLIU_4764,Rule_3_ii_Financial_Data,30532,None,0,1,1,1,1
APP_NLIU_4765,Rule_3_iii_v_Health_Medical_Records,113197,None,1,0,1,1,0
APP_NLIU_4766,Multi_Category_SPDI,1184436,SSRF,0,0,1,1,0
APP_NLIU_4767,Multi_Category_SPDI,65285,Exception_Handling_Failure,1,0,1,1,0
APP_NLIU_4768,Rule_3_i_Passwords,810298,None,0,0,1,1,1
APP_NLIU_4769,Rule_3_iii_v_Health_Medical_Records,1716529,None,0,0,1,1,0
APP_NLIU_4770,Rule_3_ii_Financial_Data,276639,SSRF,1,0,1,1,1
APP_NLIU_4771,Rule_3_i_Passwords,251130,None,1,0,1,1,0
APP_NLIU_4772,Rule_3_ii_Financial_Data,1323557,CSRF,1,1,1,1,1
APP_NLIU_4773,Rule_3_ii_Financial_Data,1785644,SSRF,1,1,1,1,0
APP_NLIU_4774,Rule_3_vi_Biometric_Information,1989760,XSS,1,1,0,1,0
APP_NLIU_4775,Rule_3_ii_Financial_Data,519938,None,1,0,0,1,1
APP_NLIU_4776,Rule_3_vi_Biometric_Information,977980,XSS,0,0,0,0,0
APP_NLIU_4777,Rule_3_i_Passwords,263750,XSS,0,1,1,1,1
APP_NLIU_4778,Rule_3_ii_Financial_Data,1568622,None,1,1,1,1,0
APP_NLIU_4779,Rule_3_ii_Financial_Data,297490,CSRF,1,1,1,1,1
APP_NLIU_4780,Rule_3_ii_Financial_Data,113621,Exception_Handling_Failure,1,0,1,1,0
APP_NLIU_4781,Rule_3_i_Passwords,1048350,CSRF,1,1,1,1,1
APP_NLIU_4782,Rule_3_i_Passwords,1339132,CSRF,1,1,1,1,1
APP_NLIU_4783,Rule_3_iii_v_Health_Medical_Records,486615,Exception_Handling_Failure,1,1,1,1,0
APP_NLIU_4784,Rule_3_ii_Financial_Data,123833,None,1,1,1,1,0
APP_NLIU_4785,Rule_3_ii_Financial_Data,1477596,XSS,0,1,1,0,1
APP_NLIU_4786,Rule_3_ii_Financial_Data,70206,None,1,1,1,1,0
APP_NLIU_4787,Multi_Category_SPDI,15934,SQL_Injection,1,1,1,1,1
APP_NLIU_4788,Multi_Category_SPDI,297867,SSRF,1,0,1,1,0
APP_NLIU_4789,Rule_3_ii_Financial_Data,1967976,XSS,1,0,0,1,0
APP_NLIU_4790,Rule_3_ii_Financial_Data,1467197,SQL_Injection,1,1,1,1,0
APP_NLIU_4791,Rule_3_i_Passwords,1727684,CSRF,0,0,1,1,0
APP_NLIU_4792,Multi_Category_SPDI,1779702,XSS,0,1,1,0,0
APP_NLIU_4793,Rule_3_i_Passwords,706773,SQL_Injection,1,1,0,1,0
APP_NLIU_4794,Rule_3_ii_Financial_Data,944858,CSRF,1,1,1,1,0
APP_NLIU_4795,Rule_3_ii_Financial_Data,996994,XSS,0,1,1,0,0
APP_NLIU_4796,Rule_3_ii_Financial_Data,913420,XSS,1,1,1,1,0
APP_NLIU_4797,Rule_3_i_Passwords,486891,None,0,1,1,1,0
APP_NLIU_4798,Rule_3_vi_Biometric_Information,246630,Exception_Handling_Failure,1,1,1,1,0
APP_NLIU_4799,Rule_3_i_Passwords,1988468,XSS,0,1,1,1,0
APP_NLIU_4800,Rule_3_iii_v_Health_Medical_Records,1552153,None,1,1,0,1,1
APP_NLIU_4801,Rule_3_i_Passwords,1614387,None,1,1,1,1,1
APP_NLIU_4802,Rule_3_i_Passwords,1941158,SSRF,0,1,1,1,1
APP_NLIU_4803,Multi_Category_SPDI,388094,SQL_Injection,1,1,1,1,0
APP_NLIU_4804,Rule_3_i_Passwords,980197,Exception_Handling_Failure,1,1,1,0,0
APP_NLIU_4805,Rule_3_vi_Biometric_Information,171804,XSS,0,1,0,1,0
APP_NLIU_4806,Rule_3_iii_v_Health_Medical_Records,1619510,None,1,1,0,1,0
APP_NLIU_4807,Rule_3_i_Passwords,1729957,None,1,0,0,1,1
APP_NLIU_4808,Multi_Category_SPDI,229310,Exception_Handling_Failure,1,1,1,1,0
APP_NLIU_4809,Rule_3_ii_Financial_Data,1295600,None,1,1,1,0,1
APP_NLIU_4810,Multi_Category_SPDI,262476,XSS,1,1,1,1,0
APP_NLIU_4811,Rule_3_i_Passwords,1892784,SQL_Injection,1,1,1,1,1
APP_NLIU_4812,Multi_Category_SPDI,286260,None,1,1,1,1,1
APP_NLIU_4813,Rule_3_i_Passwords,1166434,CSRF,1,1,1,1,0
APP_NLIU_4814,Rule_3_iii_v_Health_Medical_Records,1797207,None,1,1,1,1,1
APP_NLIU_4815,Rule_3_vi_Biometric_Information,1546789,None,0,0,0,1,1
APP_NLIU_4816,Multi_Category_SPDI,81620,Exception_Handling_Failure,1,1,1,0,0
APP_NLIU_4817,Multi_Category_SPDI,967275,XSS,1,0,1,1,0
APP_NLIU_4818,Rule_3_vi_Biometric_Information,426972,XSS,1,1,1,1,0
APP_NLIU_4819,Multi_Category_SPDI,87604,CSRF,1,0,1,1,1
APP_NLIU_4820,Rule_3_i_Passwords,623740,CSRF,0,1,1,0,0
APP_NLIU_4821,Rule_3_ii_Financial_Data,1973999,Exception_Handling_Failure,0,0,1,1,1
APP_NLIU_4822,Rule_3_ii_Financial_Data,1863558,None,1,1,1,1,1
APP_NLIU_4823,Rule_3_ii_Financial_Data,1221172,Exception_Handling_Failure,1,1,1,1,1
APP_NLIU_4824,Rule_3_ii_Financial_Data,1501398,SSRF,1,1,0,0,1
APP_NLIU_4825,Rule_3_iii_v_Health_Medical_Records,729179,XSS,1,1,1,1,1
APP_NLIU_4826,Rule_3_i_Passwords,1648091,None,1,1,0,1,0
APP_NLIU_4827,Rule_3_iii_v_Health_Medical_Records,290356,XSS,0,0,1,0,1
APP_NLIU_4828,Rule_3_i_Passwords,307262,XSS,1,0,1,1,1
APP_NLIU_4829,Rule_3_ii_Financial_Data,1868610,None,0,0,0,1,1
APP_NLIU_4830,Rule_3_iii_v_Health_Medical_Records,1595404,Exception_Handling_Failure,1,1,0,0,0
APP_NLIU_4831,Rule_3_vi_Biometric_Information,171901,XSS,1,0,1,0,1
APP_NLIU_4832,Rule_3_iii_v_Health_Medical_Records,192381,None,1,0,1,1,0
APP_NLIU_4833,Rule_3_iii_v_Health_Medical_Records,1774339,SSRF,0,1,1,1,1
APP_NLIU_4834,Rule_3_i_Passwords,1911463,None,0,0,1,1,0
APP_NLIU_4835,Rule_3_iii_v_Health_Medical_Records,1600141,SQL_Injection,1,0,1,1,1
APP_NLIU_4836,Rule_3_i_Passwords,1696997,SQL_Injection,1,1,0,0,1
APP_NLIU_4837,Rule_3_ii_Financial_Data,457889,None,1,1,1,1,1
APP_NLIU_4838,Rule_3_ii_Financial_Data,1305772,SSRF,0,1,1,0,1
APP_NLIU_4839,Rule_3_i_Passwords,1988756,None,1,0,0,1,0
APP_NLIU_4840,Rule_3_ii_Financial_Data,441060,None,0,1,1,1,0
APP_NLIU_4841,Multi_Category_SPDI,987212,None,0,0,1,1,1
APP_NLIU_4842,Multi_Category_SPDI,801184,None,0,1,1,0,0
APP_NLIU_4843,Rule_3_ii_Financial_Data,1266196,CSRF,1,1,1,0,0
APP_NLIU_4844,Rule_3_i_Passwords,1521503,None,1,1,1,1,0
APP_NLIU_4845,Rule_3_i_Passwords,438886,SQL_Injection,0,1,0,1,0
APP_NLIU_4846,Rule_3_ii_Financial_Data,1252251,XSS,0,1,1,1,1
APP_NLIU_4847,Multi_Category_SPDI,691838,None,0,1,0,0,0
APP_NLIU_4848,Rule_3_i_Passwords,424655,CSRF,1,1,1,1,1
APP_NLIU_4849,Rule_3_vi_Biometric_Information,957251,XSS,0,1,1,1,0
APP_NLIU_4850,Rule_3_i_Passwords,776784,XSS,1,0,1,1,0
APP_NLIU_4851,Multi_Category_SPDI,1965340,Exception_Handling_Failure,1,1,0,1,0
APP_NLIU_4852,Rule_3_ii_Financial_Data,1476602,None,1,0,0,0,0
APP_NLIU_4853,Rule_3_vi_Biometric_Information,1858310,SQL_Injection,1,1,1,1,0
APP_NLIU_4854,Rule_3_ii_Financial_Data,1381956,XSS,0,1,0,1,0
APP_NLIU_4855,Rule_3_iii_v_Health_Medical_Records,69467,None,1,1,1,0,0
APP_NLIU_4856,Rule_3_i_Passwords,1418070,XSS,1,1,1,1,0
APP_NLIU_4857,Rule_3_i_Passwords,957345,SQL_Injection,1,1,1,1,0
APP_NLIU_4858,Multi_Category_SPDI,1041853,XSS,1,0,0,1,1
APP_NLIU_4859,Multi_Category_SPDI,967217,CSRF,0,1,0,1,1
APP_NLIU_4860,Multi_Category_SPDI,1496338,SSRF,1,1,0,1,0
APP_NLIU_4861,Rule_3_iii_v_Health_Medical_Records,785196,None,0,1,1,1,0
APP_NLIU_4862,Rule_3_vi_Biometric_Information,794480,XSS,0,1,1,1,1
APP_NLIU_4863,Rule_3_i_Passwords,1827076,None,0,0,1,1,1
APP_NLIU_4864,Rule_3_ii_Financial_Data,1636770,None,0,1,0,1,1
APP_NLIU_4865,Rule_3_ii_Financial_Data,343781,Exception_Handling_Failure,1,1,1,0,0
APP_NLIU_4866,Rule_3_iii_v_Health_Medical_Records,296922,SQL_Injection,1,0,1,1,1
APP_NLIU_4867,Rule_3_ii_Financial_Data,1212073,XSS,1,1,1,1,1
APP_NLIU_4868,Rule_3_i_Passwords,767405,SSRF,1,1,1,1,0
APP_NLIU_4869,Rule_3_iii_v_Health_Medical_Records,743748,None,1,0,0,1,0
APP_NLIU_4870,Rule_3_vi_Biometric_Information,125918,SSRF,1,1,0,0,0
APP_NLIU_4871,Rule_3_ii_Financial_Data,1930044,CSRF,1,0,1,1,1
APP_NLIU_4872,Rule_3_i_Passwords,1504968,XSS,1,0,0,1,0
APP_NLIU_4873,Rule_3_i_Passwords,1459466,CSRF,1,1,1,1,0
APP_NLIU_4874,Rule_3_ii_Financial_Data,460618,SSRF,0,1,1,1,1
APP_NLIU_4875,Rule_3_ii_Financial_Data,1562901,XSS,1,0,1,0,0
APP_NLIU_4876,Rule_3_iii_v_Health_Medical_Records,1274555,SQL_Injection,1,1,1,1,1
APP_NLIU_4877,Rule_3_iii_v_Health_Medical_Records,777793,SQL_Injection,1,0,1,1,0
APP_NLIU_4878,Rule_3_iii_v_Health_Medical_Records,16957,CSRF,1,1,1,0,1
APP_NLIU_4879,Rule_3_ii_Financial_Data,1912652,None,0,1,0,1,0
APP_NLIU_4880,Rule_3_vi_Biometric_Information,976120,XSS,0,1,1,1,1
APP_NLIU_4881,Rule_3_ii_Financial_Data,1953302,XSS,1,0,1,1,1
APP_NLIU_4882,Rule_3_ii_Financial_Data,22829,XSS,1,1,1,0,0
APP_NLIU_4883,Rule_3_vi_Biometric_Information,1321557,CSRF,0,0,1,0,1
APP_NLIU_4884,Rule_3_i_Passwords,1510933,None,0,1,1,1,1
APP_NLIU_4885,Rule_3_i_Passwords,151104,SQL_Injection,1,1,0,1,1
APP_NLIU_4886,Multi_Category_SPDI,1153346,Exception_Handling_Failure,1,0,1,0,0
APP_NLIU_4887,Rule_3_ii_Financial_Data,1604216,None,1,1,1,0,1
APP_NLIU_4888,Rule_3_iii_v_Health_Medical_Records,35215,None,0,0,0,1,0
APP_NLIU_4889,Rule_3_i_Passwords,1503111,SSRF,0,1,1,1,1
APP_NLIU_4890,Rule_3_iii_v_Health_Medical_Records,1573327,CSRF,1,0,1,1,1
APP_NLIU_4891,Rule_3_ii_Financial_Data,735002,None,1,1,1,1,1
APP_NLIU_4892,Rule_3_i_Passwords,1356967,SQL_Injection,0,1,1,1,1
APP_NLIU_4893,Rule_3_iii_v_Health_Medical_Records,1016806,None,0,1,1,0,0
APP_NLIU_4894,Rule_3_ii_Financial_Data,658980,None,1,0,1,1,1
APP_NLIU_4895,Rule_3_ii_Financial_Data,703408,None,1,0,1,1,1
APP_NLIU_4896,Rule_3_i_Passwords,779474,SQL_Injection,0,0,1,1,0
APP_NLIU_4897,Rule_3_i_Passwords,1026740,None,1,0,1,0,1
APP_NLIU_4898,Rule_3_ii_Financial_Data,211604,Exception_Handling_Failure,1,0,1,1,1
APP_NLIU_4899,Rule_3_i_Passwords,596002,None,1,1,1,1,1
APP_NLIU_4900,Multi_Category_SPDI,302463,SQL_Injection,1,1,0,1,0
APP_NLIU_4901,Rule_3_i_Passwords,648346,SQL_Injection,1,1,0,1,0
APP_NLIU_4902,Rule_3_ii_Financial_Data,283169,CSRF,0,1,0,1,0
APP_NLIU_4903,Rule_3_i_Passwords,14780,SQL_Injection,1,1,1,0,1
APP_NLIU_4904,Rule_3_ii_Financial_Data,814138,XSS,1,1,1,1,0
APP_NLIU_4905,Multi_Category_SPDI,703276,None,1,1,0,1,1
APP_NLIU_4906,Rule_3_i_Passwords,80503,CSRF,1,1,1,0,0
APP_NLIU_4907,Multi_Category_SPDI,166928,None,1,1,1,1,0
APP_NLIU_4908,Rule_3_ii_Financial_Data,1943174,SQL_Injection,1,1,1,1,0
APP_NLIU_4909,Rule_3_iii_v_Health_Medical_Records,1062755,SSRF,0,1,1,1,1
APP_NLIU_4910,Rule_3_iii_v_Health_Medical_Records,698983,SQL_Injection,0,1,0,1,0
APP_NLIU_4911,Multi_Category_SPDI,677947,CSRF,1,1,0,1,0
APP_NLIU_4912,Rule_3_iii_v_Health_Medical_Records,684093,None,0,1,1,1,1
APP_NLIU_4913,Rule_3_iii_v_Health_Medical_Records,786570,SQL_Injection,1,1,0,1,1
APP_NLIU_4914,Rule_3_i_Passwords,486522,Exception_Handling_Failure,0,1,1,0,1
APP_NLIU_4915,Rule_3_i_Passwords,1677287,XSS,1,1,1,1,1
APP_NLIU_4916,Multi_Category_SPDI,1176652,None,1,1,1,1,1
APP_NLIU_4917,Rule_3_ii_Financial_Data,140047,SQL_Injection,0,0,1,1,1
APP_NLIU_4918,Rule_3_ii_Financial_Data,1308053,SSRF,0,1,1,1,1
APP_NLIU_4919,Rule_3_vi_Biometric_Information,1787391,SQL_Injection,0,1,1,1,1
APP_NLIU_4920,Rule_3_ii_Financial_Data,342282,XSS,1,0,1,1,0
APP_NLIU_4921,Multi_Category_SPDI,705823,CSRF,1,1,1,0,1
APP_NLIU_4922,Rule_3_iii_v_Health_Medical_Records,178226,None,1,1,0,1,0
APP_NLIU_4923,Rule_3_iii_v_Health_Medical_Records,1260324,Exception_Handling_Failure,1,1,1,1,1
APP_NLIU_4924,Multi_Category_SPDI,516559,Exception_Handling_Failure,1,1,1,0,1
APP_NLIU_4925,Rule_3_i_Passwords,1664570,XSS,0,1,0,1,1
APP_NLIU_4926,Rule_3_ii_Financial_Data,121905,SQL_Injection,1,1,1,1,0
APP_NLIU_4927,Rule_3_ii_Financial_Data,1082406,XSS,0,1,1,1,1
APP_NLIU_4928,Rule_3_ii_Financial_Data,1950084,None,1,1,1,1,1
APP_NLIU_4929,Rule_3_iii_v_Health_Medical_Records,1518918,None,1,0,1,1,1
APP_NLIU_4930,Multi_Category_SPDI,297753,None,1,1,1,1,0
APP_NLIU_4931,Rule_3_ii_Financial_Data,546689,None,1,1,1,1,0
APP_NLIU_4932,Rule_3_ii_Financial_Data,425945,SQL_Injection,1,1,1,0,1
APP_NLIU_4933,Multi_Category_SPDI,894912,SSRF,1,0,1,1,1
APP_NLIU_4934,Rule_3_ii_Financial_Data,1171854,SQL_Injection,1,0,0,1,0
APP_NLIU_4935,Rule_3_ii_Financial_Data,705527,CSRF,0,1,0,1,1
APP_NLIU_4936,Rule_3_ii_Financial_Data,230253,SQL_Injection,1,1,1,0,0
APP_NLIU_4937,Multi_Category_SPDI,1897399,XSS,0,1,1,1,1
APP_NLIU_4938,Rule_3_iii_v_Health_Medical_Records,1704407,Exception_Handling_Failure,1,1,1,1,0
APP_NLIU_4939,Rule_3_vi_Biometric_Information,1968894,None,1,0,1,1,0
APP_NLIU_4940,Rule_3_vi_Biometric_Information,1672447,None,1,1,1,0,1
APP_NLIU_4941,Rule_3_ii_Financial_Data,194243,None,1,1,1,1,1
APP_NLIU_4942,Rule_3_ii_Financial_Data,486312,SQL_Injection,0,1,1,1,1
APP_NLIU_4943,Rule_3_vi_Biometric_Information,142719,SQL_Injection,1,1,0,0,1
APP_NLIU_4944,Rule_3_ii_Financial_Data,1992186,Exception_Handling_Failure,0,1,1,1,1
APP_NLIU_4945,Rule_3_vi_Biometric_Information,1321735,CSRF,0,0,1,1,1
APP_NLIU_4946,Multi_Category_SPDI,288650,CSRF,1,1,1,1,1
APP_NLIU_4947,Rule_3_iii_v_Health_Medical_Records,250221,CSRF,0,1,1,1,0
APP_NLIU_4948,Rule_3_iii_v_Health_Medical_Records,1077643,CSRF,1,1,1,1,0
APP_NLIU_4949,Rule_3_vi_Biometric_Information,1051371,XSS,1,1,1,1,0
APP_NLIU_4950,Rule_3_vi_Biometric_Information,397963,XSS,1,1,0,1,0
APP_NLIU_4951,Rule_3_ii_Financial_Data,1563569,XSS,0,0,0,1,1
APP_NLIU_4952,Rule_3_i_Passwords,1579920,Exception_Handling_Failure,1,1,1,0,1
APP_NLIU_4953,Rule_3_ii_Financial_Data,259770,CSRF,1,1,1,1,1
APP_NLIU_4954,Rule_3_iii_v_Health_Medical_Records,558616,CSRF,1,1,1,1,0
APP_NLIU_4955,Rule_3_ii_Financial_Data,869144,SSRF,1,0,1,1,1
APP_NLIU_4956,Rule_3_iii_v_Health_Medical_Records,57832,CSRF,1,1,1,1,0
APP_NLIU_4957,Rule_3_ii_Financial_Data,1096347,None,0,1,1,1,1
APP_NLIU_4958,Rule_3_iii_v_Health_Medical_Records,102421,None,1,0,1,0,1
APP_NLIU_4959,Rule_3_i_Passwords,1231163,Exception_Handling_Failure,1,0,1,1,0
APP_NLIU_4960,Rule_3_iii_v_Health_Medical_Records,593826,SSRF,1,1,1,0,1
APP_NLIU_4961,Rule_3_iii_v_Health_Medical_Records,1525770,XSS,0,1,1,0,1
APP_NLIU_4962,Rule_3_ii_Financial_Data,1355871,XSS,1,1,1,1,0
APP_NLIU_4963,Rule_3_ii_Financial_Data,1710565,XSS,1,0,1,1,0
APP_NLIU_4964,Rule_3_iii_v_Health_Medical_Records,1399183,XSS,1,1,1,1,1
APP_NLIU_4965,Rule_3_ii_Financial_Data,1674717,XSS,1,1,1,1,1
APP_NLIU_4966,Rule_3_ii_Financial_Data,1667296,XSS,0,1,1,1,0
APP_NLIU_4967,Multi_Category_SPDI,295299,None,1,0,0,1,0
APP_NLIU_4968,Rule_3_iii_v_Health_Medical_Records,780817,SQL_Injection,1,1,0,1,1
APP_NLIU_4969,Multi_Category_SPDI,154360,None,1,0,1,1,0
APP_NLIU_4970,Rule_3_ii_Financial_Data,1366308,SQL_Injection,1,0,1,0,1
APP_NLIU_4971,Rule_3_ii_Financial_Data,223023,SQL_Injection,0,1,1,1,1
APP_NLIU_4972,Multi_Category_SPDI,696445,None,1,1,1,1,0
APP_NLIU_4973,Rule_3_iii_v_Health_Medical_Records,1048904,None,0,1,1,0,1
APP_NLIU_4974,Rule_3_iii_v_Health_Medical_Records,540539,SQL_Injection,1,0,1,1,1
APP_NLIU_4975,Rule_3_ii_Financial_Data,1155996,XSS,0,1,1,1,1
APP_NLIU_4976,Rule_3_ii_Financial_Data,1734510,SSRF,1,1,1,1,1
APP_NLIU_4977,Rule_3_i_Passwords,276767,XSS,1,1,0,0,1
APP_NLIU_4978,Rule_3_ii_Financial_Data,222544,None,1,0,1,1,0
APP_NLIU_4979,Rule_3_i_Passwords,1370435,None,1,0,1,0,1
APP_NLIU_4980,Rule_3_i_Passwords,273267,Exception_Handling_Failure,1,0,1,1,0
APP_NLIU_4981,Multi_Category_SPDI,1318781,CSRF,1,1,1,1,1
APP_NLIU_4982,Rule_3_ii_Financial_Data,1159969,Exception_Handling_Failure,1,1,1,0,1
APP_NLIU_4983,Rule_3_iii_v_Health_Medical_Records,783504,CSRF,1,1,1,1,1
APP_NLIU_4984,Rule_3_vi_Biometric_Information,893467,None,0,1,1,1,1
APP_NLIU_4985,Rule_3_iii_v_Health_Medical_Records,1354815,None,1,1,1,1,1
APP_NLIU_4986,Rule_3_i_Passwords,195690,XSS,1,1,1,0,0
APP_NLIU_4987,Rule_3_iii_v_Health_Medical_Records,950955,CSRF,0,1,1,1,0
APP_NLIU_4988,Rule_3_iii_v_Health_Medical_Records,873329,CSRF,0,0,1,1,0
APP_NLIU_4989,Rule_3_iii_v_Health_Medical_Records,1659307,SQL_Injection,1,1,1,0,0
APP_NLIU_4990,Rule_3_vi_Biometric_Information,385149,None,1,1,1,1,0
APP_NLIU_4991,Multi_Category_SPDI,1874822,XSS,0,1,1,1,1
APP_NLIU_4992,Rule_3_iii_v_Health_Medical_Records,1564624,CSRF,1,0,1,0,1
APP_NLIU_4993,Rule_3_ii_Financial_Data,90141,XSS,1,0,1,1,1
APP_NLIU_4994,Rule_3_iii_v_Health_Medical_Records,496008,None,0,1,0,1,1
APP_NLIU_4995,Rule_3_i_Passwords,737228,SQL_Injection,0,0,1,1,1
APP_NLIU_4996,Multi_Category_SPDI,1746768,None,1,1,0,1,0
APP_NLIU_4997,Rule_3_i_Passwords,1017516,None,1,0,1,1,1
APP_NLIU_4998,Rule_3_ii_Financial_Data,1718381,None,1,0,1,1,0
APP_NLIU_4999,Rule_3_vi_Biometric_Information,1218138,CSRF,1,0,1,1,1
APP_NLIU_5000,Rule_3_iii_v_Health_Medical_Records,1607631,SSRF,0,0,1,1,0
