App_ID,SPDI_Category,SPDI_Records_Exposed,Primary_Vulnerability,Rule_8_ISO27001_Audited,Rule_8_Encryption_Active,Rule_5_Explicit_Consent,Rule_5_Grievance_Mechanism,BCP_IR_Plan_Tested,Operational_Loss_INR,Statutory_Fine_INR,Total_Liability_INR,Penalty_Mitigation_Percentage,Insurance_Readiness_Score
APP_NLIU_0001,Rule_3_ii_Financial_Data,458814,CSRF,0,1,0,0,1,1101153600.0,172055250.0,1273208850.0,25.0,45.0
APP_NLIU_0002,Multi_Category_SPDI,1691051,XSS,1,1,1,1,0,3720312200.0000005,169105099.99999997,3889417300.0000005,80.0,80.0
APP_NLIU_0003,Rule_3_iii_v_Health_Medical_Records,901881,,0,1,1,1,0,1803762000.0,270564300.0,2074326300.0,40.0,40.0
APP_NLIU_0004,Rule_3_iii_v_Health_Medical_Records,1605548,CSRF,0,1,1,0,1,3853315200.0,602080500.0,4455395700.0,25.0,45.0
APP_NLIU_0005,Rule_3_i_Passwords,1646455,,0,0,0,1,0,3292910000.0,823227500.0,4116137500.0,0.0,0.0
APP_NLIU_0006,Rule_3_i_Passwords,1435541,SQL_Injection,0,1,1,1,1,4306623000.0,430662300.0,4737285300.0,40.0,60.0
APP_NLIU_0007,Rule_3_i_Passwords,738082,,1,0,1,1,1,1476164000.0,166068449.99999997,1642232450.0,55.00000000000001,75.0
APP_NLIU_0008,Multi_Category_SPDI,269826,,0,0,0,1,0,539652000.0,134913000.0,674565000.0,0.0,0.0
APP_NLIU_0009,Rule_3_iii_v_Health_Medical_Records,1164762,SSRF,1,1,1,1,1,3261333600.0,116476199.99999997,3377809800.0,80.0,100.0
APP_NLIU_0010,Rule_3_iii_v_Health_Medical_Records,772469,XSS,1,0,0,1,1,1699431800.0000002,231740700.0,1931172500.0000002,40.0,60.0
APP_NLIU_0011,Rule_3_i_Passwords,1599696,SSRF,1,1,1,1,0,4479148800.0,159969599.99999997,4639118400.0,80.0,80.0
APP_NLIU_0012,Multi_Category_SPDI,1594861,,0,0,1,1,1,3189722000.0,677815925.0,3867537925.0,15.0,35.0
APP_NLIU_0013,Rule_3_vi_Biometric_Information,1350360,XSS,0,0,1,0,0,2970792000.0000005,675180000.0,3645972000.0000005,0.0,0.0
APP_NLIU_0014,Rule_3_ii_Financial_Data,1523674,Exception_Handling_Failure,0,1,1,1,1,4113919800.0000005,457102200.0,4571022000.0,40.0,60.0
APP_NLIU_0015,Rule_3_i_Passwords,1094067,SSRF,0,0,1,1,1,3063387600.0,464978475.0,3528366075.0,15.0,35.0
APP_NLIU_0016,Rule_3_i_Passwords,1116619,SSRF,1,0,1,0,1,3126533200.0,334985700.0,3461518900.0,40.0,60.0
APP_NLIU_0017,Rule_3_ii_Financial_Data,903607,SQL_Injection,0,1,1,1,0,2710821000.0,271082100.0,2981903100.0,40.0,40.0
APP_NLIU_0018,Rule_3_iii_v_Health_Medical_Records,1182144,CSRF,0,0,1,1,0,2837145600.0,502411200.0,3339556800.0,15.0,15.0
APP_NLIU_0019,Rule_3_ii_Financial_Data,1429970,XSS,1,0,1,0,1,3145934000.0000005,428991000.0,3574925000.0000005,40.0,60.0
APP_NLIU_0020,Rule_3_ii_Financial_Data,1650589,,1,1,1,0,1,3301178000.0,288853075.0,3590031075.0,65.0,85.0
APP_NLIU_0021,Rule_3_iii_v_Health_Medical_Records,133131,Exception_Handling_Failure,0,0,1,0,1,359453700.0,66565500.0,426019200.0,0.0,20.0
APP_NLIU_0022,Rule_3_i_Passwords,1099096,XSS,0,1,1,1,1,2418011200.0,329728800.0,2747740000.0,40.0,60.0
APP_NLIU_0023,Rule_3_ii_Financial_Data,330063,,0,0,1,1,1,660126000.0,140276775.0,800402775.0,15.0,35.0
APP_NLIU_0024,Rule_3_ii_Financial_Data,639157,,1,0,1,1,0,1278314000.0,143810325.0,1422124325.0,55.00000000000001,55.00000000000001
APP_NLIU_0025,Rule_3_ii_Financial_Data,593730,,1,1,0,1,1,1187460000.0,103902750.0,1291362750.0,65.0,85.0
APP_NLIU_0026,Rule_3_vi_Biometric_Information,1838889,XSS,1,1,1,1,1,4045555800.0000005,183888899.99999997,4229444700.0000005,80.0,100.0
APP_NLIU_0027,Rule_3_i_Passwords,1206418,CSRF,1,0,0,1,0,2895403200.0,361925400.0,3257328600.0,40.0,40.0
APP_NLIU_0028,Rule_3_iii_v_Health_Medical_Records,372390,SQL_Injection,1,1,1,1,1,1117170000.0,37238999.99999999,1154409000.0,80.0,100.0
APP_NLIU_0029,Rule_3_iii_v_Health_Medical_Records,1756434,,0,0,0,1,1,3512868000.0,878217000.0,4391085000.0,0.0,20.0
APP_NLIU_0030,Rule_3_i_Passwords,1425407,SQL_Injection,1,0,0,1,0,4276221000.0,427622100.0,4703843100.0,40.0,40.0
APP_NLIU_0031,Rule_3_iii_v_Health_Medical_Records,527485,CSRF,1,1,0,1,0,1265964000.0,92309875.0,1358273875.0,65.0,65.0
APP_NLIU_0032,Rule_3_i_Passwords,652735,XSS,1,0,1,1,1,1436017000.0,146865375.0,1582882375.0,55.00000000000001,75.0
APP_NLIU_0033,Rule_3_i_Passwords,1639341,XSS,1,1,0,1,0,3606550200.0000005,286884675.0,3893434875.0000005,65.0,65.0
APP_NLIU_0034,Multi_Category_SPDI,529532,Exception_Handling_Failure,1,0,1,1,1,1429736400.0,119144699.99999999,1548881100.0,55.00000000000001,75.0
APP_NLIU_0035,Multi_Category_SPDI,955292,SSRF,1,1,1,1,1,2674817600.0,95529199.99999999,2770346800.0,80.0,100.0
APP_NLIU_0036,Rule_3_vi_Biometric_Information,1017845,CSRF,0,1,1,0,0,2442828000.0,381691875.0,2824519875.0,25.0,25.0
APP_NLIU_0037,Rule_3_ii_Financial_Data,1919461,Exception_Handling_Failure,1,1,0,0,1,5182544700.0,335905675.0,5518450375.0,65.0,85.0
APP_NLIU_0038,Rule_3_i_Passwords,455953,,0,0,1,1,0,911906000.0,193780025.0,1105686025.0,15.0,15.0
APP_NLIU_0039,Rule_3_iii_v_Health_Medical_Records,1231137,,1,1,1,1,0,2462274000.0,123113699.99999997,2585387700.0,80.0,80.0
APP_NLIU_0040,Rule_3_ii_Financial_Data,919394,,0,1,0,1,0,1838788000.0,344772750.0,2183560750.0,25.0,25.0
APP_NLIU_0041,Rule_3_i_Passwords,862735,,1,1,1,1,1,1725470000.0,86273499.99999999,1811743500.0,80.0,100.0
APP_NLIU_0042,Rule_3_ii_Financial_Data,1344110,XSS,1,1,1,1,0,2957042000.0000005,134410999.99999997,3091453000.0000005,80.0,80.0
APP_NLIU_0043,Rule_3_i_Passwords,539535,SSRF,1,1,1,1,0,1510698000.0,53953499.999999985,1564651500.0,80.0,80.0
APP_NLIU_0044,Multi_Category_SPDI,1253699,Exception_Handling_Failure,1,1,0,1,1,3384987300.0,219397325.0,3604384625.0,65.0,85.0
APP_NLIU_0045,Rule_3_ii_Financial_Data,1768655,Exception_Handling_Failure,1,1,1,1,1,4775368500.0,176865499.99999997,4952234000.0,80.0,100.0
APP_NLIU_0046,Rule_3_iii_v_Health_Medical_Records,1481470,Exception_Handling_Failure,1,1,1,1,0,3999969000.0000005,148146999.99999997,4148116000.0000005,80.0,80.0
APP_NLIU_0047,Rule_3_ii_Financial_Data,1045673,XSS,0,1,1,1,0,2300480600.0,313701900.0,2614182500.0,40.0,40.0
APP_NLIU_0048,Rule_3_iii_v_Health_Medical_Records,486018,XSS,1,0,1,1,1,1069239600.0000001,109354049.99999999,1178593650.0,55.00000000000001,75.0
APP_NLIU_0049,Rule_3_iii_v_Health_Medical_Records,1260934,CSRF,0,1,1,1,1,3026241600.0,378280200.0,3404521800.0,40.0,60.0
APP_NLIU_0050,Rule_3_i_Passwords,821015,XSS,0,1,1,1,1,1806233000.0000002,246304500.0,2052537500.0000002,40.0,60.0
APP_NLIU_0051,Multi_Category_SPDI,521456,SSRF,0,1,1,1,0,1460076800.0,156436800.0,1616513600.0,40.0,40.0
APP_NLIU_0052,Rule_3_vi_Biometric_Information,1192724,,1,0,1,1,0,2385448000.0,268362899.99999997,2653810900.0,55.00000000000001,55.00000000000001
APP_NLIU_0053,Multi_Category_SPDI,940510,SSRF,1,1,1,1,1,2633428000.0,94050999.99999999,2727479000.0,80.0,100.0
APP_NLIU_0054,Multi_Category_SPDI,1199699,SQL_Injection,0,1,1,1,1,3599097000.0,359909700.0,3959006700.0,40.0,60.0
APP_NLIU_0055,Rule_3_iii_v_Health_Medical_Records,402530,XSS,1,1,1,1,1,885566000.0000001,40252999.99999999,925819000.0000001,80.0,100.0
APP_NLIU_0056,Multi_Category_SPDI,557958,Exception_Handling_Failure,1,1,1,1,1,1506486600.0,55795799.999999985,1562282400.0,80.0,100.0
APP_NLIU_0057,Rule_3_i_Passwords,1547549,XSS,1,1,1,1,1,3404607800.0000005,154754899.99999997,3559362700.0000005,80.0,100.0
APP_NLIU_0058,Rule_3_i_Passwords,990055,CSRF,1,1,1,0,0,2376132000.0,173259625.0,2549391625.0,65.0,65.0
APP_NLIU_0059,Rule_3_i_Passwords,1964928,XSS,0,0,1,0,1,4322841600.0,982464000.0,5305305600.0,0.0,20.0
APP_NLIU_0060,Rule_3_ii_Financial_Data,1063812,CSRF,1,0,1,0,0,2553148800.0,319143600.0,2872292400.0,40.0,40.0
APP_NLIU_0061,Rule_3_ii_Financial_Data,40568,,0,0,1,0,1,81136000.0,20284000.0,101420000.0,0.0,20.0
APP_NLIU_0062,Rule_3_ii_Financial_Data,1685191,,1,0,1,1,1,3370382000.0,379167974.99999994,3749549975.0,55.00000000000001,75.0
APP_NLIU_0063,Rule_3_vi_Biometric_Information,260745,XSS,1,1,0,1,1,573639000.0,45630375.0,619269375.0,65.0,85.0
APP_NLIU_0064,Rule_3_ii_Financial_Data,377332,CSRF,1,1,1,1,0,905596800.0,37733199.99999999,943330000.0,80.0,80.0
APP_NLIU_0065,Rule_3_ii_Financial_Data,490119,,0,1,1,0,0,980238000.0,183794625.0,1164032625.0,25.0,25.0
APP_NLIU_0066,Rule_3_iii_v_Health_Medical_Records,283496,SQL_Injection,0,1,1,1,0,850488000.0,85048800.0,935536800.0,40.0,40.0
APP_NLIU_0067,Rule_3_i_Passwords,1703585,XSS,0,1,0,1,0,3747887000.0000005,638844375.0,4386731375.0,25.0,25.0
APP_NLIU_0068,Rule_3_vi_Biometric_Information,264291,CSRF,1,1,1,1,1,634298400.0,26429099.999999993,660727500.0,80.0,100.0
APP_NLIU_0069,Rule_3_i_Passwords,443866,,0,1,1,0,1,887732000.0,166449750.0,1054181750.0,25.0,45.0
APP_NLIU_0070,Multi_Category_SPDI,408562,SQL_Injection,1,0,0,1,1,1225686000.0,122568600.0,1348254600.0,40.0,60.0
APP_NLIU_0071,Rule_3_vi_Biometric_Information,685516,XSS,0,1,1,1,0,1508135200.0000002,205654800.0,1713790000.0000002,40.0,40.0
APP_NLIU_0072,Rule_3_i_Passwords,60904,,1,0,1,0,0,121808000.0,18271200.0,140079200.0,40.0,40.0
APP_NLIU_0073,Rule_3_i_Passwords,1985115,XSS,0,1,1,1,0,4367253000.0,595534500.0,4962787500.0,40.0,40.0
APP_NLIU_0074,Rule_3_vi_Biometric_Information,913573,SQL_Injection,0,1,1,1,0,2740719000.0,274071900.0,3014790900.0,40.0,40.0
APP_NLIU_0075,Rule_3_iii_v_Health_Medical_Records,283252,,1,1,1,1,1,566504000.0,28325199.999999993,594829200.0,80.0,100.0
APP_NLIU_0076,Rule_3_iii_v_Health_Medical_Records,527247,XSS,1,0,1,1,1,1159943400.0,118630574.99999999,1278573975.0,55.00000000000001,75.0
APP_NLIU_0077,Rule_3_vi_Biometric_Information,794285,Exception_Handling_Failure,1,1,1,1,1,2144569500.0000002,79428499.99999999,2223998000.0,80.0,100.0
APP_NLIU_0078,Rule_3_i_Passwords,351300,SSRF,0,1,0,1,1,983639999.9999999,131737500.0,1115377500.0,25.0,45.0
APP_NLIU_0079,Rule_3_ii_Financial_Data,271320,XSS,1,0,0,0,1,596904000.0,81396000.0,678300000.0,40.0,60.0
APP_NLIU_0080,Rule_3_i_Passwords,629747,XSS,1,0,1,1,0,1385443400.0,141693075.0,1527136475.0,55.00000000000001,55.00000000000001
APP_NLIU_0081,Multi_Category_SPDI,1472712,SQL_Injection,0,1,1,1,0,4418136000.0,441813600.0,4859949600.0,40.0,40.0
APP_NLIU_0082,Rule_3_iii_v_Health_Medical_Records,1239498,SQL_Injection,1,0,1,1,1,3718494000.0,278887050.0,3997381050.0,55.00000000000001,75.0
APP_NLIU_0083,Rule_3_ii_Financial_Data,1191477,,1,1,1,1,1,2382954000.0,119147699.99999997,2502101700.0,80.0,100.0
APP_NLIU_0084,Rule_3_i_Passwords,128225,SSRF,0,1,0,1,1,359030000.0,48084375.0,407114375.0,25.0,45.0
APP_NLIU_0085,Rule_3_ii_Financial_Data,498406,SSRF,1,1,1,1,0,1395536800.0,49840599.99999999,1445377400.0,80.0,80.0
APP_NLIU_0086,Rule_3_ii_Financial_Data,1813711,XSS,1,0,0,1,1,3990164200.0000005,544113300.0,4534277500.0,40.0,60.0
APP_NLIU_0087,Rule_3_iii_v_Health_Medical_Records,226738,,0,1,1,1,0,453476000.0,68021400.0,521497400.0,40.0,40.0
APP_NLIU_0088,Rule_3_iii_v_Health_Medical_Records,909890,SQL_Injection,1,1,0,1,0,2729670000.0,159230750.0,2888900750.0,65.0,65.0
APP_NLIU_0089,Multi_Category_SPDI,1688757,XSS,0,0,1,0,1,3715265400.0000005,844378500.0,4559643900.0,0.0,20.0
APP_NLIU_0090,Rule_3_ii_Financial_Data,865359,SQL_Injection,1,0,0,1,0,2596077000.0,259607700.0,2855684700.0,40.0,40.0
APP_NLIU_0091,Rule_3_i_Passwords,483076,SQL_Injection,1,0,1,1,1,1449228000.0,108692099.99999999,1557920100.0,55.00000000000001,75.0
APP_NLIU_0092,Rule_3_iii_v_Health_Medical_Records,1958186,SQL_Injection,0,1,1,1,0,5874558000.0,587455800.0,6462013800.0,40.0,40.0
APP_NLIU_0093,Rule_3_vi_Biometric_Information,247726,,0,1,0,1,1,495452000.0,92897250.0,588349250.0,25.0,45.0
APP_NLIU_0094,Rule_3_iii_v_Health_Medical_Records,1356387,SQL_Injection,0,0,1,1,0,4069161000.0,576464475.0,4645625475.0,15.0,15.0
APP_NLIU_0095,Rule_3_vi_Biometric_Information,726202,SQL_Injection,1,1,0,1,0,2178606000.0,127085349.99999999,2305691350.0,65.0,65.0
APP_NLIU_0096,Rule_3_ii_Financial_Data,1482635,XSS,1,1,1,1,1,3261797000.0000005,148263499.99999997,3410060500.0000005,80.0,100.0
APP_NLIU_0097,Rule_3_iii_v_Health_Medical_Records,711168,,0,1,1,1,0,1422336000.0,213350400.0,1635686400.0,40.0,40.0
APP_NLIU_0098,Rule_3_ii_Financial_Data,1477335,CSRF,0,1,1,0,0,3545604000.0,554000625.0,4099604625.0,25.0,25.0
APP_NLIU_0099,Rule_3_i_Passwords,470996,XSS,0,0,0,1,1,1036191200.0000001,235498000.0,1271689200.0,0.0,20.0
APP_NLIU_0100,Rule_3_i_Passwords,1060187,SQL_Injection,0,0,1,1,1,3180561000.0,450579475.0,3631140475.0,15.0,35.0
APP_NLIU_0101,Rule_3_i_Passwords,1403962,XSS,1,1,1,1,0,3088716400.0000005,140396199.99999997,3229112600.0000005,80.0,80.0
APP_NLIU_0102,Rule_3_iii_v_Health_Medical_Records,1924620,XSS,1,0,1,1,0,4234164000.0000005,433039499.99999994,4667203500.0,55.00000000000001,55.00000000000001
APP_NLIU_0103,Rule_3_ii_Financial_Data,1886910,XSS,1,1,1,1,1,4151202000.0000005,188690999.99999997,4339893000.0,80.0,100.0
APP_NLIU_0104,Rule_3_iii_v_Health_Medical_Records,776812,CSRF,1,1,0,1,1,1864348800.0,135942100.0,2000290900.0,65.0,85.0
APP_NLIU_0105,Multi_Category_SPDI,1348763,CSRF,1,1,1,1,1,3237031200.0,134876299.99999997,3371907500.0,80.0,100.0
APP_NLIU_0106,Rule_3_ii_Financial_Data,141343,SQL_Injection,1,1,1,1,0,424029000.0,14134299.999999996,438163300.0,80.0,80.0
APP_NLIU_0107,Rule_3_ii_Financial_Data,864299,CSRF,1,1,1,1,1,2074317600.0,86429899.99999999,2160747500.0,80.0,100.0
APP_NLIU_0108,Rule_3_vi_Biometric_Information,344233,SQL_Injection,1,1,0,0,0,1032699000.0,60240774.99999999,1092939775.0,65.0,65.0
APP_NLIU_0109,Rule_3_ii_Financial_Data,850177,,0,1,1,1,0,1700354000.0,255053100.0,1955407100.0,40.0,40.0
APP_NLIU_0110,Rule_3_i_Passwords,1543668,,0,1,1,1,0,3087336000.0,463100400.0,3550436400.0,40.0,40.0
APP_NLIU_0111,Rule_3_ii_Financial_Data,984581,,0,1,1,1,0,1969162000.0,295374300.0,2264536300.0,40.0,40.0
APP_NLIU_0112,Rule_3_i_Passwords,1243767,,1,1,1,1,1,2487534000.0,124376699.99999997,2611910700.0,80.0,100.0
APP_NLIU_0113,Multi_Category_SPDI,1720509,Exception_Handling_Failure,1,0,1,0,0,4645374300.0,516152700.0,5161527000.0,40.0,40.0
APP_NLIU_0114,Rule_3_vi_Biometric_Information,1730345,,1,0,1,1,1,3460690000.0,389327624.99999994,3850017625.0,55.00000000000001,75.0
APP_NLIU_0115,Rule_3_iii_v_Health_Medical_Records,877402,CSRF,1,1,0,1,1,2105764800.0,153545350.0,2259310150.0,65.0,85.0
APP_NLIU_0116,Multi_Category_SPDI,1340184,Exception_Handling_Failure,1,1,1,1,0,3618496800.0,134018399.99999997,3752515200.0,80.0,80.0
APP_NLIU_0117,Rule_3_vi_Biometric_Information,1302796,XSS,0,1,0,1,1,2866151200.0,488548500.0,3354699700.0,25.0,45.0
APP_NLIU_0118,Rule_3_i_Passwords,1489632,XSS,0,1,1,1,1,3277190400.0000005,446889600.0,3724080000.0000005,40.0,60.0
APP_NLIU_0119,Multi_Category_SPDI,971289,,0,0,1,1,1,1942578000.0,412797825.0,2355375825.0,15.0,35.0
APP_NLIU_0120,Rule_3_iii_v_Health_Medical_Records,647811,CSRF,0,1,1,1,0,1554746400.0,194343300.0,1749089700.0,40.0,40.0
APP_NLIU_0121,Rule_3_vi_Biometric_Information,1598526,CSRF,1,1,1,0,0,3836462400.0,279742050.0,4116204450.0,65.0,65.0
APP_NLIU_0122,Multi_Category_SPDI,809660,,1,1,0,1,0,1619320000.0,141690500.0,1761010500.0,65.0,65.0
APP_NLIU_0123,Rule_3_ii_Financial_Data,590009,SQL_Injection,1,1,1,1,1,1770027000.0,59000899.999999985,1829027900.0,80.0,100.0
APP_NLIU_0124,Rule_3_i_Passwords,667746,XSS,1,1,0,0,0,1469041200.0,116855550.0,1585896750.0,65.0,65.0
APP_NLIU_0125,Rule_3_ii_Financial_Data,798294,,1,1,1,1,1,1596588000.0,79829399.99999999,1676417400.0,80.0,100.0
APP_NLIU_0126,Rule_3_ii_Financial_Data,569396,Exception_Handling_Failure,1,1,1,1,0,1537369200.0,56939599.999999985,1594308800.0,80.0,80.0
APP_NLIU_0127,Rule_3_vi_Biometric_Information,96788,XSS,1,1,1,0,1,212933600.00000003,16937900.0,229871500.00000003,65.0,85.0
APP_NLIU_0128,Multi_Category_SPDI,473239,SSRF,1,1,1,1,0,1325069200.0,47323899.99999999,1372393100.0,80.0,80.0
APP_NLIU_0129,Rule_3_i_Passwords,249437,CSRF,1,0,1,0,0,598648800.0,74831100.0,673479900.0,40.0,40.0
APP_NLIU_0130,Rule_3_iii_v_Health_Medical_Records,1814875,,1,1,1,1,0,3629750000.0,181487499.99999997,3811237500.0,80.0,80.0
APP_NLIU_0131,Rule_3_ii_Financial_Data,871572,XSS,1,1,0,1,1,1917458400.0000002,152525100.0,2069983500.0000002,65.0,85.0
APP_NLIU_0132,Rule_3_ii_Financial_Data,1005467,XSS,0,1,1,0,1,2212027400.0,377050125.0,2589077525.0,25.0,45.0
APP_NLIU_0133,Rule_3_i_Passwords,687561,SQL_Injection,1,1,1,1,1,2062683000.0,68756099.99999999,2131439100.0,80.0,100.0
APP_NLIU_0134,Rule_3_ii_Financial_Data,1908586,SQL_Injection,1,1,1,1,0,5725758000.0,190858599.99999997,5916616600.0,80.0,80.0
APP_NLIU_0135,Multi_Category_SPDI,54966,,0,1,1,1,1,109932000.0,16489800.0,126421800.0,40.0,60.0
APP_NLIU_0136,Rule_3_ii_Financial_Data,190846,CSRF,1,1,1,1,1,458030400.0,19084599.999999996,477115000.0,80.0,100.0
APP_NLIU_0137,Rule_3_iii_v_Health_Medical_Records,1326106,Exception_Handling_Failure,0,1,1,1,0,3580486200.0,397831800.0,3978318000.0,40.0,40.0
APP_NLIU_0138,Rule_3_iii_v_Health_Medical_Records,606516,SQL_Injection,0,0,1,1,0,1819548000.0,257769300.0,2077317300.0,15.0,15.0
APP_NLIU_0139,Rule_3_ii_Financial_Data,1044524,Exception_Handling_Failure,0,1,1,1,0,2820214800.0,313357200.0,3133572000.0,40.0,40.0
APP_NLIU_0140,Multi_Category_SPDI,1199873,,1,0,1,1,0,2399746000.0,269971425.0,2669717425.0,55.00000000000001,55.00000000000001
APP_NLIU_0141,Multi_Category_SPDI,1463485,XSS,1,0,1,1,0,3219667000.0000005,329284124.99999994,3548951125.0000005,55.00000000000001,55.00000000000001
APP_NLIU_0142,Rule_3_ii_Financial_Data,1387917,SQL_Injection,1,1,0,1,1,4163751000.0,242885474.99999997,4406636475.0,65.0,85.0
APP_NLIU_0143,Rule_3_ii_Financial_Data,48021,XSS,1,1,0,1,1,105646200.00000001,8403675.0,114049875.00000001,65.0,85.0
APP_NLIU_0144,Rule_3_ii_Financial_Data,386059,,0,0,1,1,0,772118000.0,164075075.0,936193075.0,15.0,15.0
APP_NLIU_0145,Rule_3_ii_Financial_Data,154333,XSS,0,1,1,0,0,339532600.0,57874875.0,397407475.0,25.0,25.0
APP_NLIU_0146,Rule_3_i_Passwords,425594,,0,1,1,1,0,851188000.0,127678200.0,978866200.0,40.0,40.0
APP_NLIU_0147,Rule_3_iii_v_Health_Medical_Records,908606,Exception_Handling_Failure,1,0,1,1,1,2453236200.0,204436349.99999997,2657672550.0,55.00000000000001,75.0
APP_NLIU_0148,Rule_3_iii_v_Health_Medical_Records,781934,,1,1,1,1,0,1563868000.0,78193399.99999999,1642061400.0,80.0,80.0
APP_NLIU_0149,Rule_3_i_Passwords,91755,Exception_Handling_Failure,0,1,1,1,0,247738500.00000003,27526500.0,275265000.0,40.0,40.0
APP_NLIU_0150,Rule_3_ii_Financial_Data,934441,SQL_Injection,0,1,0,1,0,2803323000.0,350415375.0,3153738375.0,25.0,25.0
APP_NLIU_0151,Multi_Category_SPDI,1119906,CSRF,0,1,1,1,1,2687774400.0,335971800.0,3023746200.0,40.0,60.0
APP_NLIU_0152,Rule_3_ii_Financial_Data,707726,SSRF,1,1,1,1,0,1981632799.9999998,70772599.99999999,2052405399.9999998,80.0,80.0
APP_NLIU_0153,Rule_3_i_Passwords,863754,,0,1,1,1,1,1727508000.0,259126200.0,1986634200.0,40.0,60.0
APP_NLIU_0154,Rule_3_ii_Financial_Data,1942326,,0,1,1,1,0,3884652000.0,582697800.0,4467349800.0,40.0,40.0
APP_NLIU_0155,Multi_Category_SPDI,574601,Exception_Handling_Failure,1,1,1,0,0,1551422700.0,100555175.0,1651977875.0,65.0,65.0
APP_NLIU_0156,Rule_3_ii_Financial_Data,239729,CSRF,1,1,1,1,0,575349600.0,23972899.999999996,599322500.0,80.0,80.0
APP_NLIU_0157,Rule_3_iii_v_Health_Medical_Records,762071,SSRF,1,1,1,1,1,2133798799.9999998,76207099.99999999,2210005899.9999995,80.0,100.0
APP_NLIU_0158,Rule_3_vi_Biometric_Information,1342752,,1,0,1,1,0,2685504000.0,302119199.99999994,2987623200.0,55.00000000000001,55.00000000000001
APP_NLIU_0159,Rule_3_ii_Financial_Data,1538755,XSS,1,0,1,1,1,3385261000.0000005,346219874.99999994,3731480875.0000005,55.00000000000001,75.0
APP_NLIU_0160,Rule_3_iii_v_Health_Medical_Records,153430,SSRF,1,1,0,0,0,429604000.0,26850250.0,456454250.0,65.0,65.0
APP_NLIU_0161,Rule_3_ii_Financial_Data,1046431,Exception_Handling_Failure,1,1,0,1,0,2825363700.0,183125425.0,3008489125.0,65.0,65.0
APP_NLIU_0162,Rule_3_iii_v_Health_Medical_Records,1901718,SQL_Injection,0,0,1,0,1,5705154000.0,950859000.0,6656013000.0,0.0,20.0
APP_NLIU_0163,Rule_3_iii_v_Health_Medical_Records,1411046,CSRF,1,1,1,1,0,3386510400.0,141104599.99999997,3527615000.0,80.0,80.0
APP_NLIU_0164,Rule_3_iii_v_Health_Medical_Records,1401877,XSS,1,0,0,0,0,3084129400.0000005,420563100.0,3504692500.0000005,40.0,40.0
APP_NLIU_0165,Rule_3_i_Passwords,447037,SQL_Injection,0,0,0,1,0,1341111000.0,223518500.0,1564629500.0,0.0,0.0
APP_NLIU_0166,Rule_3_vi_Biometric_Information,33365,,1,0,1,1,0,66730000.0,7507124.999999999,74237125.0,55.00000000000001,55.00000000000001
APP_NLIU_0167,Rule_3_ii_Financial_Data,1328909,SSRF,0,1,1,1,0,3720945200.0,398672700.0,4119617900.0,40.0,40.0
APP_NLIU_0168,Rule_3_i_Passwords,1523541,SQL_Injection,1,1,1,1,0,4570623000.0,152354099.99999997,4722977100.0,80.0,80.0
APP_NLIU_0169,Rule_3_i_Passwords,1585112,SSRF,1,0,0,1,0,4438313600.0,475533600.0,4913847200.0,40.0,40.0
APP_NLIU_0170,Rule_3_iii_v_Health_Medical_Records,1057945,,0,1,0,1,1,2115890000.0,396729375.0,2512619375.0,25.0,45.0
APP_NLIU_0171,Rule_3_iii_v_Health_Medical_Records,461979,XSS,1,0,1,0,1,1016353800.0000001,138593700.0,1154947500.0,40.0,60.0
APP_NLIU_0172,Rule_3_i_Passwords,1979130,XSS,1,1,1,1,0,4354086000.0,197912999.99999997,4551999000.0,80.0,80.0
APP_NLIU_0173,Rule_3_iii_v_Health_Medical_Records,1868613,SQL_Injection,1,0,1,0,1,5605839000.0,560583900.0,6166422900.0,40.0,60.0
APP_NLIU_0174,Rule_3_ii_Financial_Data,1889624,SQL_Injection,1,1,1,1,0,5668872000.0,188962399.99999997,5857834400.0,80.0,80.0
APP_NLIU_0175,Rule_3_iii_v_Health_Medical_Records,1501271,XSS,0,1,1,1,1,3302796200.0000005,450381300.0,3753177500.0000005,40.0,60.0
APP_NLIU_0176,Rule_3_i_Passwords,370863,,1,1,1,1,1,741726000.0,37086299.99999999,778812300.0,80.0,100.0
APP_NLIU_0177,Rule_3_iii_v_Health_Medical_Records,1225531,,1,0,0,1,1,2451062000.0,367659300.0,2818721300.0,40.0,60.0
APP_NLIU_0178,Rule_3_ii_Financial_Data,1610919,SQL_Injection,0,0,1,1,1,4832757000.0,684640575.0,5517397575.0,15.0,35.0
APP_NLIU_0179,Multi_Category_SPDI,1777667,XSS,1,1,0,1,0,3910867400.0000005,311091725.0,4221959125.0000005,65.0,65.0
APP_NLIU_0180,Rule_3_i_Passwords,1432400,,1,1,1,0,0,2864800000.0,250669999.99999997,3115470000.0,65.0,65.0
APP_NLIU_0181,Rule_3_ii_Financial_Data,274594,CSRF,1,1,0,1,1,659025600.0,48053950.0,707079550.0,65.0,85.0
APP_NLIU_0182,Rule_3_i_Passwords,1187573,,0,1,0,1,0,2375146000.0,445339875.0,2820485875.0,25.0,25.0
APP_NLIU_0183,Multi_Category_SPDI,478267,SQL_Injection,1,1,1,1,0,1434801000.0,47826699.99999999,1482627700.0,80.0,80.0
APP_NLIU_0184,Multi_Category_SPDI,55272,,1,1,1,0,0,110544000.0,9672600.0,120216600.0,65.0,65.0
APP_NLIU_0185,Rule_3_ii_Financial_Data,1058886,,1,1,1,1,0,2117772000.0,105888599.99999997,2223660600.0,80.0,80.0
APP_NLIU_0186,Rule_3_iii_v_Health_Medical_Records,1085393,,0,0,1,1,1,2170786000.0,461292025.0,2632078025.0,15.0,35.0
APP_NLIU_0187,Rule_3_vi_Biometric_Information,1561926,Exception_Handling_Failure,1,1,1,1,0,4217200200.0000005,156192599.99999997,4373392800.0,80.0,80.0
APP_NLIU_0188,Rule_3_iii_v_Health_Medical_Records,491160,CSRF,1,1,0,1,0,1178784000.0,85953000.0,1264737000.0,65.0,65.0
APP_NLIU_0189,Rule_3_iii_v_Health_Medical_Records,1491320,,0,1,1,1,1,2982640000.0,447396000.0,3430036000.0,40.0,60.0
APP_NLIU_0190,Rule_3_ii_Financial_Data,978283,CSRF,1,0,1,0,0,2347879200.0,293484900.0,2641364100.0,40.0,40.0
APP_NLIU_0191,Rule_3_i_Passwords,745176,CSRF,1,1,0,0,0,1788422400.0,130405799.99999999,1918828200.0,65.0,65.0
APP_NLIU_0192,Multi_Category_SPDI,87641,,0,1,1,1,1,175282000.0,26292300.0,201574300.0,40.0,60.0
APP_NLIU_0193,Multi_Category_SPDI,1793019,,0,1,1,1,0,3586038000.0,537905700.0,4123943700.0,40.0,40.0
APP_NLIU_0194,Rule_3_iii_v_Health_Medical_Records,1785246,,1,0,1,1,1,3570492000.0,401680349.99999994,3972172350.0,55.00000000000001,75.0
APP_NLIU_0195,Rule_3_ii_Financial_Data,1593321,SSRF,1,1,1,0,0,4461298800.0,278831175.0,4740129975.0,65.0,65.0
APP_NLIU_0196,Rule_3_ii_Financial_Data,47311,,0,0,1,1,0,94622000.0,20107175.0,114729175.0,15.0,15.0
APP_NLIU_0197,Rule_3_iii_v_Health_Medical_Records,1975060,,0,1,0,1,0,3950120000.0,740647500.0,4690767500.0,25.0,25.0
APP_NLIU_0198,Multi_Category_SPDI,1205534,SQL_Injection,1,1,1,1,1,3616602000.0,120553399.99999997,3737155400.0,80.0,100.0
APP_NLIU_0199,Multi_Category_SPDI,1523904,CSRF,1,1,1,1,1,3657369600.0,152390399.99999997,3809760000.0,80.0,100.0
APP_NLIU_0200,Rule_3_vi_Biometric_Information,1497669,CSRF,0,1,0,1,1,3594405600.0,561625875.0,4156031475.0,25.0,45.0
APP_NLIU_0201,Rule_3_iii_v_Health_Medical_Records,1701437,CSRF,1,1,1,1,1,4083448800.0,170143699.99999997,4253592500.0,80.0,100.0
APP_NLIU_0202,Rule_3_i_Passwords,364571,,0,1,1,1,0,729142000.0,109371300.0,838513300.0,40.0,40.0
APP_NLIU_0203,Rule_3_i_Passwords,1876189,Exception_Handling_Failure,1,0,0,1,1,5065710300.0,562856700.0,5628567000.0,40.0,60.0
APP_NLIU_0204,Multi_Category_SPDI,1217910,,1,1,0,0,1,2435820000.0,213134250.0,2648954250.0,65.0,85.0
APP_NLIU_0205,Rule_3_iii_v_Health_Medical_Records,1972027,,1,1,1,0,0,3944054000.0,345104725.0,4289158725.0,65.0,65.0
APP_NLIU_0206,Rule_3_i_Passwords,398238,CSRF,0,0,0,1,1,955771200.0,199119000.0,1154890200.0,0.0,20.0
APP_NLIU_0207,Rule_3_i_Passwords,792560,,1,1,1,0,1,1585120000.0,138698000.0,1723818000.0,65.0,85.0
APP_NLIU_0208,Rule_3_iii_v_Health_Medical_Records,1657386,XSS,1,0,0,1,1,3646249200.0000005,497215800.0,4143465000.0000005,40.0,60.0
APP_NLIU_0209,Rule_3_i_Passwords,1216970,,1,0,0,1,0,2433940000.0,365091000.0,2799031000.0,40.0,40.0
APP_NLIU_0210,Rule_3_i_Passwords,53929,SSRF,1,1,0,1,1,151001200.0,9437575.0,160438775.0,65.0,85.0
APP_NLIU_0211,Rule_3_iii_v_Health_Medical_Records,610984,,0,1,1,0,0,1221968000.0,229119000.0,1451087000.0,25.0,25.0
APP_NLIU_0212,Rule_3_iii_v_Health_Medical_Records,382389,SSRF,1,1,0,1,1,1070689199.9999999,66918074.99999999,1137607274.9999998,65.0,85.0
APP_NLIU_0213,Rule_3_iii_v_Health_Medical_Records,801240,CSRF,1,1,0,1,0,1922976000.0,140217000.0,2063193000.0,65.0,65.0
APP_NLIU_0214,Rule_3_ii_Financial_Data,1673012,,1,1,1,0,1,3346024000.0,292777100.0,3638801100.0,65.0,85.0
APP_NLIU_0215,Rule_3_iii_v_Health_Medical_Records,451098,CSRF,1,0,1,1,0,1082635200.0,101497049.99999999,1184132250.0,55.00000000000001,55.00000000000001
APP_NLIU_0216,Rule_3_ii_Financial_Data,813157,Exception_Handling_Failure,1,0,0,1,1,2195523900.0,243947100.0,2439471000.0,40.0,60.0
APP_NLIU_0217,Rule_3_ii_Financial_Data,1388254,XSS,0,1,1,1,0,3054158800.0000005,416476200.0,3470635000.0000005,40.0,40.0
APP_NLIU_0218,Rule_3_iii_v_Health_Medical_Records,1355670,,1,1,0,0,1,2711340000.0,237242249.99999997,2948582250.0,65.0,85.0
APP_NLIU_0219,Rule_3_iii_v_Health_Medical_Records,1797890,SSRF,1,1,1,1,1,5034092000.0,179788999.99999997,5213881000.0,80.0,100.0
APP_NLIU_0220,Rule_3_vi_Biometric_Information,88576,SQL_Injection,1,1,1,1,1,265728000.0,8857599.999999998,274585600.0,80.0,100.0
APP_NLIU_0221,Rule_3_iii_v_Health_Medical_Records,25557,CSRF,1,0,0,1,0,61336800.0,7667100.0,69003900.0,40.0,40.0
APP_NLIU_0222,Rule_3_iii_v_Health_Medical_Records,551113,XSS,1,1,0,1,0,1212448600.0,96444775.0,1308893375.0,65.0,65.0
APP_NLIU_0223,Rule_3_i_Passwords,1324718,SSRF,0,1,1,1,0,3709210400.0,397415400.0,4106625800.0,40.0,40.0
APP_NLIU_0224,Rule_3_ii_Financial_Data,41080,CSRF,0,1,1,0,1,98592000.0,15405000.0,113997000.0,25.0,45.0
APP_NLIU_0225,Rule_3_ii_Financial_Data,1836679,CSRF,0,0,0,1,1,4408029600.0,918339500.0,5326369100.0,0.0,20.0
APP_NLIU_0226,Rule_3_ii_Financial_Data,1242445,SQL_Injection,1,1,0,1,1,3727335000.0,217427875.0,3944762875.0,65.0,85.0
APP_NLIU_0227,Multi_Category_SPDI,1724738,XSS,0,0,1,1,0,3794423600.0000005,733013650.0,4527437250.0,15.0,15.0
APP_NLIU_0228,Rule_3_ii_Financial_Data,1982247,,0,1,1,1,0,3964494000.0,594674100.0,4559168100.0,40.0,40.0
APP_NLIU_0229,Multi_Category_SPDI,498844,SSRF,1,0,0,1,1,1396763200.0,149653200.0,1546416400.0,40.0,60.0
APP_NLIU_0230,Rule_3_iii_v_Health_Medical_Records,1620271,XSS,1,1,1,1,0,3564596200.0000005,162027099.99999997,3726623300.0000005,80.0,80.0
APP_NLIU_0231,Rule_3_vi_Biometric_Information,1173859,Exception_Handling_Failure,1,1,1,1,0,3169419300.0,117385899.99999997,3286805200.0,80.0,80.0
APP_NLIU_0232,Rule_3_iii_v_Health_Medical_Records,18338,XSS,1,1,0,1,0,40343600.0,3209150.0,43552750.0,65.0,65.0
APP_NLIU_0233,Rule_3_iii_v_Health_Medical_Records,605577,,1,1,1,1,0,1211154000.0,60557699.999999985,1271711700.0,80.0,80.0
APP_NLIU_0234,Rule_3_ii_Financial_Data,1518312,XSS,0,0,0,1,0,3340286400.0000005,759156000.0,4099442400.0000005,0.0,0.0
APP_NLIU_0235,Rule_3_i_Passwords,1727831,XSS,1,1,1,1,1,3801228200.0000005,172783099.99999997,3974011300.0000005,80.0,100.0
APP_NLIU_0236,Rule_3_iii_v_Health_Medical_Records,183982,SQL_Injection,1,1,1,0,0,551946000.0,32196849.999999996,584142850.0,65.0,65.0
APP_NLIU_0237,Rule_3_ii_Financial_Data,1971037,Exception_Handling_Failure,1,1,1,1,1,5321799900.0,197103699.99999997,5518903600.0,80.0,100.0
APP_NLIU_0238,Rule_3_i_Passwords,1162943,Exception_Handling_Failure,1,1,1,0,1,3139946100.0,203515025.0,3343461125.0,65.0,85.0
APP_NLIU_0239,Rule_3_iii_v_Health_Medical_Records,333042,SQL_Injection,1,1,1,0,1,999126000.0,58282350.0,1057408350.0,65.0,85.0
APP_NLIU_0240,Rule_3_i_Passwords,925958,CSRF,1,1,1,0,0,2222299200.0,162042650.0,2384341850.0,65.0,65.0
APP_NLIU_0241,Multi_Category_SPDI,1695350,,0,1,1,1,0,3390700000.0,508605000.0,3899305000.0,40.0,40.0
APP_NLIU_0242,Multi_Category_SPDI,1402260,XSS,1,1,1,0,0,3084972000.0000005,245395499.99999997,3330367500.0000005,65.0,65.0
APP_NLIU_0243,Multi_Category_SPDI,1548351,XSS,0,0,1,1,1,3406372200.0000005,658049175.0,4064421375.0000005,15.0,35.0
APP_NLIU_0244,Rule_3_ii_Financial_Data,1792073,,1,0,0,0,1,3584146000.0,537621900.0,4121767900.0,40.0,60.0
APP_NLIU_0245,Rule_3_i_Passwords,448853,,1,0,1,0,1,897706000.0,134655900.0,1032361900.0,40.0,60.0
APP_NLIU_0246,Multi_Category_SPDI,1833919,XSS,1,0,1,1,0,4034621800.0000005,412631774.99999994,4447253575.0,55.00000000000001,55.00000000000001
APP_NLIU_0247,Rule_3_ii_Financial_Data,665709,,1,1,0,1,1,1331418000.0,116499075.0,1447917075.0,65.0,85.0
APP_NLIU_0248,Multi_Category_SPDI,1965424,,1,0,1,1,1,3930848000.0,442220399.99999994,4373068400.0,55.00000000000001,75.0
APP_NLIU_0249,Multi_Category_SPDI,831395,XSS,0,0,1,1,0,1829069000.0000002,353342875.0,2182411875.0,15.0,15.0
APP_NLIU_0250,Multi_Category_SPDI,998087,XSS,0,1,1,0,0,2195791400.0,374282625.0,2570074025.0,25.0,25.0
APP_NLIU_0251,Rule_3_ii_Financial_Data,1454542,CSRF,1,1,1,1,1,3490900800.0,145454199.99999997,3636355000.0,80.0,100.0
APP_NLIU_0252,Rule_3_ii_Financial_Data,362073,,1,1,0,1,0,724146000.0,63362774.99999999,787508775.0,65.0,65.0
APP_NLIU_0253,Multi_Category_SPDI,1731399,Exception_Handling_Failure,1,1,0,1,1,4674777300.0,302994825.0,4977772125.0,65.0,85.0
APP_NLIU_0254,Rule_3_ii_Financial_Data,604223,SQL_Injection,1,0,1,1,0,1812669000.0,135950175.0,1948619175.0,55.00000000000001,55.00000000000001
APP_NLIU_0255,Rule_3_i_Passwords,1767728,,0,0,1,1,0,3535456000.0,751284400.0,4286740400.0,15.0,15.0
APP_NLIU_0256,Rule_3_iii_v_Health_Medical_Records,805118,XSS,0,1,1,0,1,1771259600.0000002,301919250.0,2073178850.0000002,25.0,45.0
APP_NLIU_0257,Multi_Category_SPDI,1553131,SQL_Injection,0,1,0,0,0,4659393000.0,582424125.0,5241817125.0,25.0,25.0
APP_NLIU_0258,Rule_3_iii_v_Health_Medical_Records,1117104,XSS,1,1,1,1,1,2457628800.0,111710399.99999997,2569339200.0,80.0,100.0
APP_NLIU_0259,Rule_3_iii_v_Health_Medical_Records,1677675,XSS,0,1,0,0,1,3690885000.0000005,629128125.0,4320013125.0,25.0,45.0
APP_NLIU_0260,Rule_3_i_Passwords,513907,,0,0,1,1,1,1027814000.0,218410475.0,1246224475.0,15.0,35.0
APP_NLIU_0261,Rule_3_iii_v_Health_Medical_Records,1338507,SSRF,1,1,1,1,1,3747819600.0,133850699.99999997,3881670300.0,80.0,100.0
APP_NLIU_0262,Multi_Category_SPDI,937280,,1,0,0,1,0,1874560000.0,281184000.0,2155744000.0,40.0,40.0
APP_NLIU_0263,Rule_3_i_Passwords,382757,XSS,1,1,1,1,0,842065400.0000001,38275699.99999999,880341100.0000001,80.0,80.0
APP_NLIU_0264,Rule_3_iii_v_Health_Medical_Records,1017567,SQL_Injection,1,1,1,1,1,3052701000.0,101756699.99999997,3154457700.0,80.0,100.0
APP_NLIU_0265,Multi_Category_SPDI,717787,,1,1,1,1,0,1435574000.0,71778699.99999999,1507352700.0,80.0,80.0
APP_NLIU_0266,Rule_3_iii_v_Health_Medical_Records,1838005,XSS,1,1,1,1,0,4043611000.0000005,183800499.99999997,4227411500.0000005,80.0,80.0
APP_NLIU_0267,Rule_3_iii_v_Health_Medical_Records,1158463,CSRF,1,1,0,1,0,2780311200.0,202731025.0,2983042225.0,65.0,65.0
APP_NLIU_0268,Rule_3_iii_v_Health_Medical_Records,1114662,XSS,1,1,0,1,0,2452256400.0,195065850.0,2647322250.0,65.0,65.0
APP_NLIU_0269,Rule_3_ii_Financial_Data,893663,,0,1,1,1,1,1787326000.0,268098900.0,2055424900.0,40.0,60.0
APP_NLIU_0270,Rule_3_ii_Financial_Data,1309070,CSRF,0,1,1,1,0,3141768000.0,392721000.0,3534489000.0,40.0,40.0
APP_NLIU_0271,Rule_3_vi_Biometric_Information,513889,SSRF,0,1,1,1,0,1438889200.0,154166700.0,1593055900.0,40.0,40.0
APP_NLIU_0272,Rule_3_vi_Biometric_Information,1641172,SQL_Injection,1,1,1,0,0,4923516000.0,287205100.0,5210721100.0,65.0,65.0
APP_NLIU_0273,Multi_Category_SPDI,282941,CSRF,0,1,0,1,1,679058400.0,106102875.0,785161275.0,25.0,45.0
APP_NLIU_0274,Multi_Category_SPDI,1321022,,1,0,0,1,1,2642044000.0,396306600.0,3038350600.0,40.0,60.0
APP_NLIU_0275,Rule_3_iii_v_Health_Medical_Records,461388,XSS,0,1,1,0,1,1015053600.0000001,173020500.0,1188074100.0,25.0,45.0
APP_NLIU_0276,Rule_3_iii_v_Health_Medical_Records,567347,SSRF,1,1,1,0,0,1588571600.0,99285725.0,1687857325.0,65.0,65.0
APP_NLIU_0277,Rule_3_vi_Biometric_Information,136980,SSRF,1,1,1,1,0,383544000.0,13697999.999999996,397242000.0,80.0,80.0
APP_NLIU_0278,Rule_3_iii_v_Health_Medical_Records,1769188,CSRF,1,1,1,0,0,4246051200.0,309607900.0,4555659100.0,65.0,65.0
APP_NLIU_0279,Rule_3_iii_v_Health_Medical_Records,1527451,,1,0,1,0,0,3054902000.0,458235300.0,3513137300.0,40.0,40.0
APP_NLIU_0280,Rule_3_vi_Biometric_Information,148949,CSRF,0,0,1,1,1,357477600.0,63303325.0,420780925.0,15.0,35.0
APP_NLIU_0281,Multi_Category_SPDI,281383,,1,1,1,0,0,562766000.0,49242025.0,612008025.0,65.0,65.0
APP_NLIU_0282,Rule_3_ii_Financial_Data,1009475,XSS,0,0,0,0,0,2220845000.0,504737500.0,2725582500.0,0.0,0.0
APP_NLIU_0283,Rule_3_ii_Financial_Data,32313,SSRF,1,0,1,1,1,90476400.0,7270424.999999999,97746825.0,55.00000000000001,75.0
APP_NLIU_0284,Rule_3_i_Passwords,1023394,,1,0,1,1,1,2046788000.0,230263649.99999997,2277051650.0,55.00000000000001,75.0
APP_NLIU_0285,Rule_3_iii_v_Health_Medical_Records,1095679,XSS,0,0,1,1,1,2410493800.0,465663575.0,2876157375.0,15.0,35.0
APP_NLIU_0286,Rule_3_i_Passwords,184480,,1,1,1,1,1,368960000.0,18447999.999999996,387408000.0,80.0,100.0
APP_NLIU_0287,Rule_3_ii_Financial_Data,1530043,,1,1,0,1,0,3060086000.0,267757524.99999997,3327843525.0,65.0,65.0
APP_NLIU_0288,Rule_3_iii_v_Health_Medical_Records,1142347,SQL_Injection,1,1,1,1,0,3427041000.0,114234699.99999997,3541275700.0,80.0,80.0
APP_NLIU_0289,Rule_3_ii_Financial_Data,1179804,SQL_Injection,1,1,0,0,1,3539412000.0,206465700.0,3745877700.0,65.0,85.0
APP_NLIU_0290,Rule_3_iii_v_Health_Medical_Records,96665,,1,0,1,0,0,193330000.0,28999500.0,222329500.0,40.0,40.0
APP_NLIU_0291,Rule_3_i_Passwords,801966,CSRF,1,0,1,1,0,1924718400.0,180442349.99999997,2105160750.0,55.00000000000001,55.00000000000001
APP_NLIU_0292,Rule_3_i_Passwords,1883068,SSRF,1,1,1,1,1,5272590400.0,188306799.99999997,5460897200.0,80.0,100.0
APP_NLIU_0293,Rule_3_vi_Biometric_Information,1857197,SQL_Injection,1,1,0,1,1,5571591000.0,325009475.0,5896600475.0,65.0,85.0
APP_NLIU_0294,Rule_3_ii_Financial_Data,1968439,SQL_Injection,0,0,0,1,0,5905317000.0,984219500.0,6889536500.0,0.0,0.0
APP_NLIU_0295,Rule_3_i_Passwords,1663931,,1,1,1,1,0,3327862000.0,166393099.99999997,3494255100.0,80.0,80.0
APP_NLIU_0296,Rule_3_iii_v_Health_Medical_Records,802399,SQL_Injection,1,1,1,0,1,2407197000.0,140419825.0,2547616825.0,65.0,85.0
APP_NLIU_0297,Rule_3_vi_Biometric_Information,742351,XSS,0,1,1,1,0,1633172200.0000002,222705300.0,1855877500.0000002,40.0,40.0
APP_NLIU_0298,Rule_3_ii_Financial_Data,856995,Exception_Handling_Failure,0,0,1,1,0,2313886500.0,364222875.0,2678109375.0,15.0,15.0
APP_NLIU_0299,Rule_3_iii_v_Health_Medical_Records,275804,XSS,0,1,0,1,1,606768800.0,103426500.0,710195300.0,25.0,45.0
APP_NLIU_0300,Rule_3_i_Passwords,1434391,SQL_Injection,1,0,1,1,0,4303173000.0,322737974.99999994,4625910975.0,55.00000000000001,55.00000000000001
APP_NLIU_0301,Rule_3_i_Passwords,489091,,1,1,1,1,0,978182000.0,48909099.99999999,1027091100.0,80.0,80.0
APP_NLIU_0302,Rule_3_iii_v_Health_Medical_Records,134909,SQL_Injection,1,1,1,1,1,404727000.0,13490899.999999996,418217900.0,80.0,100.0
APP_NLIU_0303,Rule_3_iii_v_Health_Medical_Records,1486615,,1,1,1,1,1,2973230000.0,148661499.99999997,3121891500.0,80.0,100.0
APP_NLIU_0304,Rule_3_iii_v_Health_Medical_Records,454058,,0,0,1,1,1,908116000.0,192974650.0,1101090650.0,15.0,35.0
APP_NLIU_0305,Rule_3_iii_v_Health_Medical_Records,145688,XSS,0,0,1,1,1,320513600.0,61917400.0,382431000.0,15.0,35.0
APP_NLIU_0306,Multi_Category_SPDI,1129552,XSS,1,1,1,1,0,2485014400.0,112955199.99999997,2597969600.0,80.0,80.0
APP_NLIU_0307,Rule_3_iii_v_Health_Medical_Records,1811072,XSS,1,1,1,0,1,3984358400.0000005,316937600.0,4301296000.0,65.0,85.0
APP_NLIU_0308,Rule_3_ii_Financial_Data,1233386,CSRF,0,1,0,0,1,2960126400.0,462519750.0,3422646150.0,25.0,45.0
APP_NLIU_0309,Rule_3_vi_Biometric_Information,1328827,,1,1,1,1,1,2657654000.0,132882699.99999997,2790536700.0,80.0,100.0
APP_NLIU_0310,Rule_3_ii_Financial_Data,1770340,,1,0,1,1,0,3540680000.0,398326499.99999994,3939006500.0,55.00000000000001,55.00000000000001
APP_NLIU_0311,Rule_3_ii_Financial_Data,1672046,CSRF,1,1,1,1,1,4012910400.0,167204599.99999997,4180115000.0,80.0,100.0
APP_NLIU_0312,Rule_3_i_Passwords,1821017,Exception_Handling_Failure,1,0,1,1,1,4916745900.0,409728824.99999994,5326474725.0,55.00000000000001,75.0
APP_NLIU_0313,Rule_3_i_Passwords,883219,,1,0,1,0,1,1766438000.0,264965700.0,2031403700.0,40.0,60.0
APP_NLIU_0314,Multi_Category_SPDI,1855962,,0,1,1,1,0,3711924000.0,556788600.0,4268712600.0,40.0,40.0
APP_NLIU_0315,Rule_3_vi_Biometric_Information,284087,XSS,0,1,0,1,1,624991400.0,106532625.0,731524025.0,25.0,45.0
APP_NLIU_0316,Rule_3_iii_v_Health_Medical_Records,1094301,XSS,1,1,0,1,1,2407462200.0,191502675.0,2598964875.0,65.0,85.0
APP_NLIU_0317,Rule_3_ii_Financial_Data,1885442,CSRF,1,1,1,1,0,4525060800.0,188544199.99999997,4713605000.0,80.0,80.0
APP_NLIU_0318,Rule_3_i_Passwords,1925759,,1,1,1,1,1,3851518000.0,192575899.99999997,4044093900.0,80.0,100.0
APP_NLIU_0319,Rule_3_i_Passwords,539398,SQL_Injection,0,0,1,1,1,1618194000.0,229244150.0,1847438150.0,15.0,35.0
APP_NLIU_0320,Rule_3_ii_Financial_Data,503864,XSS,1,1,0,0,1,1108500800.0,88176200.0,1196677000.0,65.0,85.0
APP_NLIU_0321,Rule_3_iii_v_Health_Medical_Records,1332182,CSRF,0,1,1,0,1,3197236800.0,499568250.0,3696805050.0,25.0,45.0
APP_NLIU_0322,Rule_3_iii_v_Health_Medical_Records,1394952,CSRF,0,1,0,0,1,3347884800.0,523107000.0,3870991800.0,25.0,45.0
APP_NLIU_0323,Rule_3_iii_v_Health_Medical_Records,714441,XSS,0,1,0,1,0,1571770200.0000002,267915375.0,1839685575.0000002,25.0,25.0
APP_NLIU_0324,Rule_3_ii_Financial_Data,451015,,1,1,1,1,1,902030000.0,45101499.99999999,947131500.0,80.0,100.0
APP_NLIU_0325,Multi_Category_SPDI,595855,SQL_Injection,0,1,1,1,1,1787565000.0,178756500.0,1966321500.0,40.0,60.0
APP_NLIU_0326,Rule_3_iii_v_Health_Medical_Records,487517,XSS,0,1,0,1,0,1072537400.0000001,182818875.0,1255356275.0,25.0,25.0
APP_NLIU_0327,Rule_3_iii_v_Health_Medical_Records,1760160,SQL_Injection,1,1,1,1,0,5280480000.0,176015999.99999997,5456496000.0,80.0,80.0
APP_NLIU_0328,Rule_3_iii_v_Health_Medical_Records,1443145,SSRF,1,0,0,1,0,4040805999.9999995,432943500.0,4473749500.0,40.0,40.0
APP_NLIU_0329,Rule_3_ii_Financial_Data,847495,XSS,1,1,0,1,1,1864489000.0000002,148311625.0,2012800625.0000002,65.0,85.0
APP_NLIU_0330,Rule_3_ii_Financial_Data,1166970,XSS,1,0,1,1,1,2567334000.0,262568249.99999997,2829902250.0,55.00000000000001,75.0
APP_NLIU_0331,Rule_3_ii_Financial_Data,1895248,CSRF,1,0,1,1,1,4548595200.0,426430799.99999994,4975026000.0,55.00000000000001,75.0
APP_NLIU_0332,Rule_3_vi_Biometric_Information,1921360,CSRF,0,0,1,1,1,4611264000.0,816578000.0,5427842000.0,15.0,35.0
APP_NLIU_0333,Rule_3_i_Passwords,153940,SQL_Injection,0,0,0,1,1,461820000.0,76970000.0,538790000.0,0.0,20.0
APP_NLIU_0334,Rule_3_i_Passwords,998477,CSRF,1,1,0,1,1,2396344800.0,174733475.0,2571078275.0,65.0,85.0
APP_NLIU_0335,Rule_3_i_Passwords,348133,,0,1,1,1,0,696266000.0,104439900.0,800705900.0,40.0,40.0
APP_NLIU_0336,Rule_3_i_Passwords,1075798,,1,0,1,1,1,2151596000.0,242054549.99999997,2393650550.0,55.00000000000001,75.0
APP_NLIU_0337,Multi_Category_SPDI,84794,CSRF,1,0,1,1,1,203505600.0,19078649.999999996,222584250.0,55.00000000000001,75.0
APP_NLIU_0338,Rule_3_iii_v_Health_Medical_Records,1641788,XSS,1,1,1,1,1,3611933600.0000005,164178799.99999997,3776112400.0000005,80.0,100.0
APP_NLIU_0339,Rule_3_ii_Financial_Data,629142,,1,0,0,1,1,1258284000.0,188742600.0,1447026600.0,40.0,60.0
APP_NLIU_0340,Rule_3_i_Passwords,1918521,SQL_Injection,1,1,1,1,1,5755563000.0,191852099.99999997,5947415100.0,80.0,100.0
APP_NLIU_0341,Rule_3_ii_Financial_Data,789326,,0,0,0,1,0,1578652000.0,394663000.0,1973315000.0,0.0,0.0
APP_NLIU_0342,Rule_3_ii_Financial_Data,846081,,1,0,1,1,0,1692162000.0,190368224.99999997,1882530225.0,55.00000000000001,55.00000000000001
APP_NLIU_0343,Rule_3_i_Passwords,370130,SQL_Injection,0,1,1,1,1,1110390000.0,111039000.0,1221429000.0,40.0,60.0
APP_NLIU_0344,Rule_3_ii_Financial_Data,773103,SSRF,1,1,1,1,0,2164688400.0,77310299.99999999,2241998700.0,80.0,80.0
APP_NLIU_0345,Rule_3_ii_Financial_Data,875181,,1,1,1,1,0,1750362000.0,87518099.99999999,1837880100.0,80.0,80.0
APP_NLIU_0346,Rule_3_iii_v_Health_Medical_Records,238127,XSS,0,0,1,1,0,523879400.00000006,101203975.0,625083375.0,15.0,15.0
APP_NLIU_0347,Rule_3_iii_v_Health_Medical_Records,509434,SQL_Injection,1,1,1,1,0,1528302000.0,50943399.999999985,1579245400.0,80.0,80.0
APP_NLIU_0348,Rule_3_i_Passwords,1194871,CSRF,0,1,1,1,1,2867690400.0,358461300.0,3226151700.0,40.0,60.0
APP_NLIU_0349,Rule_3_ii_Financial_Data,1232814,XSS,0,0,0,1,1,2712190800.0,616407000.0,3328597800.0,0.0,20.0
APP_NLIU_0350,Rule_3_iii_v_Health_Medical_Records,44369,Exception_Handling_Failure,1,0,1,1,1,119796300.00000001,9983024.999999998,129779325.00000001,55.00000000000001,75.0
APP_NLIU_0351,Rule_3_iii_v_Health_Medical_Records,877811,,0,0,1,1,1,1755622000.0,373069675.0,2128691675.0,15.0,35.0
APP_NLIU_0352,Multi_Category_SPDI,1909400,,0,1,1,1,0,3818800000.0,572820000.0,4391620000.0,40.0,40.0
APP_NLIU_0353,Rule_3_iii_v_Health_Medical_Records,1852669,CSRF,1,0,0,1,0,4446405600.0,555800700.0,5002206300.0,40.0,40.0
APP_NLIU_0354,Rule_3_i_Passwords,1724527,XSS,1,1,1,1,1,3793959400.0000005,172452699.99999997,3966412100.0000005,80.0,100.0
APP_NLIU_0355,Rule_3_i_Passwords,338862,XSS,0,0,1,1,0,745496400.0000001,144016350.0,889512750.0000001,15.0,15.0
APP_NLIU_0356,Rule_3_iii_v_Health_Medical_Records,715595,XSS,1,0,0,1,0,1574309000.0000002,214678500.0,1788987500.0000002,40.0,40.0
APP_NLIU_0357,Rule_3_i_Passwords,275114,SSRF,1,0,1,1,1,770319200.0,61900649.99999999,832219850.0,55.00000000000001,75.0
APP_NLIU_0358,Rule_3_iii_v_Health_Medical_Records,52922,,0,1,1,1,0,105844000.0,15876600.0,121720600.0,40.0,40.0
APP_NLIU_0359,Multi_Category_SPDI,1547190,,0,0,0,1,0,3094380000.0,773595000.0,3867975000.0,0.0,0.0
APP_NLIU_0360,Rule_3_iii_v_Health_Medical_Records,822187,XSS,1,1,1,1,0,1808811400.0000002,82218699.99999999,1891030100.0000002,80.0,80.0
APP_NLIU_0361,Rule_3_ii_Financial_Data,1032903,Exception_Handling_Failure,1,1,1,1,1,2788838100.0,103290299.99999997,2892128400.0,80.0,100.0
APP_NLIU_0362,Rule_3_iii_v_Health_Medical_Records,650214,SSRF,1,1,0,1,1,1820599200.0,113787450.0,1934386650.0,65.0,85.0
APP_NLIU_0363,Rule_3_ii_Financial_Data,24416,XSS,0,1,1,1,0,53715200.00000001,7324800.0,61040000.00000001,40.0,40.0
APP_NLIU_0364,Rule_3_iii_v_Health_Medical_Records,18672,Exception_Handling_Failure,1,1,1,1,1,50414400.0,1867199.9999999995,52281600.0,80.0,100.0
APP_NLIU_0365,Multi_Category_SPDI,481684,XSS,1,1,1,1,1,1059704800.0000001,48168399.99999999,1107873200.0,80.0,100.0
APP_NLIU_0366,Rule_3_ii_Financial_Data,133145,,0,1,0,1,1,266290000.0,49929375.0,316219375.0,25.0,45.0
APP_NLIU_0367,Multi_Category_SPDI,707356,Exception_Handling_Failure,0,0,1,1,0,1909861200.0000002,300626300.0,2210487500.0,15.0,15.0
APP_NLIU_0368,Multi_Category_SPDI,1914103,CSRF,1,0,1,1,0,4593847200.0,430673174.99999994,5024520375.0,55.00000000000001,55.00000000000001
APP_NLIU_0369,Rule_3_i_Passwords,5064,,1,1,0,1,0,10128000.0,886200.0,11014200.0,65.0,65.0
APP_NLIU_0370,Rule_3_i_Passwords,73835,SSRF,1,1,0,1,1,206738000.0,12921125.0,219659125.0,65.0,85.0
APP_NLIU_0371,Rule_3_i_Passwords,1255033,CSRF,1,1,1,1,1,3012079200.0,125503299.99999997,3137582500.0,80.0,100.0
APP_NLIU_0372,Rule_3_i_Passwords,1976719,CSRF,1,0,1,1,0,4744125600.0,444761774.99999994,5188887375.0,55.00000000000001,55.00000000000001
APP_NLIU_0373,Rule_3_i_Passwords,1301371,XSS,1,1,1,0,1,2863016200.0,227739925.0,3090756125.0,65.0,85.0
APP_NLIU_0374,Rule_3_iii_v_Health_Medical_Records,1457847,,0,1,1,0,1,2915694000.0,546692625.0,3462386625.0,25.0,45.0
APP_NLIU_0375,Rule_3_i_Passwords,354738,XSS,0,1,1,0,1,780423600.0000001,133026750.0,913450350.0000001,25.0,45.0
APP_NLIU_0376,Rule_3_ii_Financial_Data,646204,,1,1,1,1,1,1292408000.0,64620399.999999985,1357028400.0,80.0,100.0
APP_NLIU_0377,Rule_3_vi_Biometric_Information,1960316,XSS,1,1,1,1,1,4312695200.0,196031599.99999997,4508726800.0,80.0,100.0
APP_NLIU_0378,Rule_3_i_Passwords,1922524,CSRF,1,0,0,1,1,4614057600.0,576757200.0,5190814800.0,40.0,60.0
APP_NLIU_0379,Rule_3_vi_Biometric_Information,856098,,1,1,1,1,0,1712196000.0,85609799.99999999,1797805800.0,80.0,80.0
APP_NLIU_0380,Rule_3_ii_Financial_Data,1248922,SSRF,1,1,1,1,0,3496981600.0,124892199.99999997,3621873800.0,80.0,80.0
APP_NLIU_0381,Rule_3_i_Passwords,909726,SSRF,0,1,0,1,1,2547232800.0,341147250.0,2888380050.0,25.0,45.0
APP_NLIU_0382,Rule_3_iii_v_Health_Medical_Records,1326586,XSS,1,1,1,0,0,2918489200.0,232152550.0,3150641750.0,65.0,65.0
APP_NLIU_0383,Rule_3_iii_v_Health_Medical_Records,1057465,CSRF,1,1,1,1,0,2537916000.0,105746499.99999997,2643662500.0,80.0,80.0
APP_NLIU_0384,Multi_Category_SPDI,1171770,SQL_Injection,0,0,1,1,1,3515310000.0,498002250.0,4013312250.0,15.0,35.0
APP_NLIU_0385,Rule_3_iii_v_Health_Medical_Records,1178290,Exception_Handling_Failure,0,0,1,1,1,3181383000.0,500773250.0,3682156250.0,15.0,35.0
APP_NLIU_0386,Rule_3_vi_Biometric_Information,970730,XSS,1,1,1,0,1,2135606000.0000002,169877750.0,2305483750.0,65.0,85.0
APP_NLIU_0387,Rule_3_ii_Financial_Data,1609199,XSS,1,1,0,0,1,3540237800.0000005,281609825.0,3821847625.0000005,65.0,85.0
APP_NLIU_0388,Rule_3_i_Passwords,1104123,,0,0,1,1,0,2208246000.0,469252275.0,2677498275.0,15.0,15.0
APP_NLIU_0389,Rule_3_vi_Biometric_Information,162234,XSS,0,1,0,1,1,356914800.0,60837750.0,417752550.0,25.0,45.0
APP_NLIU_0390,Rule_3_vi_Biometric_Information,749809,,1,1,0,1,1,1499618000.0,131216574.99999999,1630834575.0,65.0,85.0
APP_NLIU_0391,Multi_Category_SPDI,685047,SQL_Injection,1,0,0,1,1,2055141000.0,205514100.0,2260655100.0,40.0,60.0
APP_NLIU_0392,Rule_3_ii_Financial_Data,1938764,XSS,1,0,1,1,1,4265280800.0000005,436221899.99999994,4701502700.0,55.00000000000001,75.0
APP_NLIU_0393,Rule_3_ii_Financial_Data,278139,,1,0,0,1,1,556278000.0,83441700.0,639719700.0,40.0,60.0
APP_NLIU_0394,Rule_3_vi_Biometric_Information,454704,XSS,1,1,1,1,0,1000348800.0000001,45470399.99999999,1045819200.0000001,80.0,80.0
APP_NLIU_0395,Rule_3_ii_Financial_Data,1056207,,0,1,0,1,0,2112414000.0,396077625.0,2508491625.0,25.0,25.0
APP_NLIU_0396,Multi_Category_SPDI,142039,CSRF,1,1,1,0,0,340893600.0,24856825.0,365750425.0,65.0,65.0
APP_NLIU_0397,Multi_Category_SPDI,879726,SQL_Injection,0,1,1,1,1,2639178000.0,263917800.0,2903095800.0,40.0,60.0
APP_NLIU_0398,Rule_3_ii_Financial_Data,1402998,XSS,1,1,1,1,1,3086595600.0000005,140299799.99999997,3226895400.0000005,80.0,100.0
APP_NLIU_0399,Rule_3_vi_Biometric_Information,593759,CSRF,0,1,1,1,1,1425021600.0,178127700.0,1603149300.0,40.0,60.0
APP_NLIU_0400,Rule_3_vi_Biometric_Information,304260,,1,1,1,0,0,608520000.0,53245500.0,661765500.0,65.0,65.0
APP_NLIU_0401,Rule_3_i_Passwords,1932124,SSRF,0,1,1,1,0,5409947200.0,579637200.0,5989584400.0,40.0,40.0
APP_NLIU_0402,Multi_Category_SPDI,1481019,,1,0,1,1,1,2962038000.0,333229274.99999994,3295267275.0,55.00000000000001,75.0
APP_NLIU_0403,Rule_3_iii_v_Health_Medical_Records,1710878,,0,1,1,1,1,3421756000.0,513263400.0,3935019400.0,40.0,60.0
APP_NLIU_0404,Rule_3_vi_Biometric_Information,576952,SSRF,0,1,0,1,1,1615465600.0,216357000.0,1831822600.0,25.0,45.0
APP_NLIU_0405,Rule_3_ii_Financial_Data,688429,CSRF,0,0,1,1,1,1652229600.0,292582325.0,1944811925.0,15.0,35.0
APP_NLIU_0406,Multi_Category_SPDI,1140918,,1,1,1,1,1,2281836000.0,114091799.99999997,2395927800.0,80.0,100.0
APP_NLIU_0407,Rule_3_ii_Financial_Data,19407,,1,1,1,1,1,38814000.0,1940699.9999999995,40754700.0,80.0,100.0
APP_NLIU_0408,Rule_3_i_Passwords,1167502,XSS,1,1,1,1,0,2568504400.0,116750199.99999997,2685254600.0,80.0,80.0
APP_NLIU_0409,Multi_Category_SPDI,326345,CSRF,1,1,1,0,0,783228000.0,57110375.0,840338375.0,65.0,65.0
APP_NLIU_0410,Rule_3_i_Passwords,871525,XSS,1,0,1,1,0,1917355000.0000002,196093124.99999997,2113448125.0000002,55.00000000000001,55.00000000000001
APP_NLIU_0411,Rule_3_ii_Financial_Data,452564,Exception_Handling_Failure,1,1,0,1,0,1221922800.0,79198700.0,1301121500.0,65.0,65.0
APP_NLIU_0412,Multi_Category_SPDI,1790917,CSRF,1,1,1,0,0,4298200800.0,313410475.0,4611611275.0,65.0,65.0
APP_NLIU_0413,Multi_Category_SPDI,1595742,,1,1,1,1,1,3191484000.0,159574199.99999997,3351058200.0,80.0,100.0
APP_NLIU_0414,Rule_3_iii_v_Health_Medical_Records,88100,SQL_Injection,0,1,0,1,0,264300000.0,33037500.0,297337500.0,25.0,25.0
APP_NLIU_0415,Rule_3_iii_v_Health_Medical_Records,1918637,SQL_Injection,1,1,0,1,0,5755911000.0,335761475.0,6091672475.0,65.0,65.0
APP_NLIU_0416,Rule_3_ii_Financial_Data,1502212,CSRF,0,0,1,1,1,3605308800.0,638440100.0,4243748900.0,15.0,35.0
APP_NLIU_0417,Rule_3_ii_Financial_Data,499308,CSRF,1,1,1,1,0,1198339200.0,49930799.99999999,1248270000.0,80.0,80.0
APP_NLIU_0418,Rule_3_ii_Financial_Data,1276635,CSRF,0,1,1,1,0,3063924000.0,382990500.0,3446914500.0,40.0,40.0
APP_NLIU_0419,Rule_3_iii_v_Health_Medical_Records,1621032,XSS,1,1,1,1,1,3566270400.0000005,162103199.99999997,3728373600.0000005,80.0,100.0
APP_NLIU_0420,Rule_3_vi_Biometric_Information,1303972,CSRF,0,1,1,1,0,3129532800.0,391191600.0,3520724400.0,40.0,40.0
APP_NLIU_0421,Rule_3_vi_Biometric_Information,1828345,SSRF,1,1,0,1,0,5119366000.0,319960375.0,5439326375.0,65.0,65.0
APP_NLIU_0422,Rule_3_vi_Biometric_Information,322006,CSRF,1,1,0,0,0,772814400.0,56351050.0,829165450.0,65.0,65.0
APP_NLIU_0423,Rule_3_i_Passwords,1012126,,0,0,1,1,1,2024252000.0,430153550.0,2454405550.0,15.0,35.0
APP_NLIU_0424,Rule_3_ii_Financial_Data,1004529,XSS,0,1,0,1,1,2209963800.0,376698375.0,2586662175.0,25.0,45.0
APP_NLIU_0425,Rule_3_i_Passwords,33004,XSS,1,1,1,0,0,72608800.0,5775700.0,78384500.0,65.0,65.0
APP_NLIU_0426,Rule_3_iii_v_Health_Medical_Records,811903,XSS,1,0,1,1,1,1786186600.0000002,182678174.99999997,1968864775.0000002,55.00000000000001,75.0
APP_NLIU_0427,Rule_3_ii_Financial_Data,529252,,1,0,1,0,0,1058504000.0,158775600.0,1217279600.0,40.0,40.0
APP_NLIU_0428,Multi_Category_SPDI,621108,SSRF,0,1,1,1,1,1739102400.0,186332400.0,1925434800.0,40.0,60.0
APP_NLIU_0429,Rule_3_ii_Financial_Data,1244815,Exception_Handling_Failure,1,1,1,1,1,3361000500.0,124481499.99999997,3485482000.0,80.0,100.0
APP_NLIU_0430,Rule_3_i_Passwords,1680093,,1,0,1,0,0,3360186000.0,504027900.0,3864213900.0,40.0,40.0
APP_NLIU_0431,Rule_3_i_Passwords,482044,Exception_Handling_Failure,0,0,0,1,1,1301518800.0,241022000.0,1542540800.0,0.0,20.0
APP_NLIU_0432,Rule_3_vi_Biometric_Information,856740,SQL_Injection,0,0,1,1,1,2570220000.0,364114500.0,2934334500.0,15.0,35.0
APP_NLIU_0433,Rule_3_iii_v_Health_Medical_Records,1399689,Exception_Handling_Failure,1,0,1,0,1,3779160300.0000005,419906700.0,4199067000.0000005,40.0,60.0
APP_NLIU_0434,Rule_3_i_Passwords,1068144,SQL_Injection,1,1,0,1,1,3204432000.0,186925200.0,3391357200.0,65.0,85.0
APP_NLIU_0435,Rule_3_i_Passwords,1033464,XSS,0,1,1,1,1,2273620800.0,310039200.0,2583660000.0,40.0,60.0
APP_NLIU_0436,Rule_3_iii_v_Health_Medical_Records,1587330,,1,1,1,1,1,3174660000.0,158732999.99999997,3333393000.0,80.0,100.0
APP_NLIU_0437,Rule_3_i_Passwords,1275705,SSRF,0,1,0,1,1,3571974000.0,478389375.0,4050363375.0,25.0,45.0
APP_NLIU_0438,Rule_3_vi_Biometric_Information,1635188,,1,1,1,1,1,3270376000.0,163518799.99999997,3433894800.0,80.0,100.0
APP_NLIU_0439,Rule_3_iii_v_Health_Medical_Records,893640,SQL_Injection,1,1,0,0,0,2680920000.0,156387000.0,2837307000.0,65.0,65.0
APP_NLIU_0440,Rule_3_i_Passwords,151539,,0,1,1,1,1,303078000.0,45461700.0,348539700.0,40.0,60.0
APP_NLIU_0441,Rule_3_i_Passwords,1020059,XSS,1,1,1,1,1,2244129800.0,102005899.99999997,2346135700.0,80.0,100.0
APP_NLIU_0442,Multi_Category_SPDI,1653819,SSRF,1,1,0,1,1,4630693200.0,289418325.0,4920111525.0,65.0,85.0
APP_NLIU_0443,Rule_3_ii_Financial_Data,152748,SQL_Injection,1,1,0,1,0,458244000.0,26730900.0,484974900.0,65.0,65.0
APP_NLIU_0444,Rule_3_ii_Financial_Data,1148367,,0,1,1,1,0,2296734000.0,344510100.0,2641244100.0,40.0,40.0
APP_NLIU_0445,Rule_3_vi_Biometric_Information,691874,SQL_Injection,0,0,1,1,1,2075622000.0,294046450.0,2369668450.0,15.0,35.0
APP_NLIU_0446,Multi_Category_SPDI,900150,SSRF,1,0,1,1,1,2520420000.0,202533749.99999997,2722953750.0,55.00000000000001,75.0
APP_NLIU_0447,Multi_Category_SPDI,551938,CSRF,0,1,1,1,1,1324651200.0,165581400.0,1490232600.0,40.0,60.0
APP_NLIU_0448,Rule_3_vi_Biometric_Information,355434,Exception_Handling_Failure,1,1,1,1,1,959671800.0000001,35543399.99999999,995215200.0000001,80.0,100.0
APP_NLIU_0449,Rule_3_ii_Financial_Data,1131277,XSS,0,1,0,1,1,2488809400.0,424228875.0,2913038275.0,25.0,45.0
APP_NLIU_0450,Rule_3_i_Passwords,1850691,SQL_Injection,1,1,1,1,0,5552073000.0,185069099.99999997,5737142100.0,80.0,80.0
APP_NLIU_0451,Rule_3_vi_Biometric_Information,234164,CSRF,0,0,1,1,0,561993600.0,99519700.0,661513300.0,15.0,15.0
APP_NLIU_0452,Rule_3_iii_v_Health_Medical_Records,1506611,SSRF,1,1,1,1,1,4218510799.9999995,150661099.99999997,4369171899.999999,80.0,100.0
APP_NLIU_0453,Rule_3_ii_Financial_Data,610266,SSRF,1,1,0,1,1,1708744800.0,106796550.0,1815541350.0,65.0,85.0
APP_NLIU_0454,Multi_Category_SPDI,1582724,XSS,0,0,1,1,1,3481992800.0000005,672657700.0,4154650500.0000005,15.0,35.0
APP_NLIU_0455,Rule_3_i_Passwords,664089,,1,1,1,1,1,1328178000.0,66408899.999999985,1394586900.0,80.0,100.0
APP_NLIU_0456,Rule_3_ii_Financial_Data,560639,SSRF,1,1,0,0,1,1569789200.0,98111825.0,1667901025.0,65.0,85.0
APP_NLIU_0457,Rule_3_i_Passwords,1559496,CSRF,0,1,1,1,1,3742790400.0,467848800.0,4210639200.0,40.0,60.0
APP_NLIU_0458,Rule_3_ii_Financial_Data,1378464,CSRF,1,1,1,1,1,3308313600.0,137846399.99999997,3446160000.0,80.0,100.0
APP_NLIU_0459,Rule_3_i_Passwords,684706,,1,1,0,0,0,1369412000.0,119823549.99999999,1489235550.0,65.0,65.0
APP_NLIU_0460,Rule_3_i_Passwords,911630,,0,1,1,1,0,1823260000.0,273489000.0,2096749000.0,40.0,40.0
APP_NLIU_0461,Rule_3_i_Passwords,865587,,0,1,1,0,1,1731174000.0,324595125.0,2055769125.0,25.0,45.0
APP_NLIU_0462,Rule_3_iii_v_Health_Medical_Records,1175025,SSRF,1,1,0,0,0,3290070000.0,205629375.0,3495699375.0,65.0,65.0
APP_NLIU_0463,Rule_3_iii_v_Health_Medical_Records,605988,SQL_Injection,1,1,1,1,1,1817964000.0,60598799.999999985,1878562800.0,80.0,100.0
APP_NLIU_0464,Rule_3_iii_v_Health_Medical_Records,764774,CSRF,1,1,0,1,0,1835457600.0,133835449.99999999,1969293050.0,65.0,65.0
APP_NLIU_0465,Multi_Category_SPDI,1846963,CSRF,0,1,1,1,1,4432711200.0,554088900.0,4986800100.0,40.0,60.0
APP_NLIU_0466,Rule_3_ii_Financial_Data,1311147,XSS,1,1,0,0,1,2884523400.0,229450725.0,3113974125.0,65.0,85.0
APP_NLIU_0467,Rule_3_ii_Financial_Data,468506,,0,1,1,0,0,937012000.0,175689750.0,1112701750.0,25.0,25.0
APP_NLIU_0468,Multi_Category_SPDI,442509,,1,1,1,1,1,885018000.0,44250899.99999999,929268900.0,80.0,100.0
APP_NLIU_0469,Rule_3_ii_Financial_Data,721696,,0,1,1,1,1,1443392000.0,216508800.0,1659900800.0,40.0,60.0
APP_NLIU_0470,Multi_Category_SPDI,813094,CSRF,1,1,0,0,1,1951425600.0,142291450.0,2093717050.0,65.0,85.0
APP_NLIU_0471,Rule_3_i_Passwords,1584272,Exception_Handling_Failure,1,0,1,1,0,4277534400.0000005,356461199.99999994,4633995600.0,55.00000000000001,55.00000000000001
APP_NLIU_0472,Multi_Category_SPDI,1749339,CSRF,1,1,1,1,1,4198413600.0,174933899.99999997,4373347500.0,80.0,100.0
APP_NLIU_0473,Rule_3_i_Passwords,268369,SQL_Injection,1,1,1,1,1,805107000.0,26836899.999999993,831943900.0,80.0,100.0
APP_NLIU_0474,Multi_Category_SPDI,934700,,1,1,0,1,1,1869400000.0,163572500.0,2032972500.0,65.0,85.0
APP_NLIU_0475,Rule_3_iii_v_Health_Medical_Records,468002,SQL_Injection,1,1,0,0,1,1404006000.0,81900350.0,1485906350.0,65.0,85.0
APP_NLIU_0476,Multi_Category_SPDI,1200020,XSS,1,1,1,1,1,2640044000.0,120001999.99999997,2760046000.0,80.0,100.0
APP_NLIU_0477,Rule_3_i_Passwords,786608,CSRF,0,1,0,1,0,1887859200.0,294978000.0,2182837200.0,25.0,25.0
APP_NLIU_0478,Rule_3_iii_v_Health_Medical_Records,1595143,Exception_Handling_Failure,1,1,0,1,0,4306886100.0,279150025.0,4586036125.0,65.0,65.0
APP_NLIU_0479,Multi_Category_SPDI,1163977,,1,0,1,1,1,2327954000.0,261894824.99999997,2589848825.0,55.00000000000001,75.0
APP_NLIU_0480,Rule_3_iii_v_Health_Medical_Records,1280377,CSRF,0,0,1,1,1,3072904800.0,544160225.0,3617065025.0,15.0,35.0
APP_NLIU_0481,Rule_3_iii_v_Health_Medical_Records,776668,,0,1,1,1,0,1553336000.0,233000400.0,1786336400.0,40.0,40.0
APP_NLIU_0482,Rule_3_iii_v_Health_Medical_Records,1557151,CSRF,0,0,0,0,1,3737162400.0,778575500.0,4515737900.0,0.0,20.0
APP_NLIU_0483,Rule_3_ii_Financial_Data,1932412,XSS,0,1,1,1,1,4251306400.0000005,579723600.0,4831030000.0,40.0,60.0
APP_NLIU_0484,Rule_3_iii_v_Health_Medical_Records,174259,,1,1,1,1,0,348518000.0,17425899.999999996,365943900.0,80.0,80.0
APP_NLIU_0485,Rule_3_iii_v_Health_Medical_Records,252145,Exception_Handling_Failure,1,1,1,0,0,680791500.0,44125375.0,724916875.0,65.0,65.0
APP_NLIU_0486,Multi_Category_SPDI,315625,,1,1,0,1,1,631250000.0,55234375.0,686484375.0,65.0,85.0
APP_NLIU_0487,Rule_3_i_Passwords,688835,SSRF,0,1,1,1,0,1928737999.9999998,206650500.0,2135388499.9999998,40.0,40.0
APP_NLIU_0488,Rule_3_ii_Financial_Data,1098128,Exception_Handling_Failure,1,1,1,1,0,2964945600.0,109812799.99999997,3074758400.0,80.0,80.0
APP_NLIU_0489,Multi_Category_SPDI,204041,Exception_Handling_Failure,1,1,1,1,0,550910700.0,20404099.999999996,571314800.0,80.0,80.0
APP_NLIU_0490,Multi_Category_SPDI,1261182,,1,0,1,0,1,2522364000.0,378354600.0,2900718600.0,40.0,60.0
APP_NLIU_0491,Rule_3_ii_Financial_Data,1808541,SSRF,0,1,1,0,1,5063914800.0,678202875.0,5742117675.0,25.0,45.0
APP_NLIU_0492,Rule_3_iii_v_Health_Medical_Records,791157,,1,1,1,1,0,1582314000.0,79115699.99999999,1661429700.0,80.0,80.0
APP_NLIU_0493,Rule_3_ii_Financial_Data,1453650,XSS,1,0,0,1,0,3198030000.0000005,436095000.0,3634125000.0000005,40.0,40.0
APP_NLIU_0494,Rule_3_i_Passwords,734846,CSRF,1,1,1,1,0,1763630400.0,73484599.99999999,1837115000.0,80.0,80.0
APP_NLIU_0495,Rule_3_ii_Financial_Data,79474,XSS,1,1,1,1,0,174842800.0,7947399.999999998,182790200.0,80.0,80.0
APP_NLIU_0496,Rule_3_ii_Financial_Data,292312,CSRF,0,1,1,0,1,701548800.0,109617000.0,811165800.0,25.0,45.0
APP_NLIU_0497,Rule_3_iii_v_Health_Medical_Records,1609963,XSS,1,0,0,1,1,3541918600.0000005,482988900.0,4024907500.0000005,40.0,60.0
APP_NLIU_0498,Rule_3_i_Passwords,207252,,1,1,1,0,1,414504000.0,36269100.0,450773100.0,65.0,85.0
APP_NLIU_0499,Multi_Category_SPDI,1818318,XSS,1,1,1,1,0,4000299600.0000005,181831799.99999997,4182131400.0000005,80.0,80.0
APP_NLIU_0500,Multi_Category_SPDI,1377175,Exception_Handling_Failure,1,1,1,0,1,3718372500.0000005,241005624.99999997,3959378125.0000005,65.0,85.0
APP_NLIU_0501,Rule_3_iii_v_Health_Medical_Records,583528,XSS,1,1,0,1,0,1283761600.0,102117400.0,1385879000.0,65.0,65.0
APP_NLIU_0502,Rule_3_iii_v_Health_Medical_Records,341940,SQL_Injection,1,1,1,1,1,1025820000.0,34193999.99999999,1060014000.0,80.0,100.0
APP_NLIU_0503,Rule_3_ii_Financial_Data,1894600,SSRF,0,0,1,0,1,5304880000.0,947300000.0,6252180000.0,0.0,20.0
APP_NLIU_0504,Rule_3_vi_Biometric_Information,1838610,XSS,0,1,1,1,0,4044942000.0000005,551583000.0,4596525000.0,40.0,40.0
APP_NLIU_0505,Rule_3_iii_v_Health_Medical_Records,1437901,CSRF,1,0,1,1,0,3450962400.0,323527724.99999994,3774490125.0,55.00000000000001,55.00000000000001
APP_NLIU_0506,Rule_3_i_Passwords,257051,SSRF,1,0,1,1,1,719742800.0,57836474.99999999,777579275.0,55.00000000000001,75.0
APP_NLIU_0507,Multi_Category_SPDI,1155187,XSS,1,0,1,1,0,2541411400.0,259917074.99999997,2801328475.0,55.00000000000001,55.00000000000001
APP_NLIU_0508,Rule_3_vi_Biometric_Information,1635910,CSRF,1,1,1,1,1,3926184000.0,163590999.99999997,4089775000.0,80.0,100.0
APP_NLIU_0509,Multi_Category_SPDI,1828332,CSRF,0,1,1,1,1,4387996800.0,548499600.0,4936496400.0,40.0,60.0
APP_NLIU_0510,Rule_3_iii_v_Health_Medical_Records,21488,XSS,1,0,0,1,0,47273600.00000001,6446400.0,53720000.00000001,40.0,40.0
APP_NLIU_0511,Rule_3_iii_v_Health_Medical_Records,1243489,SQL_Injection,1,1,1,1,1,3730467000.0,124348899.99999997,3854815900.0,80.0,100.0
APP_NLIU_0512,Rule_3_ii_Financial_Data,385665,,0,0,0,1,1,771330000.0,192832500.0,964162500.0,0.0,20.0
APP_NLIU_0513,Multi_Category_SPDI,1971475,,1,1,1,1,1,3942950000.0,197147499.99999997,4140097500.0,80.0,100.0
APP_NLIU_0514,Multi_Category_SPDI,713029,,1,1,0,0,0,1426058000.0,124780074.99999999,1550838075.0,65.0,65.0
APP_NLIU_0515,Rule_3_i_Passwords,671205,SQL_Injection,1,1,1,0,1,2013615000.0,117460874.99999999,2131075875.0,65.0,85.0
APP_NLIU_0516,Rule_3_i_Passwords,1744995,,1,1,1,1,0,3489990000.0,174499499.99999997,3664489500.0,80.0,80.0
APP_NLIU_0517,Rule_3_ii_Financial_Data,1071970,,0,1,0,1,0,2143940000.0,401988750.0,2545928750.0,25.0,25.0
APP_NLIU_0518,Rule_3_vi_Biometric_Information,885425,,1,1,1,1,0,1770850000.0,88542499.99999999,1859392500.0,80.0,80.0
APP_NLIU_0519,Multi_Category_SPDI,1230554,SQL_Injection,1,0,1,1,1,3691662000.0,276874650.0,3968536650.0,55.00000000000001,75.0
APP_NLIU_0520,Rule_3_i_Passwords,1112908,Exception_Handling_Failure,1,0,0,1,0,3004851600.0,333872400.0,3338724000.0,40.0,40.0
APP_NLIU_0521,Rule_3_iii_v_Health_Medical_Records,1221953,,1,1,0,1,1,2443906000.0,213841775.0,2657747775.0,65.0,85.0
APP_NLIU_0522,Rule_3_ii_Financial_Data,1096204,XSS,0,1,1,1,1,2411648800.0,328861200.0,2740510000.0,40.0,60.0
APP_NLIU_0523,Multi_Category_SPDI,812784,Exception_Handling_Failure,1,1,1,0,1,2194516800.0,142237200.0,2336754000.0,65.0,85.0
APP_NLIU_0524,Rule_3_vi_Biometric_Information,1533474,XSS,0,0,1,1,1,3373642800.0000005,651726450.0,4025369250.0000005,15.0,35.0
APP_NLIU_0525,Rule_3_vi_Biometric_Information,874403,XSS,0,1,1,1,1,1923686600.0000002,262320900.0,2186007500.0,40.0,60.0
APP_NLIU_0526,Rule_3_ii_Financial_Data,1105569,SQL_Injection,1,0,1,1,1,3316707000.0,248753024.99999997,3565460025.0,55.00000000000001,75.0
APP_NLIU_0527,Rule_3_ii_Financial_Data,1224034,Exception_Handling_Failure,1,0,0,1,1,3304891800.0,367210200.0,3672102000.0,40.0,60.0
APP_NLIU_0528,Rule_3_ii_Financial_Data,894459,SQL_Injection,0,1,1,1,1,2683377000.0,268337700.0,2951714700.0,40.0,60.0
APP_NLIU_0529,Rule_3_i_Passwords,979128,XSS,1,1,1,1,0,2154081600.0,97912799.99999999,2251994400.0,80.0,80.0
APP_NLIU_0530,Multi_Category_SPDI,455281,CSRF,1,1,1,1,1,1092674400.0,45528099.99999999,1138202500.0,80.0,100.0
APP_NLIU_0531,Rule_3_vi_Biometric_Information,911644,XSS,0,1,1,1,1,2005616800.0000002,273493200.0,2279110000.0,40.0,60.0
APP_NLIU_0532,Multi_Category_SPDI,483720,SQL_Injection,1,1,1,0,1,1451160000.0,84651000.0,1535811000.0,65.0,85.0
APP_NLIU_0533,Multi_Category_SPDI,511357,Exception_Handling_Failure,0,0,0,1,1,1380663900.0,255678500.0,1636342400.0,0.0,20.0
APP_NLIU_0534,Rule_3_iii_v_Health_Medical_Records,1062115,,1,1,1,1,1,2124230000.0,106211499.99999997,2230441500.0,80.0,100.0
APP_NLIU_0535,Rule_3_vi_Biometric_Information,137335,SSRF,1,1,1,0,1,384538000.0,24033625.0,408571625.0,65.0,85.0
APP_NLIU_0536,Multi_Category_SPDI,1460097,SQL_Injection,1,1,1,0,0,4380291000.0,255516974.99999997,4635807975.0,65.0,65.0
APP_NLIU_0537,Rule_3_vi_Biometric_Information,1893825,SQL_Injection,1,1,0,0,0,5681475000.0,331419375.0,6012894375.0,65.0,65.0
APP_NLIU_0538,Rule_3_ii_Financial_Data,946902,,0,1,1,1,0,1893804000.0,284070600.0,2177874600.0,40.0,40.0
APP_NLIU_0539,Rule_3_ii_Financial_Data,1293886,XSS,1,1,1,1,1,2846549200.0,129388599.99999997,2975937800.0,80.0,100.0
APP_NLIU_0540,Rule_3_i_Passwords,1020120,XSS,1,0,0,1,0,2244264000.0,306036000.0,2550300000.0,40.0,40.0
APP_NLIU_0541,Multi_Category_SPDI,1260449,SQL_Injection,1,0,0,0,1,3781347000.0,378134700.0,4159481700.0,40.0,60.0
APP_NLIU_0542,Rule_3_iii_v_Health_Medical_Records,1364827,Exception_Handling_Failure,1,1,1,1,0,3685032900.0000005,136482699.99999997,3821515600.0000005,80.0,80.0
APP_NLIU_0543,Rule_3_ii_Financial_Data,954656,,1,1,0,1,0,1909312000.0,167064800.0,2076376800.0,65.0,65.0
APP_NLIU_0544,Rule_3_iii_v_Health_Medical_Records,491476,,1,1,1,1,1,982952000.0,49147599.99999999,1032099600.0,80.0,100.0
APP_NLIU_0545,Rule_3_iii_v_Health_Medical_Records,953128,Exception_Handling_Failure,0,1,1,1,1,2573445600.0,285938400.0,2859384000.0,40.0,60.0
APP_NLIU_0546,Rule_3_ii_Financial_Data,920672,SQL_Injection,1,1,1,1,0,2762016000.0,92067199.99999999,2854083200.0,80.0,80.0
APP_NLIU_0547,Rule_3_i_Passwords,1415375,SQL_Injection,1,1,1,1,1,4246125000.0,141537499.99999997,4387662500.0,80.0,100.0
APP_NLIU_0548,Rule_3_iii_v_Health_Medical_Records,585420,SQL_Injection,1,1,1,1,0,1756260000.0,58541999.999999985,1814802000.0,80.0,80.0
APP_NLIU_0549,Rule_3_iii_v_Health_Medical_Records,1965709,CSRF,1,0,1,1,1,4717701600.0,442284524.99999994,5159986125.0,55.00000000000001,75.0
APP_NLIU_0550,Rule_3_vi_Biometric_Information,110494,SQL_Injection,0,1,1,0,0,331482000.0,41435250.0,372917250.0,25.0,25.0
APP_NLIU_0551,Rule_3_iii_v_Health_Medical_Records,1892987,CSRF,1,1,1,1,1,4543168800.0,189298699.99999997,4732467500.0,80.0,100.0
APP_NLIU_0552,Multi_Category_SPDI,1898021,CSRF,1,0,1,1,0,4555250400.0,427054724.99999994,4982305125.0,55.00000000000001,55.00000000000001
APP_NLIU_0553,Rule_3_iii_v_Health_Medical_Records,1279573,,1,1,1,1,1,2559146000.0,127957299.99999997,2687103300.0,80.0,100.0
APP_NLIU_0554,Rule_3_iii_v_Health_Medical_Records,593085,Exception_Handling_Failure,1,1,1,1,0,1601329500.0,59308499.999999985,1660638000.0,80.0,80.0
APP_NLIU_0555,Multi_Category_SPDI,1105374,,0,1,1,1,0,2210748000.0,331612200.0,2542360200.0,40.0,40.0
APP_NLIU_0556,Rule_3_ii_Financial_Data,1725586,,0,1,1,1,0,3451172000.0,517675800.0,3968847800.0,40.0,40.0
APP_NLIU_0557,Rule_3_i_Passwords,1472806,SQL_Injection,1,0,1,1,1,4418418000.0,331381349.99999994,4749799350.0,55.00000000000001,75.0
APP_NLIU_0558,Rule_3_i_Passwords,1654285,,1,1,1,1,1,3308570000.0,165428499.99999997,3473998500.0,80.0,100.0
APP_NLIU_0559,Rule_3_vi_Biometric_Information,1323154,CSRF,1,1,1,0,1,3175569600.0,231551950.0,3407121550.0,65.0,85.0
APP_NLIU_0560,Rule_3_iii_v_Health_Medical_Records,821460,Exception_Handling_Failure,1,0,1,1,1,2217942000.0,184828499.99999997,2402770500.0,55.00000000000001,75.0
APP_NLIU_0561,Rule_3_iii_v_Health_Medical_Records,1644422,CSRF,0,1,0,1,1,3946612800.0,616658250.0,4563271050.0,25.0,45.0
APP_NLIU_0562,Rule_3_ii_Financial_Data,1864339,,1,0,1,1,1,3728678000.0,419476274.99999994,4148154275.0,55.00000000000001,75.0
APP_NLIU_0563,Rule_3_i_Passwords,72573,CSRF,1,1,1,1,1,174175200.0,7257299.999999998,181432500.0,80.0,100.0
APP_NLIU_0564,Rule_3_i_Passwords,658761,CSRF,1,1,0,1,1,1581026400.0,115283175.0,1696309575.0,65.0,85.0
APP_NLIU_0565,Rule_3_ii_Financial_Data,472508,,0,1,1,1,1,945016000.0,141752400.0,1086768400.0,40.0,60.0
APP_NLIU_0566,Rule_3_iii_v_Health_Medical_Records,1044970,SQL_Injection,0,1,0,0,0,3134910000.0,391863750.0,3526773750.0,25.0,25.0
APP_NLIU_0567,Rule_3_ii_Financial_Data,1230974,Exception_Handling_Failure,1,1,1,0,0,3323629800.0,215420450.0,3539050250.0,65.0,65.0
APP_NLIU_0568,Rule_3_ii_Financial_Data,350123,,0,0,1,1,1,700246000.0,148802275.0,849048275.0,15.0,35.0
APP_NLIU_0569,Multi_Category_SPDI,1022232,,1,1,0,1,1,2044464000.0,178890600.0,2223354600.0,65.0,85.0
APP_NLIU_0570,Rule_3_ii_Financial_Data,795555,,1,0,0,1,0,1591110000.0,238666500.0,1829776500.0,40.0,40.0
APP_NLIU_0571,Rule_3_iii_v_Health_Medical_Records,283747,,1,0,1,1,0,567494000.0,63843074.99999999,631337075.0,55.00000000000001,55.00000000000001
APP_NLIU_0572,Rule_3_vi_Biometric_Information,333085,SQL_Injection,0,1,0,1,1,999255000.0,124906875.0,1124161875.0,25.0,45.0
APP_NLIU_0573,Rule_3_ii_Financial_Data,47597,,0,1,0,1,1,95194000.0,17848875.0,113042875.0,25.0,45.0
APP_NLIU_0574,Rule_3_iii_v_Health_Medical_Records,1772174,Exception_Handling_Failure,1,1,0,1,0,4784869800.0,310130450.0,5095000250.0,65.0,65.0
APP_NLIU_0575,Multi_Category_SPDI,875670,Exception_Handling_Failure,0,0,0,1,1,2364309000.0,437835000.0,2802144000.0,0.0,20.0
APP_NLIU_0576,Multi_Category_SPDI,440935,SQL_Injection,1,1,0,0,1,1322805000.0,77163625.0,1399968625.0,65.0,85.0
APP_NLIU_0577,Rule_3_i_Passwords,1800722,Exception_Handling_Failure,0,1,1,1,0,4861949400.0,540216600.0,5402166000.0,40.0,40.0
APP_NLIU_0578,Multi_Category_SPDI,1357471,,1,0,1,1,1,2714942000.0,305430974.99999994,3020372975.0,55.00000000000001,75.0
APP_NLIU_0579,Rule_3_ii_Financial_Data,1966470,,1,1,0,1,1,3932940000.0,344132250.0,4277072250.0,65.0,85.0
APP_NLIU_0580,Rule_3_ii_Financial_Data,91978,XSS,0,0,0,1,0,202351600.00000003,45989000.0,248340600.00000003,0.0,0.0
APP_NLIU_0581,Rule_3_ii_Financial_Data,1333413,SQL_Injection,0,1,1,1,0,4000239000.0,400023900.0,4400262900.0,40.0,40.0
APP_NLIU_0582,Multi_Category_SPDI,1536333,CSRF,1,1,0,1,0,3687199200.0,268858275.0,3956057475.0,65.0,65.0
APP_NLIU_0583,Rule_3_ii_Financial_Data,1222345,,1,1,1,1,0,2444690000.0,122234499.99999997,2566924500.0,80.0,80.0
APP_NLIU_0584,Rule_3_ii_Financial_Data,361668,,0,0,0,1,1,723336000.0,180834000.0,904170000.0,0.0,20.0
APP_NLIU_0585,Rule_3_iii_v_Health_Medical_Records,365013,XSS,1,0,0,1,0,803028600.0000001,109503900.0,912532500.0000001,40.0,40.0
APP_NLIU_0586,Rule_3_ii_Financial_Data,690352,SQL_Injection,0,0,0,0,1,2071056000.0,345176000.0,2416232000.0,0.0,20.0
APP_NLIU_0587,Rule_3_i_Passwords,1379545,XSS,0,0,0,0,0,3034999000.0000005,689772500.0,3724771500.0000005,0.0,0.0
APP_NLIU_0588,Rule_3_i_Passwords,669882,XSS,1,0,1,1,1,1473740400.0,150723450.0,1624463850.0,55.00000000000001,75.0
APP_NLIU_0589,Rule_3_i_Passwords,1446195,,1,1,0,1,0,2892390000.0,253084124.99999997,3145474125.0,65.0,65.0
APP_NLIU_0590,Rule_3_i_Passwords,1885414,Exception_Handling_Failure,1,0,1,1,1,5090617800.0,424218149.99999994,5514835950.0,55.00000000000001,75.0
APP_NLIU_0591,Rule_3_i_Passwords,243078,CSRF,0,1,1,1,0,583387200.0,72923400.0,656310600.0,40.0,40.0
APP_NLIU_0592,Rule_3_iii_v_Health_Medical_Records,1293716,XSS,0,1,1,1,0,2846175200.0,388114800.0,3234290000.0,40.0,40.0
APP_NLIU_0593,Rule_3_i_Passwords,1721057,SQL_Injection,1,0,0,1,0,5163171000.0,516317100.0,5679488100.0,40.0,40.0
APP_NLIU_0594,Rule_3_ii_Financial_Data,1701235,,0,1,0,1,0,3402470000.0,637963125.0,4040433125.0,25.0,25.0
APP_NLIU_0595,Multi_Category_SPDI,1461011,CSRF,1,0,1,1,0,3506426400.0,328727474.99999994,3835153875.0,55.00000000000001,55.00000000000001
APP_NLIU_0596,Rule_3_ii_Financial_Data,793049,XSS,0,1,0,0,1,1744707800.0000002,297393375.0,2042101175.0000002,25.0,45.0
APP_NLIU_0597,Rule_3_iii_v_Health_Medical_Records,48016,CSRF,1,1,1,0,0,115238400.0,8402800.0,123641200.0,65.0,65.0
APP_NLIU_0598,Rule_3_i_Passwords,448888,Exception_Handling_Failure,0,0,1,0,1,1211997600.0,224444000.0,1436441600.0,0.0,20.0
APP_NLIU_0599,Rule_3_i_Passwords,1339996,Exception_Handling_Failure,0,1,1,0,1,3617989200.0,502498500.0,4120487700.0,25.0,45.0
APP_NLIU_0600,Rule_3_i_Passwords,1808823,,1,0,0,1,1,3617646000.0,542646900.0,4160292900.0,40.0,60.0
APP_NLIU_0601,Rule_3_i_Passwords,1387960,CSRF,1,1,1,0,1,3331104000.0,242892999.99999997,3573997000.0,65.0,85.0
APP_NLIU_0602,Rule_3_ii_Financial_Data,897724,CSRF,0,1,1,1,1,2154537600.0,269317200.0,2423854800.0,40.0,60.0
APP_NLIU_0603,Rule_3_i_Passwords,1240383,SQL_Injection,1,0,1,1,0,3721149000.0,279086175.0,4000235175.0,55.00000000000001,55.00000000000001
APP_NLIU_0604,Rule_3_i_Passwords,1595823,Exception_Handling_Failure,0,1,1,0,0,4308722100.0,598433625.0,4907155725.0,25.0,25.0
APP_NLIU_0605,Rule_3_i_Passwords,1606386,SQL_Injection,1,0,1,1,1,4819158000.0,361436849.99999994,5180594850.0,55.00000000000001,75.0
APP_NLIU_0606,Rule_3_ii_Financial_Data,1502879,XSS,1,0,1,1,1,3306333800.0000005,338147774.99999994,3644481575.0000005,55.00000000000001,75.0
APP_NLIU_0607,Rule_3_ii_Financial_Data,1456745,,0,0,1,1,0,2913490000.0,619116625.0,3532606625.0,15.0,15.0
APP_NLIU_0608,Rule_3_ii_Financial_Data,31567,,1,1,1,1,1,63134000.0,3156699.999999999,66290700.0,80.0,100.0
APP_NLIU_0609,Rule_3_iii_v_Health_Medical_Records,1507315,XSS,1,1,1,0,0,3316093000.0000005,263780124.99999997,3579873125.0000005,65.0,65.0
APP_NLIU_0610,Rule_3_iii_v_Health_Medical_Records,1116284,XSS,1,1,0,1,0,2455824800.0,195349700.0,2651174500.0,65.0,65.0
APP_NLIU_0611,Rule_3_i_Passwords,131206,SQL_Injection,1,1,1,1,1,393618000.0,13120599.999999996,406738600.0,80.0,100.0
APP_NLIU_0612,Rule_3_vi_Biometric_Information,551848,Exception_Handling_Failure,0,0,1,0,0,1489989600.0,275924000.0,1765913600.0,0.0,0.0
APP_NLIU_0613,Rule_3_iii_v_Health_Medical_Records,1636254,,0,1,0,1,0,3272508000.0,613595250.0,3886103250.0,25.0,25.0
APP_NLIU_0614,Rule_3_i_Passwords,1703636,SSRF,1,1,1,1,0,4770180800.0,170363599.99999997,4940544400.0,80.0,80.0
APP_NLIU_0615,Multi_Category_SPDI,466365,XSS,0,1,1,1,0,1026003000.0000001,139909500.0,1165912500.0,40.0,40.0
APP_NLIU_0616,Multi_Category_SPDI,959164,,1,1,0,1,0,1918328000.0,167853700.0,2086181700.0,65.0,65.0
APP_NLIU_0617,Rule_3_i_Passwords,1360824,,1,1,0,0,0,2721648000.0,238144199.99999997,2959792200.0,65.0,65.0
APP_NLIU_0618,Rule_3_ii_Financial_Data,1635669,SSRF,0,0,1,1,0,4579873200.0,695159325.0,5275032525.0,15.0,15.0
APP_NLIU_0619,Rule_3_vi_Biometric_Information,241109,XSS,0,0,1,1,0,530439800.00000006,102471325.0,632911125.0,15.0,15.0
APP_NLIU_0620,Rule_3_iii_v_Health_Medical_Records,500951,SSRF,1,1,1,1,0,1402662800.0,50095099.99999999,1452757900.0,80.0,80.0
APP_NLIU_0621,Rule_3_i_Passwords,1340216,SQL_Injection,0,1,0,1,0,4020648000.0,502581000.0,4523229000.0,25.0,25.0
APP_NLIU_0622,Rule_3_ii_Financial_Data,1792237,,1,1,0,1,0,3584474000.0,313641475.0,3898115475.0,65.0,65.0
APP_NLIU_0623,Rule_3_ii_Financial_Data,96257,,1,1,1,0,1,192514000.0,16844975.0,209358975.0,65.0,85.0
APP_NLIU_0624,Rule_3_ii_Financial_Data,1057091,,1,0,1,1,1,2114182000.0,237845474.99999997,2352027475.0,55.00000000000001,75.0
APP_NLIU_0625,Rule_3_iii_v_Health_Medical_Records,533742,SQL_Injection,1,1,1,1,1,1601226000.0,53374199.999999985,1654600200.0,80.0,100.0
APP_NLIU_0626,Rule_3_ii_Financial_Data,242145,,1,1,1,1,1,484290000.0,24214499.999999996,508504500.0,80.0,100.0
APP_NLIU_0627,Rule_3_ii_Financial_Data,27873,XSS,0,1,1,1,0,61320600.00000001,8361900.0,69682500.0,40.0,40.0
APP_NLIU_0628,Rule_3_iii_v_Health_Medical_Records,1913928,CSRF,1,1,1,1,1,4593427200.0,191392799.99999997,4784820000.0,80.0,100.0
APP_NLIU_0629,Rule_3_i_Passwords,1329447,XSS,0,1,0,0,0,2924783400.0,498542625.0,3423326025.0,25.0,25.0
APP_NLIU_0630,Rule_3_ii_Financial_Data,1706240,SQL_Injection,0,1,0,1,0,5118720000.0,639840000.0,5758560000.0,25.0,25.0
APP_NLIU_0631,Rule_3_iii_v_Health_Medical_Records,598358,,1,1,1,1,0,1196716000.0,59835799.999999985,1256551800.0,80.0,80.0
APP_NLIU_0632,Multi_Category_SPDI,1939067,XSS,0,1,0,1,1,4265947400.0000005,727150125.0,4993097525.0,25.0,45.0
APP_NLIU_0633,Rule_3_iii_v_Health_Medical_Records,1702428,SSRF,0,0,1,1,1,4766798400.0,723531900.0,5490330300.0,15.0,35.0
APP_NLIU_0634,Rule_3_iii_v_Health_Medical_Records,233497,SSRF,0,1,1,1,1,653791600.0,70049100.0,723840700.0,40.0,60.0
APP_NLIU_0635,Rule_3_i_Passwords,646501,SSRF,0,0,1,1,0,1810202800.0,274762925.0,2084965725.0,15.0,15.0
APP_NLIU_0636,Rule_3_ii_Financial_Data,710339,SQL_Injection,1,1,1,1,1,2131017000.0,71033899.99999999,2202050900.0,80.0,100.0
APP_NLIU_0637,Rule_3_iii_v_Health_Medical_Records,1603329,XSS,0,0,1,1,0,3527323800.0000005,681414825.0,4208738625.0000005,15.0,15.0
APP_NLIU_0638,Rule_3_ii_Financial_Data,1238548,,1,1,1,1,1,2477096000.0,123854799.99999997,2600950800.0,80.0,100.0
APP_NLIU_0639,Rule_3_ii_Financial_Data,589087,SQL_Injection,1,1,1,0,1,1767261000.0,103090225.0,1870351225.0,65.0,85.0
APP_NLIU_0640,Rule_3_ii_Financial_Data,515237,SQL_Injection,1,0,1,1,1,1545711000.0,115928324.99999999,1661639325.0,55.00000000000001,75.0
APP_NLIU_0641,Rule_3_i_Passwords,625417,XSS,1,0,1,1,0,1375917400.0,140718825.0,1516636225.0,55.00000000000001,55.00000000000001
APP_NLIU_0642,Rule_3_ii_Financial_Data,1468122,,1,1,1,1,1,2936244000.0,146812199.99999997,3083056200.0,80.0,100.0
APP_NLIU_0643,Rule_3_ii_Financial_Data,1717238,CSRF,0,1,0,0,0,4121371200.0,643964250.0,4765335450.0,25.0,25.0
APP_NLIU_0644,Rule_3_ii_Financial_Data,1012470,CSRF,1,0,1,1,0,2429928000.0,227805749.99999997,2657733750.0,55.00000000000001,55.00000000000001
APP_NLIU_0645,Rule_3_i_Passwords,374432,XSS,1,0,1,1,1,823750400.0000001,84247199.99999999,907997600.0000001,55.00000000000001,75.0
APP_NLIU_0646,Multi_Category_SPDI,248761,CSRF,1,1,1,1,0,597026400.0,24876099.999999996,621902500.0,80.0,80.0
APP_NLIU_0647,Rule_3_iii_v_Health_Medical_Records,995221,SQL_Injection,1,1,0,1,0,2985663000.0,174163675.0,3159826675.0,65.0,65.0
APP_NLIU_0648,Rule_3_iii_v_Health_Medical_Records,247821,,0,0,0,1,1,495642000.0,123910500.0,619552500.0,0.0,20.0
APP_NLIU_0649,Rule_3_vi_Biometric_Information,1066451,Exception_Handling_Failure,1,1,1,1,1,2879417700.0,106645099.99999997,2986062800.0,80.0,100.0
APP_NLIU_0650,Rule_3_ii_Financial_Data,1605083,XSS,0,1,0,0,0,3531182600.0000005,601906125.0,4133088725.0000005,25.0,25.0
APP_NLIU_0651,Rule_3_i_Passwords,827614,,1,0,1,0,0,1655228000.0,248284200.0,1903512200.0,40.0,40.0
APP_NLIU_0652,Rule_3_iii_v_Health_Medical_Records,1789477,Exception_Handling_Failure,1,1,1,1,1,4831587900.0,178947699.99999997,5010535600.0,80.0,100.0
APP_NLIU_0653,Rule_3_iii_v_Health_Medical_Records,440485,SSRF,1,0,1,1,0,1233358000.0,99109124.99999999,1332467125.0,55.00000000000001,55.00000000000001
APP_NLIU_0654,Rule_3_iii_v_Health_Medical_Records,346925,CSRF,1,0,0,1,1,832620000.0,104077500.0,936697500.0,40.0,60.0
APP_NLIU_0655,Rule_3_ii_Financial_Data,1060033,SQL_Injection,1,0,0,1,1,3180099000.0,318009900.0,3498108900.0,40.0,60.0
APP_NLIU_0656,Rule_3_i_Passwords,929253,SQL_Injection,1,1,1,0,1,2787759000.0,162619275.0,2950378275.0,65.0,85.0
APP_NLIU_0657,Rule_3_ii_Financial_Data,1086640,Exception_Handling_Failure,0,1,1,1,0,2933928000.0,325992000.0,3259920000.0,40.0,40.0
APP_NLIU_0658,Rule_3_ii_Financial_Data,1980901,,1,1,1,1,0,3961802000.0,198090099.99999997,4159892100.0,80.0,80.0
APP_NLIU_0659,Rule_3_iii_v_Health_Medical_Records,1693120,,1,0,1,1,1,3386240000.0,380951999.99999994,3767192000.0,55.00000000000001,75.0
APP_NLIU_0660,Rule_3_iii_v_Health_Medical_Records,889729,Exception_Handling_Failure,1,0,1,1,1,2402268300.0,200189024.99999997,2602457325.0,55.00000000000001,75.0
APP_NLIU_0661,Rule_3_ii_Financial_Data,1812523,SSRF,1,1,0,1,1,5075064400.0,317191525.0,5392255925.0,65.0,85.0
APP_NLIU_0662,Multi_Category_SPDI,1263303,SQL_Injection,1,0,1,1,0,3789909000.0,284243175.0,4074152175.0,55.00000000000001,55.00000000000001
APP_NLIU_0663,Rule_3_iii_v_Health_Medical_Records,1978744,,1,1,0,1,0,3957488000.0,346280200.0,4303768200.0,65.0,65.0
APP_NLIU_0664,Rule_3_ii_Financial_Data,165353,XSS,0,1,0,1,0,363776600.0,62007375.0,425783975.0,25.0,25.0
APP_NLIU_0665,Rule_3_i_Passwords,1835927,Exception_Handling_Failure,1,1,1,1,1,4957002900.0,183592699.99999997,5140595600.0,80.0,100.0
APP_NLIU_0666,Rule_3_i_Passwords,1290463,,1,0,1,1,1,2580926000.0,290354175.0,2871280175.0,55.00000000000001,75.0
APP_NLIU_0667,Rule_3_ii_Financial_Data,430037,,1,1,1,1,0,860074000.0,43003699.99999999,903077700.0,80.0,80.0
APP_NLIU_0668,Rule_3_i_Passwords,764129,,1,0,1,1,1,1528258000.0,171929024.99999997,1700187025.0,55.00000000000001,75.0
APP_NLIU_0669,Rule_3_i_Passwords,947151,SQL_Injection,0,1,0,1,1,2841453000.0,355181625.0,3196634625.0,25.0,45.0
APP_NLIU_0670,Rule_3_ii_Financial_Data,1647782,,1,1,1,1,1,3295564000.0,164778199.99999997,3460342200.0,80.0,100.0
APP_NLIU_0671,Rule_3_i_Passwords,1266633,,1,1,1,1,0,2533266000.0,126663299.99999997,2659929300.0,80.0,80.0
APP_NLIU_0672,Multi_Category_SPDI,481015,CSRF,1,1,0,1,1,1154436000.0,84177625.0,1238613625.0,65.0,85.0
APP_NLIU_0673,Rule_3_i_Passwords,881611,Exception_Handling_Failure,1,1,1,1,0,2380349700.0,88161099.99999999,2468510800.0,80.0,80.0
APP_NLIU_0674,Rule_3_iii_v_Health_Medical_Records,342088,CSRF,0,0,1,1,1,821011200.0,145387400.0,966398600.0,15.0,35.0
APP_NLIU_0675,Rule_3_ii_Financial_Data,1142718,,0,0,1,0,1,2285436000.0,571359000.0,2856795000.0,0.0,20.0
APP_NLIU_0676,Multi_Category_SPDI,32603,SQL_Injection,1,1,1,1,1,97809000.0,3260299.999999999,101069300.0,80.0,100.0
APP_NLIU_0677,Rule_3_i_Passwords,1886466,XSS,0,1,1,1,0,4150225200.0000005,565939800.0,4716165000.0,40.0,40.0
APP_NLIU_0678,Rule_3_ii_Financial_Data,75605,SSRF,1,1,1,1,1,211694000.0,7560499.999999998,219254500.0,80.0,100.0
APP_NLIU_0679,Multi_Category_SPDI,1335343,,0,1,1,1,0,2670686000.0,400602900.0,3071288900.0,40.0,40.0
APP_NLIU_0680,Multi_Category_SPDI,573728,SSRF,0,0,1,1,1,1606438400.0,243834400.0,1850272800.0,15.0,35.0
APP_NLIU_0681,Rule_3_vi_Biometric_Information,1922435,SSRF,1,1,1,1,0,5382818000.0,192243499.99999997,5575061500.0,80.0,80.0
APP_NLIU_0682,Rule_3_ii_Financial_Data,1978784,XSS,1,1,1,1,0,4353324800.0,197878399.99999997,4551203200.0,80.0,80.0
APP_NLIU_0683,Rule_3_i_Passwords,360970,,0,0,0,1,0,721940000.0,180485000.0,902425000.0,0.0,0.0
APP_NLIU_0684,Rule_3_iii_v_Health_Medical_Records,294604,SSRF,0,1,1,0,0,824891200.0,110476500.0,935367700.0,25.0,25.0
APP_NLIU_0685,Multi_Category_SPDI,219117,SQL_Injection,0,1,1,0,0,657351000.0,82168875.0,739519875.0,25.0,25.0
APP_NLIU_0686,Rule_3_iii_v_Health_Medical_Records,1791741,,1,1,0,1,0,3583482000.0,313554675.0,3897036675.0,65.0,65.0
APP_NLIU_0687,Rule_3_iii_v_Health_Medical_Records,1520303,XSS,0,1,1,1,0,3344666600.0000005,456090900.0,3800757500.0000005,40.0,40.0
APP_NLIU_0688,Rule_3_ii_Financial_Data,1163949,,1,1,0,1,0,2327898000.0,203691075.0,2531589075.0,65.0,65.0
APP_NLIU_0689,Rule_3_vi_Biometric_Information,1977645,SQL_Injection,1,1,0,1,1,5932935000.0,346087875.0,6279022875.0,65.0,85.0
APP_NLIU_0690,Rule_3_i_Passwords,1320590,Exception_Handling_Failure,1,1,1,1,0,3565593000.0,132058999.99999997,3697652000.0,80.0,80.0
APP_NLIU_0691,Rule_3_ii_Financial_Data,1072485,SSRF,0,1,1,1,1,3002958000.0,321745500.0,3324703500.0,40.0,60.0
APP_NLIU_0692,Rule_3_ii_Financial_Data,1324837,SSRF,1,0,1,1,1,3709543600.0,298088325.0,4007631925.0,55.00000000000001,75.0
APP_NLIU_0693,Rule_3_iii_v_Health_Medical_Records,254975,Exception_Handling_Failure,1,0,1,1,0,688432500.0,57369374.99999999,745801875.0,55.00000000000001,55.00000000000001
APP_NLIU_0694,Rule_3_ii_Financial_Data,1907482,XSS,0,0,1,1,0,4196460400.0000005,810679850.0,5007140250.0,15.0,15.0
APP_NLIU_0695,Rule_3_i_Passwords,623214,,0,1,0,1,0,1246428000.0,233705250.0,1480133250.0,25.0,25.0
APP_NLIU_0696,Rule_3_iii_v_Health_Medical_Records,442538,CSRF,1,1,1,1,1,1062091200.0,44253799.99999999,1106345000.0,80.0,100.0
APP_NLIU_0697,Rule_3_ii_Financial_Data,132463,XSS,0,0,1,0,1,291418600.0,66231500.0,357650100.0,0.0,20.0
APP_NLIU_0698,Rule_3_iii_v_Health_Medical_Records,1155112,XSS,1,0,1,1,0,2541246400.0,259900199.99999997,2801146600.0,55.00000000000001,55.00000000000001
APP_NLIU_0699,Rule_3_i_Passwords,811560,,1,1,0,1,0,1623120000.0,142023000.0,1765143000.0,65.0,65.0
APP_NLIU_0700,Rule_3_ii_Financial_Data,1305557,CSRF,1,1,1,1,1,3133336800.0,130555699.99999997,3263892500.0,80.0,100.0
APP_NLIU_0701,Rule_3_iii_v_Health_Medical_Records,1544109,CSRF,1,1,1,1,0,3705861600.0,154410899.99999997,3860272500.0,80.0,80.0
APP_NLIU_0702,Rule_3_i_Passwords,1384721,CSRF,1,1,0,1,1,3323330400.0,242326174.99999997,3565656575.0,65.0,85.0
APP_NLIU_0703,Rule_3_ii_Financial_Data,791872,XSS,0,1,0,1,0,1742118400.0000002,296952000.0,2039070400.0000002,25.0,25.0
APP_NLIU_0704,Rule_3_i_Passwords,185685,CSRF,0,1,1,1,0,445644000.0,55705500.0,501349500.0,40.0,40.0
APP_NLIU_0705,Rule_3_i_Passwords,1701355,,1,1,1,1,0,3402710000.0,170135499.99999997,3572845500.0,80.0,80.0
APP_NLIU_0706,Multi_Category_SPDI,1982743,CSRF,1,0,1,1,1,4758583200.0,446117174.99999994,5204700375.0,55.00000000000001,75.0
APP_NLIU_0707,Rule_3_ii_Financial_Data,1550851,,1,1,0,1,0,3101702000.0,271398925.0,3373100925.0,65.0,65.0
APP_NLIU_0708,Rule_3_vi_Biometric_Information,1204195,SQL_Injection,1,0,1,1,0,3612585000.0,270943875.0,3883528875.0,55.00000000000001,55.00000000000001
APP_NLIU_0709,Rule_3_ii_Financial_Data,1659526,Exception_Handling_Failure,0,0,1,1,0,4480720200.0,705298550.0,5186018750.0,15.0,15.0
APP_NLIU_0710,Rule_3_iii_v_Health_Medical_Records,765416,,0,1,1,0,0,1530832000.0,287031000.0,1817863000.0,25.0,25.0
APP_NLIU_0711,Rule_3_vi_Biometric_Information,1053581,SSRF,1,1,1,1,1,2950026800.0,105358099.99999997,3055384900.0,80.0,100.0
APP_NLIU_0712,Rule_3_iii_v_Health_Medical_Records,1287728,,0,1,1,1,0,2575456000.0,386318400.0,2961774400.0,40.0,40.0
APP_NLIU_0713,Rule_3_ii_Financial_Data,1322758,XSS,1,1,1,0,1,2910067600.0,231482650.0,3141550250.0,65.0,85.0
APP_NLIU_0714,Rule_3_ii_Financial_Data,1846422,,1,1,1,1,0,3692844000.0,184642199.99999997,3877486200.0,80.0,80.0
APP_NLIU_0715,Rule_3_ii_Financial_Data,1534451,Exception_Handling_Failure,1,0,1,1,1,4143017700.0000005,345251474.99999994,4488269175.0,55.00000000000001,75.0
APP_NLIU_0716,Multi_Category_SPDI,1909514,CSRF,1,0,0,1,1,4582833600.0,572854200.0,5155687800.0,40.0,60.0
APP_NLIU_0717,Rule_3_vi_Biometric_Information,868018,SSRF,0,1,1,1,1,2430450400.0,260405400.0,2690855800.0,40.0,60.0
APP_NLIU_0718,Multi_Category_SPDI,1449398,CSRF,0,1,0,0,1,3478555200.0,543524250.0,4022079450.0,25.0,45.0
APP_NLIU_0719,Rule_3_i_Passwords,807914,SQL_Injection,1,1,1,1,0,2423742000.0,80791399.99999999,2504533400.0,80.0,80.0
APP_NLIU_0720,Rule_3_iii_v_Health_Medical_Records,759189,SQL_Injection,1,1,1,1,1,2277567000.0,75918899.99999999,2353485900.0,80.0,100.0
APP_NLIU_0721,Multi_Category_SPDI,1256521,SQL_Injection,1,0,1,1,1,3769563000.0,282717225.0,4052280225.0,55.00000000000001,75.0
APP_NLIU_0722,Rule_3_i_Passwords,1611812,XSS,1,0,0,1,0,3545986400.0000005,483543600.0,4029530000.0000005,40.0,40.0
APP_NLIU_0723,Rule_3_i_Passwords,1405707,,1,1,1,1,0,2811414000.0,140570699.99999997,2951984700.0,80.0,80.0
APP_NLIU_0724,Rule_3_iii_v_Health_Medical_Records,227873,SQL_Injection,0,1,0,1,0,683619000.0,85452375.0,769071375.0,25.0,25.0
APP_NLIU_0725,Rule_3_iii_v_Health_Medical_Records,227322,SQL_Injection,0,1,0,1,1,681966000.0,85245750.0,767211750.0,25.0,45.0
APP_NLIU_0726,Rule_3_vi_Biometric_Information,25875,Exception_Handling_Failure,1,1,1,1,0,69862500.0,2587499.9999999995,72450000.0,80.0,80.0
APP_NLIU_0727,Rule_3_i_Passwords,1328777,SSRF,0,1,1,1,1,3720575600.0,398633100.0,4119208700.0,40.0,60.0
APP_NLIU_0728,Rule_3_vi_Biometric_Information,37400,SQL_Injection,1,0,0,1,0,112200000.0,11220000.0,123420000.0,40.0,40.0
APP_NLIU_0729,Rule_3_ii_Financial_Data,469674,SSRF,1,1,0,1,1,1315087200.0,82192950.0,1397280150.0,65.0,85.0
APP_NLIU_0730,Rule_3_i_Passwords,73607,,0,1,1,1,1,147214000.0,22082100.0,169296100.0,40.0,60.0
APP_NLIU_0731,Rule_3_i_Passwords,1927569,,1,1,1,0,1,3855138000.0,337324575.0,4192462575.0,65.0,85.0
APP_NLIU_0732,Rule_3_vi_Biometric_Information,1343223,CSRF,1,1,1,1,0,3223735200.0,134322299.99999997,3358057500.0,80.0,80.0
APP_NLIU_0733,Rule_3_iii_v_Health_Medical_Records,1470557,Exception_Handling_Failure,1,1,0,1,1,3970503900.0000005,257347474.99999997,4227851375.0000005,65.0,85.0
APP_NLIU_0734,Rule_3_iii_v_Health_Medical_Records,1154672,XSS,0,1,1,0,1,2540278400.0,433002000.0,2973280400.0,25.0,45.0
APP_NLIU_0735,Rule_3_ii_Financial_Data,1041970,Exception_Handling_Failure,1,0,1,1,1,2813319000.0,234443249.99999997,3047762250.0,55.00000000000001,75.0
APP_NLIU_0736,Multi_Category_SPDI,1624476,Exception_Handling_Failure,1,0,1,1,1,4386085200.0,365507099.99999994,4751592300.0,55.00000000000001,75.0
APP_NLIU_0737,Rule_3_ii_Financial_Data,889750,Exception_Handling_Failure,1,1,1,1,1,2402325000.0,88974999.99999999,2491300000.0,80.0,100.0
APP_NLIU_0738,Rule_3_vi_Biometric_Information,1315114,CSRF,0,1,1,1,1,3156273600.0,394534200.0,3550807800.0,40.0,60.0
APP_NLIU_0739,Rule_3_ii_Financial_Data,89335,SQL_Injection,1,0,1,1,1,268005000.0,20100374.999999996,288105375.0,55.00000000000001,75.0
APP_NLIU_0740,Rule_3_ii_Financial_Data,368133,XSS,1,0,0,1,1,809892600.0000001,110439900.0,920332500.0000001,40.0,60.0
APP_NLIU_0741,Rule_3_ii_Financial_Data,622300,,1,1,1,1,1,1244600000.0,62229999.999999985,1306830000.0,80.0,100.0
APP_NLIU_0742,Rule_3_ii_Financial_Data,86748,XSS,1,1,0,0,1,190845600.00000003,15180899.999999998,206026500.00000003,65.0,85.0
APP_NLIU_0743,Rule_3_iii_v_Health_Medical_Records,1980508,,1,0,1,1,1,3961016000.0,445614299.99999994,4406630300.0,55.00000000000001,75.0
APP_NLIU_0744,Rule_3_iii_v_Health_Medical_Records,691779,,1,1,1,1,0,1383558000.0,69177899.99999999,1452735900.0,80.0,80.0
APP_NLIU_0745,Rule_3_ii_Financial_Data,1118771,SSRF,0,1,1,0,1,3132558800.0,419539125.0,3552097925.0,25.0,45.0
APP_NLIU_0746,Multi_Category_SPDI,734055,Exception_Handling_Failure,1,1,1,0,0,1981948500.0000002,128459624.99999999,2110408125.0000002,65.0,65.0
APP_NLIU_0747,Rule_3_ii_Financial_Data,1667710,Exception_Handling_Failure,0,0,1,1,0,4502817000.0,708776750.0,5211593750.0,15.0,15.0
APP_NLIU_0748,Rule_3_iii_v_Health_Medical_Records,631692,,1,1,0,0,0,1263384000.0,110546100.0,1373930100.0,65.0,65.0
APP_NLIU_0749,Multi_Category_SPDI,306286,,1,1,1,1,0,612572000.0,30628599.999999993,643200600.0,80.0,80.0
APP_NLIU_0750,Rule_3_iii_v_Health_Medical_Records,790608,Exception_Handling_Failure,0,0,1,1,1,2134641600.0000002,336008400.0,2470650000.0,15.0,35.0
APP_NLIU_0751,Rule_3_i_Passwords,1125116,SSRF,1,1,1,1,0,3150324800.0,112511599.99999997,3262836400.0,80.0,80.0
APP_NLIU_0752,Multi_Category_SPDI,1747225,,1,0,1,0,1,3494450000.0,524167500.0,4018617500.0,40.0,60.0
APP_NLIU_0753,Rule_3_iii_v_Health_Medical_Records,1392668,SQL_Injection,0,1,1,1,0,4178004000.0,417800400.0,4595804400.0,40.0,40.0
APP_NLIU_0754,Rule_3_ii_Financial_Data,1898959,,1,1,1,1,1,3797918000.0,189895899.99999997,3987813900.0,80.0,100.0
APP_NLIU_0755,Rule_3_i_Passwords,1065331,,1,0,0,1,1,2130662000.0,319599300.0,2450261300.0,40.0,60.0
APP_NLIU_0756,Rule_3_vi_Biometric_Information,1830779,CSRF,1,0,1,1,0,4393869600.0,411925274.99999994,4805794875.0,55.00000000000001,55.00000000000001
APP_NLIU_0757,Rule_3_iii_v_Health_Medical_Records,1433705,Exception_Handling_Failure,1,1,1,0,0,3871003500.0000005,250898374.99999997,4121901875.0000005,65.0,65.0
APP_NLIU_0758,Rule_3_iii_v_Health_Medical_Records,1662417,XSS,1,0,1,0,0,3657317400.0000005,498725100.0,4156042500.0000005,40.0,40.0
APP_NLIU_0759,Multi_Category_SPDI,139962,XSS,1,1,1,1,0,307916400.0,13996199.999999996,321912600.0,80.0,80.0
APP_NLIU_0760,Rule_3_vi_Biometric_Information,1934384,CSRF,1,1,1,0,0,4642521600.0,338517200.0,4981038800.0,65.0,65.0
APP_NLIU_0761,Rule_3_i_Passwords,261760,,1,1,1,1,1,523520000.0,26175999.999999993,549696000.0,80.0,100.0
APP_NLIU_0762,Rule_3_ii_Financial_Data,1070751,,1,1,1,1,1,2141502000.0,107075099.99999997,2248577100.0,80.0,100.0
APP_NLIU_0763,Rule_3_ii_Financial_Data,857119,,1,1,1,1,0,1714238000.0,85711899.99999999,1799949900.0,80.0,80.0
APP_NLIU_0764,Rule_3_iii_v_Health_Medical_Records,876415,SSRF,1,0,1,1,1,2453962000.0,197193374.99999997,2651155375.0,55.00000000000001,75.0
APP_NLIU_0765,Rule_3_i_Passwords,486503,,1,0,1,1,0,973006000.0,109463174.99999999,1082469175.0,55.00000000000001,55.00000000000001
APP_NLIU_0766,Rule_3_iii_v_Health_Medical_Records,755071,,1,0,0,1,0,1510142000.0,226521300.0,1736663300.0,40.0,40.0
APP_NLIU_0767,Rule_3_vi_Biometric_Information,1733224,CSRF,1,1,1,1,1,4159737600.0,173322399.99999997,4333060000.0,80.0,100.0
APP_NLIU_0768,Multi_Category_SPDI,51629,SQL_Injection,1,1,1,1,0,154887000.0,5162899.999999999,160049900.0,80.0,80.0
APP_NLIU_0769,Rule_3_ii_Financial_Data,1694643,CSRF,1,1,1,0,0,4067143200.0,296562525.0,4363705725.0,65.0,65.0
APP_NLIU_0770,Rule_3_vi_Biometric_Information,1232448,,1,1,1,0,0,2464896000.0,215678400.0,2680574400.0,65.0,65.0
APP_NLIU_0771,Rule_3_i_Passwords,697727,Exception_Handling_Failure,0,1,0,0,1,1883862900.0000002,261647625.0,2145510525.0000002,25.0,45.0
APP_NLIU_0772,Rule_3_vi_Biometric_Information,1524546,,1,0,1,0,1,3049092000.0,457363800.0,3506455800.0,40.0,60.0
APP_NLIU_0773,Rule_3_i_Passwords,1384233,CSRF,1,0,1,1,1,3322159200.0,311452424.99999994,3633611625.0,55.00000000000001,75.0
APP_NLIU_0774,Rule_3_ii_Financial_Data,1660626,,1,1,1,1,1,3321252000.0,166062599.99999997,3487314600.0,80.0,100.0
APP_NLIU_0775,Rule_3_vi_Biometric_Information,1213670,SQL_Injection,1,1,0,1,1,3641010000.0,212392250.0,3853402250.0,65.0,85.0
APP_NLIU_0776,Rule_3_i_Passwords,1778265,CSRF,1,1,1,1,0,4267836000.0,177826499.99999997,4445662500.0,80.0,80.0
APP_NLIU_0777,Rule_3_ii_Financial_Data,981918,Exception_Handling_Failure,1,1,1,1,1,2651178600.0,98191799.99999999,2749370400.0,80.0,100.0
APP_NLIU_0778,Rule_3_iii_v_Health_Medical_Records,1972739,SQL_Injection,1,1,1,1,1,5918217000.0,197273899.99999997,6115490900.0,80.0,100.0
APP_NLIU_0779,Rule_3_iii_v_Health_Medical_Records,1111517,,1,0,1,1,0,2223034000.0,250091324.99999997,2473125325.0,55.00000000000001,55.00000000000001
APP_NLIU_0780,Rule_3_iii_v_Health_Medical_Records,1359193,SSRF,1,1,1,1,0,3805740399.9999995,135919299.99999997,3941659699.9999995,80.0,80.0
APP_NLIU_0781,Rule_3_iii_v_Health_Medical_Records,715958,Exception_Handling_Failure,1,1,1,1,1,1933086600.0000002,71595799.99999999,2004682400.0000002,80.0,100.0
APP_NLIU_0782,Rule_3_iii_v_Health_Medical_Records,1069616,XSS,1,0,1,1,0,2353155200.0,240663599.99999997,2593818800.0,55.00000000000001,55.00000000000001
APP_NLIU_0783,Rule_3_ii_Financial_Data,1123382,XSS,1,1,0,1,1,2471440400.0,196591850.0,2668032250.0,65.0,85.0
APP_NLIU_0784,Rule_3_ii_Financial_Data,1722222,SQL_Injection,0,1,0,1,0,5166666000.0,645833250.0,5812499250.0,25.0,25.0
APP_NLIU_0785,Rule_3_i_Passwords,205211,SQL_Injection,0,1,1,1,1,615633000.0,61563300.0,677196300.0,40.0,60.0
APP_NLIU_0786,Multi_Category_SPDI,641364,,1,0,1,0,0,1282728000.0,192409200.0,1475137200.0,40.0,40.0
APP_NLIU_0787,Rule_3_iii_v_Health_Medical_Records,60916,CSRF,1,0,1,1,1,146198400.0,13706099.999999998,159904500.0,55.00000000000001,75.0
APP_NLIU_0788,Rule_3_ii_Financial_Data,677960,,1,0,1,1,1,1355920000.0,152540999.99999997,1508461000.0,55.00000000000001,75.0
APP_NLIU_0789,Rule_3_ii_Financial_Data,400507,,1,0,1,1,0,801014000.0,90114074.99999999,891128075.0,55.00000000000001,55.00000000000001
APP_NLIU_0790,Multi_Category_SPDI,1459915,SSRF,0,1,1,1,0,4087761999.9999995,437974500.0,4525736500.0,40.0,40.0
APP_NLIU_0791,Rule_3_i_Passwords,795243,CSRF,0,1,1,1,0,1908583200.0,238572900.0,2147156100.0,40.0,40.0
APP_NLIU_0792,Rule_3_iii_v_Health_Medical_Records,560564,Exception_Handling_Failure,1,1,0,1,1,1513522800.0,98098700.0,1611621500.0,65.0,85.0
APP_NLIU_0793,Rule_3_iii_v_Health_Medical_Records,190217,,0,1,1,1,1,380434000.0,57065100.0,437499100.0,40.0,60.0
APP_NLIU_0794,Rule_3_iii_v_Health_Medical_Records,872481,,1,0,0,1,1,1744962000.0,261744300.0,2006706300.0,40.0,60.0
APP_NLIU_0795,Rule_3_i_Passwords,206750,XSS,1,1,1,0,0,454850000.00000006,36181250.0,491031250.00000006,65.0,65.0
APP_NLIU_0796,Multi_Category_SPDI,1273430,,1,1,1,0,1,2546860000.0,222850250.0,2769710250.0,65.0,85.0
APP_NLIU_0797,Multi_Category_SPDI,751403,SQL_Injection,0,1,0,0,1,2254209000.0,281776125.0,2535985125.0,25.0,45.0
APP_NLIU_0798,Rule_3_iii_v_Health_Medical_Records,949218,,0,0,1,0,1,1898436000.0,474609000.0,2373045000.0,0.0,20.0
APP_NLIU_0799,Rule_3_iii_v_Health_Medical_Records,716045,,1,1,1,1,0,1432090000.0,71604499.99999999,1503694500.0,80.0,80.0
APP_NLIU_0800,Multi_Category_SPDI,1721130,SSRF,1,1,1,1,1,4819164000.0,172112999.99999997,4991277000.0,80.0,100.0
APP_NLIU_0801,Rule_3_iii_v_Health_Medical_Records,1388782,CSRF,0,1,1,1,1,3333076800.0,416634600.0,3749711400.0,40.0,60.0
APP_NLIU_0802,Rule_3_i_Passwords,1204010,SQL_Injection,1,0,1,1,1,3612030000.0,270902250.0,3882932250.0,55.00000000000001,75.0
APP_NLIU_0803,Rule_3_iii_v_Health_Medical_Records,1894507,CSRF,0,1,1,1,0,4546816800.0,568352100.0,5115168900.0,40.0,40.0
APP_NLIU_0804,Rule_3_iii_v_Health_Medical_Records,575569,,1,1,1,1,0,1151138000.0,57556899.999999985,1208694900.0,80.0,80.0
APP_NLIU_0805,Rule_3_ii_Financial_Data,985317,CSRF,0,0,1,1,1,2364760800.0,418759725.0,2783520525.0,15.0,35.0
APP_NLIU_0806,Rule_3_iii_v_Health_Medical_Records,836284,SQL_Injection,1,1,1,1,0,2508852000.0,83628399.99999999,2592480400.0,80.0,80.0
APP_NLIU_0807,Multi_Category_SPDI,791408,CSRF,1,0,1,1,0,1899379200.0,178066799.99999997,2077446000.0,55.00000000000001,55.00000000000001
APP_NLIU_0808,Multi_Category_SPDI,1831557,,0,1,1,1,1,3663114000.0,549467100.0,4212581100.0,40.0,60.0
APP_NLIU_0809,Rule_3_ii_Financial_Data,509869,Exception_Handling_Failure,1,1,1,0,1,1376646300.0,89227075.0,1465873375.0,65.0,85.0
APP_NLIU_0810,Rule_3_i_Passwords,1756772,XSS,1,0,0,1,1,3864898400.0000005,527031600.0,4391930000.0,40.0,60.0
APP_NLIU_0811,Multi_Category_SPDI,1582459,SSRF,1,1,1,1,0,4430885200.0,158245899.99999997,4589131100.0,80.0,80.0
APP_NLIU_0812,Rule_3_vi_Biometric_Information,625218,,0,0,1,1,1,1250436000.0,265717650.0,1516153650.0,15.0,35.0
APP_NLIU_0813,Rule_3_i_Passwords,1200050,,1,1,1,1,0,2400100000.0,120004999.99999997,2520105000.0,80.0,80.0
APP_NLIU_0814,Multi_Category_SPDI,1048302,CSRF,0,1,1,1,0,2515924800.0,314490600.0,2830415400.0,40.0,40.0
APP_NLIU_0815,Multi_Category_SPDI,266745,SQL_Injection,1,1,0,1,0,800235000.0,46680375.0,846915375.0,65.0,65.0
APP_NLIU_0816,Rule_3_iii_v_Health_Medical_Records,1774219,SQL_Injection,1,1,1,1,1,5322657000.0,177421899.99999997,5500078900.0,80.0,100.0
APP_NLIU_0817,Rule_3_iii_v_Health_Medical_Records,1408396,SQL_Injection,1,1,1,1,1,4225188000.0,140839599.99999997,4366027600.0,80.0,100.0
APP_NLIU_0818,Rule_3_ii_Financial_Data,1010635,XSS,1,1,1,1,0,2223397000.0,101063499.99999997,2324460500.0,80.0,80.0
APP_NLIU_0819,Rule_3_i_Passwords,1751659,,1,1,0,1,0,3503318000.0,306540325.0,3809858325.0,65.0,65.0
APP_NLIU_0820,Rule_3_ii_Financial_Data,1235970,XSS,1,0,1,1,1,2719134000.0,278093250.0,2997227250.0,55.00000000000001,75.0
APP_NLIU_0821,Rule_3_vi_Biometric_Information,1755700,,0,0,1,1,0,3511400000.0,746172500.0,4257572500.0,15.0,15.0
APP_NLIU_0822,Rule_3_i_Passwords,1471703,XSS,0,1,1,1,0,3237746600.0000005,441510900.0,3679257500.0000005,40.0,40.0
APP_NLIU_0823,Rule_3_ii_Financial_Data,751648,,1,1,1,1,1,1503296000.0,75164799.99999999,1578460800.0,80.0,100.0
APP_NLIU_0824,Rule_3_ii_Financial_Data,1859413,,1,1,0,1,0,3718826000.0,325397275.0,4044223275.0,65.0,65.0
APP_NLIU_0825,Rule_3_iii_v_Health_Medical_Records,1111698,SSRF,0,0,1,1,1,3112754400.0,472471650.0,3585226050.0,15.0,35.0
APP_NLIU_0826,Multi_Category_SPDI,1012260,CSRF,1,1,1,1,1,2429424000.0,101225999.99999997,2530650000.0,80.0,100.0
APP_NLIU_0827,Rule_3_ii_Financial_Data,759849,Exception_Handling_Failure,1,1,1,1,0,2051592300.0000002,75984899.99999999,2127577200.0000002,80.0,80.0
APP_NLIU_0828,Rule_3_ii_Financial_Data,1286237,SQL_Injection,1,1,1,1,1,3858711000.0,128623699.99999997,3987334700.0,80.0,100.0
APP_NLIU_0829,Rule_3_iii_v_Health_Medical_Records,1706773,CSRF,0,1,1,1,1,4096255200.0,512031900.0,4608287100.0,40.0,60.0
APP_NLIU_0830,Rule_3_ii_Financial_Data,270591,XSS,1,1,0,0,0,595300200.0,47353425.0,642653625.0,65.0,65.0
APP_NLIU_0831,Rule_3_ii_Financial_Data,189215,,0,1,1,1,1,378430000.0,56764500.0,435194500.0,40.0,60.0
APP_NLIU_0832,Rule_3_ii_Financial_Data,1064238,XSS,0,1,1,1,1,2341323600.0,319271400.0,2660595000.0,40.0,60.0
APP_NLIU_0833,Rule_3_i_Passwords,1509793,,1,1,0,1,1,3019586000.0,264213774.99999997,3283799775.0,65.0,85.0
APP_NLIU_0834,Rule_3_i_Passwords,1636146,XSS,0,0,1,1,1,3599521200.0000005,695362050.0,4294883250.0000005,15.0,35.0
APP_NLIU_0835,Rule_3_ii_Financial_Data,403115,,0,1,0,1,1,806230000.0,151168125.0,957398125.0,25.0,45.0
APP_NLIU_0836,Rule_3_ii_Financial_Data,820014,XSS,0,1,1,0,1,1804030800.0000002,307505250.0,2111536050.0000002,25.0,45.0
APP_NLIU_0837,Multi_Category_SPDI,1645335,,1,1,1,1,1,3290670000.0,164533499.99999997,3455203500.0,80.0,100.0
APP_NLIU_0838,Rule_3_ii_Financial_Data,1701377,XSS,0,0,0,1,1,3743029400.0000005,850688500.0,4593717900.0,0.0,20.0
APP_NLIU_0839,Rule_3_iii_v_Health_Medical_Records,1226861,Exception_Handling_Failure,0,0,0,1,0,3312524700.0,613430500.0,3925955200.0,0.0,0.0
APP_NLIU_0840,Rule_3_iii_v_Health_Medical_Records,1685442,Exception_Handling_Failure,1,1,1,0,1,4550693400.0,294952350.0,4845645750.0,65.0,85.0
APP_NLIU_0841,Rule_3_i_Passwords,1915879,XSS,1,1,1,0,0,4214933800.0000005,335278825.0,4550212625.0,65.0,65.0
APP_NLIU_0842,Rule_3_iii_v_Health_Medical_Records,1661069,SQL_Injection,1,1,1,0,1,4983207000.0,290687075.0,5273894075.0,65.0,85.0
APP_NLIU_0843,Rule_3_i_Passwords,865513,SQL_Injection,1,1,1,1,0,2596539000.0,86551299.99999999,2683090300.0,80.0,80.0
APP_NLIU_0844,Multi_Category_SPDI,897215,SQL_Injection,1,1,1,1,0,2691645000.0,89721499.99999999,2781366500.0,80.0,80.0
APP_NLIU_0845,Rule_3_i_Passwords,239631,,1,0,1,1,0,479262000.0,53916974.99999999,533178975.0,55.00000000000001,55.00000000000001
APP_NLIU_0846,Rule_3_ii_Financial_Data,88805,SSRF,0,1,1,1,0,248653999.99999997,26641500.0,275295500.0,40.0,40.0
APP_NLIU_0847,Rule_3_i_Passwords,1178274,SSRF,1,1,0,1,0,3299167200.0,206197950.0,3505365150.0,65.0,65.0
APP_NLIU_0848,Multi_Category_SPDI,173902,,1,1,1,1,0,347804000.0,17390199.999999996,365194200.0,80.0,80.0
APP_NLIU_0849,Rule_3_iii_v_Health_Medical_Records,929570,CSRF,0,1,1,0,0,2230968000.0,348588750.0,2579556750.0,25.0,25.0
APP_NLIU_0850,Rule_3_iii_v_Health_Medical_Records,1064288,XSS,1,1,1,1,1,2341433600.0,106428799.99999997,2447862400.0,80.0,100.0
APP_NLIU_0851,Rule_3_i_Passwords,1397247,SSRF,0,1,1,0,0,3912291599.9999995,523967625.0,4436259225.0,25.0,25.0
APP_NLIU_0852,Rule_3_iii_v_Health_Medical_Records,920885,,1,1,1,0,1,1841770000.0,161154875.0,2002924875.0,65.0,85.0
APP_NLIU_0853,Rule_3_ii_Financial_Data,1704752,,1,1,1,1,1,3409504000.0,170475199.99999997,3579979200.0,80.0,100.0
APP_NLIU_0854,Multi_Category_SPDI,1810262,,1,1,1,1,1,3620524000.0,181026199.99999997,3801550200.0,80.0,100.0
APP_NLIU_0855,Rule_3_ii_Financial_Data,523680,XSS,0,0,1,0,0,1152096000.0,261840000.0,1413936000.0,0.0,0.0
APP_NLIU_0856,Rule_3_i_Passwords,201437,,0,1,1,1,0,402874000.0,60431100.0,463305100.0,40.0,40.0
APP_NLIU_0857,Rule_3_i_Passwords,1665049,SQL_Injection,0,0,1,1,0,4995147000.0,707645825.0,5702792825.0,15.0,15.0
APP_NLIU_0858,Rule_3_ii_Financial_Data,366995,SQL_Injection,0,0,0,1,1,1100985000.0,183497500.0,1284482500.0,0.0,20.0
APP_NLIU_0859,Rule_3_iii_v_Health_Medical_Records,1477598,SQL_Injection,1,0,1,1,0,4432794000.0,332459549.99999994,4765253550.0,55.00000000000001,55.00000000000001
APP_NLIU_0860,Rule_3_i_Passwords,1590074,XSS,1,1,1,1,1,3498162800.0000005,159007399.99999997,3657170200.0000005,80.0,100.0
APP_NLIU_0861,Rule_3_vi_Biometric_Information,41972,XSS,1,1,1,1,0,92338400.00000001,4197199.999999999,96535600.00000001,80.0,80.0
APP_NLIU_0862,Rule_3_ii_Financial_Data,766254,XSS,1,1,0,1,0,1685758800.0000002,134094449.99999999,1819853250.0000002,65.0,65.0
APP_NLIU_0863,Rule_3_iii_v_Health_Medical_Records,301280,SQL_Injection,1,0,1,0,1,903840000.0,90384000.0,994224000.0,40.0,60.0
APP_NLIU_0864,Rule_3_ii_Financial_Data,442513,XSS,1,0,0,1,0,973528600.0000001,132753900.0,1106282500.0,40.0,40.0
APP_NLIU_0865,Rule_3_ii_Financial_Data,1956453,,0,1,1,1,0,3912906000.0,586935900.0,4499841900.0,40.0,40.0
APP_NLIU_0866,Rule_3_iii_v_Health_Medical_Records,807377,XSS,1,0,1,1,1,1776229400.0000002,181659824.99999997,1957889225.0000002,55.00000000000001,75.0
APP_NLIU_0867,Rule_3_i_Passwords,755561,,1,1,1,1,0,1511122000.0,75556099.99999999,1586678100.0,80.0,80.0
APP_NLIU_0868,Rule_3_i_Passwords,1394900,SSRF,1,1,1,1,1,3905719999.9999995,139489999.99999997,4045209999.9999995,80.0,100.0
APP_NLIU_0869,Multi_Category_SPDI,1386173,,1,1,1,1,0,2772346000.0,138617299.99999997,2910963300.0,80.0,80.0
APP_NLIU_0870,Multi_Category_SPDI,876836,XSS,1,1,0,1,1,1929039200.0000002,153446300.0,2082485500.0000002,65.0,85.0
APP_NLIU_0871,Rule_3_ii_Financial_Data,935728,SSRF,0,0,1,1,1,2620038400.0,397684400.0,3017722800.0,15.0,35.0
APP_NLIU_0872,Rule_3_ii_Financial_Data,1056628,SSRF,1,1,1,1,0,2958558400.0,105662799.99999997,3064221200.0,80.0,80.0
APP_NLIU_0873,Rule_3_iii_v_Health_Medical_Records,294416,Exception_Handling_Failure,0,1,1,0,1,794923200.0,110406000.0,905329200.0,25.0,45.0
APP_NLIU_0874,Rule_3_ii_Financial_Data,1356870,,1,1,1,1,0,2713740000.0,135686999.99999997,2849427000.0,80.0,80.0
APP_NLIU_0875,Rule_3_i_Passwords,756564,XSS,1,0,1,0,0,1664440800.0000002,226969200.0,1891410000.0000002,40.0,40.0
APP_NLIU_0876,Rule_3_i_Passwords,153388,CSRF,1,1,1,1,1,368131200.0,15338799.999999996,383470000.0,80.0,100.0
APP_NLIU_0877,Rule_3_iii_v_Health_Medical_Records,1500181,,1,1,1,1,1,3000362000.0,150018099.99999997,3150380100.0,80.0,100.0
APP_NLIU_0878,Rule_3_iii_v_Health_Medical_Records,1716176,Exception_Handling_Failure,1,0,1,1,1,4633675200.0,386139599.99999994,5019814800.0,55.00000000000001,75.0
APP_NLIU_0879,Rule_3_i_Passwords,888527,XSS,0,1,1,1,1,1954759400.0000002,266558100.0,2221317500.0,40.0,60.0
APP_NLIU_0880,Rule_3_ii_Financial_Data,1384494,XSS,0,0,0,1,1,3045886800.0000005,692247000.0,3738133800.0000005,0.0,20.0
APP_NLIU_0881,Rule_3_ii_Financial_Data,834607,SSRF,1,1,1,1,1,2336899600.0,83460699.99999999,2420360300.0,80.0,100.0
APP_NLIU_0882,Rule_3_iii_v_Health_Medical_Records,398781,Exception_Handling_Failure,0,1,1,1,1,1076708700.0,119634300.0,1196343000.0,40.0,60.0
APP_NLIU_0883,Rule_3_i_Passwords,1009802,CSRF,0,1,1,1,1,2423524800.0,302940600.0,2726465400.0,40.0,60.0
APP_NLIU_0884,Rule_3_i_Passwords,993598,,0,1,1,1,0,1987196000.0,298079400.0,2285275400.0,40.0,40.0
APP_NLIU_0885,Rule_3_vi_Biometric_Information,1069951,XSS,1,1,1,1,1,2353892200.0,106995099.99999997,2460887300.0,80.0,100.0
APP_NLIU_0886,Rule_3_i_Passwords,554998,XSS,0,1,1,1,1,1220995600.0,166499400.0,1387495000.0,40.0,60.0
APP_NLIU_0887,Rule_3_iii_v_Health_Medical_Records,1758831,XSS,1,1,1,1,1,3869428200.0000005,175883099.99999997,4045311300.0000005,80.0,100.0
APP_NLIU_0888,Rule_3_ii_Financial_Data,783912,,1,0,1,1,0,1567824000.0,176380199.99999997,1744204200.0,55.00000000000001,55.00000000000001
APP_NLIU_0889,Rule_3_i_Passwords,999143,,1,1,1,1,1,1998286000.0,99914299.99999999,2098200300.0,80.0,100.0
APP_NLIU_0890,Rule_3_ii_Financial_Data,675534,XSS,0,1,1,0,1,1486174800.0000002,253325250.0,1739500050.0000002,25.0,45.0
APP_NLIU_0891,Rule_3_iii_v_Health_Medical_Records,1422746,,1,1,1,1,1,2845492000.0,142274599.99999997,2987766600.0,80.0,100.0
APP_NLIU_0892,Multi_Category_SPDI,485545,XSS,1,1,1,1,1,1068199000.0000001,48554499.99999999,1116753500.0,80.0,100.0
APP_NLIU_0893,Rule_3_vi_Biometric_Information,32597,XSS,1,1,1,1,1,71713400.0,3259699.999999999,74973100.0,80.0,100.0
APP_NLIU_0894,Rule_3_ii_Financial_Data,1390009,SSRF,1,1,1,1,1,3892025199.9999995,139000899.99999997,4031026099.9999995,80.0,100.0
APP_NLIU_0895,Rule_3_iii_v_Health_Medical_Records,436613,XSS,1,1,1,1,1,960548600.0000001,43661299.99999999,1004209900.0000001,80.0,100.0
APP_NLIU_0896,Rule_3_ii_Financial_Data,955573,SSRF,0,1,1,1,0,2675604400.0,286671900.0,2962276300.0,40.0,40.0
APP_NLIU_0897,Rule_3_ii_Financial_Data,1139263,,1,1,1,1,1,2278526000.0,113926299.99999997,2392452300.0,80.0,100.0
APP_NLIU_0898,Multi_Category_SPDI,123968,CSRF,0,1,1,0,0,297523200.0,46488000.0,344011200.0,25.0,25.0
APP_NLIU_0899,Rule_3_i_Passwords,1618138,,0,0,1,0,0,3236276000.0,809069000.0,4045345000.0,0.0,0.0
APP_NLIU_0900,Rule_3_i_Passwords,1521029,XSS,1,0,1,0,1,3346263800.0000005,456308700.0,3802572500.0000005,40.0,60.0
APP_NLIU_0901,Rule_3_ii_Financial_Data,208570,Exception_Handling_Failure,1,1,1,1,0,563139000.0,20856999.999999996,583996000.0,80.0,80.0
APP_NLIU_0902,Rule_3_i_Passwords,1484989,XSS,0,0,1,1,1,3266975800.0000005,631120325.0,3898096125.0000005,15.0,35.0
APP_NLIU_0903,Rule_3_i_Passwords,1626498,SQL_Injection,1,1,1,1,1,4879494000.0,162649799.99999997,5042143800.0,80.0,100.0
APP_NLIU_0904,Rule_3_iii_v_Health_Medical_Records,821473,CSRF,1,1,0,1,1,1971535200.0,143757775.0,2115292975.0,65.0,85.0
APP_NLIU_0905,Rule_3_ii_Financial_Data,929752,SQL_Injection,0,0,1,0,0,2789256000.0,464876000.0,3254132000.0,0.0,0.0
APP_NLIU_0906,Multi_Category_SPDI,352509,Exception_Handling_Failure,1,1,1,0,0,951774300.0000001,61689074.99999999,1013463375.0000001,65.0,65.0
APP_NLIU_0907,Rule_3_vi_Biometric_Information,924707,XSS,1,1,1,1,0,2034355400.0000002,92470699.99999999,2126826100.0000002,80.0,80.0
APP_NLIU_0908,Rule_3_ii_Financial_Data,843418,,1,1,1,0,0,1686836000.0,147598150.0,1834434150.0,65.0,65.0
APP_NLIU_0909,Rule_3_ii_Financial_Data,1865378,SSRF,0,0,1,0,1,5223058400.0,932689000.0,6155747400.0,0.0,20.0
APP_NLIU_0910,Rule_3_ii_Financial_Data,302391,SSRF,0,1,0,1,1,846694800.0,113396625.0,960091425.0,25.0,45.0
APP_NLIU_0911,Rule_3_iii_v_Health_Medical_Records,1964411,XSS,0,1,1,1,1,4321704200.0,589323300.0,4911027500.0,40.0,60.0
APP_NLIU_0912,Rule_3_ii_Financial_Data,1435264,,0,0,1,0,1,2870528000.0,717632000.0,3588160000.0,0.0,20.0
APP_NLIU_0913,Rule_3_iii_v_Health_Medical_Records,211994,,1,1,1,1,1,423988000.0,21199399.999999996,445187400.0,80.0,100.0
APP_NLIU_0914,Rule_3_ii_Financial_Data,785768,XSS,1,1,1,1,1,1728689600.0000002,78576799.99999999,1807266400.0000002,80.0,100.0
APP_NLIU_0915,Rule_3_iii_v_Health_Medical_Records,1447226,XSS,1,0,1,0,0,3183897200.0000005,434167800.0,3618065000.0000005,40.0,40.0
APP_NLIU_0916,Rule_3_ii_Financial_Data,1640846,SQL_Injection,1,1,1,1,1,4922538000.0,164084599.99999997,5086622600.0,80.0,100.0
APP_NLIU_0917,Rule_3_ii_Financial_Data,1905188,,0,1,1,1,0,3810376000.0,571556400.0,4381932400.0,40.0,40.0
APP_NLIU_0918,Multi_Category_SPDI,637822,Exception_Handling_Failure,1,0,0,0,1,1722119400.0,191346600.0,1913466000.0,40.0,60.0
APP_NLIU_0919,Rule_3_vi_Biometric_Information,694834,CSRF,1,0,1,1,0,1667601600.0,156337649.99999997,1823939250.0,55.00000000000001,55.00000000000001
APP_NLIU_0920,Rule_3_i_Passwords,1340364,XSS,0,0,0,1,1,2948800800.0,670182000.0,3618982800.0,0.0,20.0
APP_NLIU_0921,Multi_Category_SPDI,567781,SQL_Injection,0,0,1,1,0,1703343000.0,241306925.0,1944649925.0,15.0,15.0
APP_NLIU_0922,Rule_3_ii_Financial_Data,350968,,1,1,1,1,0,701936000.0,35096799.99999999,737032800.0,80.0,80.0
APP_NLIU_0923,Multi_Category_SPDI,519922,SSRF,1,0,0,1,1,1455781600.0,155976600.0,1611758200.0,40.0,60.0
APP_NLIU_0924,Rule_3_vi_Biometric_Information,926463,Exception_Handling_Failure,1,1,1,1,0,2501450100.0,92646299.99999999,2594096400.0,80.0,80.0
APP_NLIU_0925,Rule_3_ii_Financial_Data,838721,SSRF,0,1,1,1,0,2348418800.0,251616300.0,2600035100.0,40.0,40.0
APP_NLIU_0926,Rule_3_i_Passwords,1982223,,0,1,0,1,0,3964446000.0,743333625.0,4707779625.0,25.0,25.0
APP_NLIU_0927,Rule_3_ii_Financial_Data,437809,,1,0,1,0,0,875618000.0,131342700.0,1006960700.0,40.0,40.0
APP_NLIU_0928,Rule_3_iii_v_Health_Medical_Records,437331,Exception_Handling_Failure,1,1,0,1,1,1180793700.0,76532925.0,1257326625.0,65.0,85.0
APP_NLIU_0929,Rule_3_iii_v_Health_Medical_Records,771505,Exception_Handling_Failure,0,0,1,0,1,2083063500.0000002,385752500.0,2468816000.0,0.0,20.0
APP_NLIU_0930,Rule_3_ii_Financial_Data,1731476,,1,1,0,1,1,3462952000.0,303008300.0,3765960300.0,65.0,85.0
APP_NLIU_0931,Rule_3_i_Passwords,302625,SQL_Injection,1,1,1,1,0,907875000.0,30262499.999999993,938137500.0,80.0,80.0
APP_NLIU_0932,Rule_3_vi_Biometric_Information,231577,CSRF,1,1,1,1,0,555784800.0,23157699.999999996,578942500.0,80.0,80.0
APP_NLIU_0933,Multi_Category_SPDI,1654961,SSRF,0,1,1,1,1,4633890800.0,496488300.0,5130379100.0,40.0,60.0
APP_NLIU_0934,Rule_3_iii_v_Health_Medical_Records,814010,,1,1,1,1,0,1628020000.0,81400999.99999999,1709421000.0,80.0,80.0
APP_NLIU_0935,Rule_3_i_Passwords,935291,CSRF,1,1,1,1,0,2244698400.0,93529099.99999999,2338227500.0,80.0,80.0
APP_NLIU_0936,Rule_3_ii_Financial_Data,1387768,,1,1,1,1,1,2775536000.0,138776799.99999997,2914312800.0,80.0,100.0
APP_NLIU_0937,Rule_3_i_Passwords,519771,Exception_Handling_Failure,0,1,1,0,1,1403381700.0,194914125.0,1598295825.0,25.0,45.0
APP_NLIU_0938,Multi_Category_SPDI,188951,SSRF,0,1,1,1,0,529062799.99999994,56685300.0,585748100.0,40.0,40.0
APP_NLIU_0939,Rule_3_i_Passwords,146668,SSRF,1,1,1,1,0,410670400.0,14666799.999999996,425337200.0,80.0,80.0
APP_NLIU_0940,Rule_3_iii_v_Health_Medical_Records,1507461,CSRF,1,1,1,1,1,3617906400.0,150746099.99999997,3768652500.0,80.0,100.0
APP_NLIU_0941,Rule_3_ii_Financial_Data,418146,XSS,1,1,1,1,0,919921200.0000001,41814599.99999999,961735800.0000001,80.0,80.0
APP_NLIU_0942,Rule_3_iii_v_Health_Medical_Records,184022,SSRF,1,1,1,1,1,515261599.99999994,18402199.999999996,533663799.99999994,80.0,100.0
APP_NLIU_0943,Rule_3_iii_v_Health_Medical_Records,887169,SQL_Injection,0,1,1,1,1,2661507000.0,266150700.0,2927657700.0,40.0,60.0
APP_NLIU_0944,Rule_3_vi_Biometric_Information,1334407,,1,0,1,1,1,2668814000.0,300241575.0,2969055575.0,55.00000000000001,75.0
APP_NLIU_0945,Rule_3_ii_Financial_Data,451049,,1,0,1,1,0,902098000.0,101486024.99999999,1003584025.0,55.00000000000001,55.00000000000001
APP_NLIU_0946,Rule_3_i_Passwords,1176116,CSRF,1,1,1,1,0,2822678400.0,117611599.99999997,2940290000.0,80.0,80.0
APP_NLIU_0947,Rule_3_i_Passwords,696349,CSRF,0,1,1,0,1,1671237600.0,261130875.0,1932368475.0,25.0,45.0
APP_NLIU_0948,Multi_Category_SPDI,821615,SQL_Injection,1,1,1,1,0,2464845000.0,82161499.99999999,2547006500.0,80.0,80.0
APP_NLIU_0949,Multi_Category_SPDI,1336478,Exception_Handling_Failure,1,1,0,1,0,3608490600.0,233883650.0,3842374250.0,65.0,65.0
APP_NLIU_0950,Rule_3_iii_v_Health_Medical_Records,1710018,,1,1,1,1,0,3420036000.0,171001799.99999997,3591037800.0,80.0,80.0
APP_NLIU_0951,Rule_3_iii_v_Health_Medical_Records,767301,SQL_Injection,1,1,1,1,0,2301903000.0,76730099.99999999,2378633100.0,80.0,80.0
APP_NLIU_0952,Rule_3_iii_v_Health_Medical_Records,625656,SSRF,1,0,1,1,1,1751836800.0,140772600.0,1892609400.0,55.00000000000001,75.0
APP_NLIU_0953,Rule_3_i_Passwords,1623755,,1,1,0,1,1,3247510000.0,284157125.0,3531667125.0,65.0,85.0
APP_NLIU_0954,Multi_Category_SPDI,51901,Exception_Handling_Failure,1,0,1,1,1,140132700.0,11677724.999999998,151810425.0,55.00000000000001,75.0
APP_NLIU_0955,Rule_3_ii_Financial_Data,1530304,SQL_Injection,1,1,1,1,1,4590912000.0,153030399.99999997,4743942400.0,80.0,100.0
APP_NLIU_0956,Rule_3_ii_Financial_Data,371056,Exception_Handling_Failure,1,0,1,1,0,1001851200.0000001,83487599.99999999,1085338800.0,55.00000000000001,55.00000000000001
APP_NLIU_0957,Rule_3_iii_v_Health_Medical_Records,600350,CSRF,1,1,1,0,1,1440840000.0,105061250.0,1545901250.0,65.0,85.0
APP_NLIU_0958,Rule_3_i_Passwords,494838,CSRF,0,1,1,1,0,1187611200.0,148451400.0,1336062600.0,40.0,40.0
APP_NLIU_0959,Rule_3_i_Passwords,1730499,,0,0,1,1,0,3460998000.0,735462075.0,4196460075.0,15.0,15.0
APP_NLIU_0960,Rule_3_iii_v_Health_Medical_Records,1912016,,1,1,1,1,0,3824032000.0,191201599.99999997,4015233600.0,80.0,80.0
APP_NLIU_0961,Rule_3_i_Passwords,400991,XSS,1,1,1,1,1,882180200.0000001,40099099.99999999,922279300.0000001,80.0,100.0
APP_NLIU_0962,Rule_3_iii_v_Health_Medical_Records,1986908,,1,0,0,1,0,3973816000.0,596072400.0,4569888400.0,40.0,40.0
APP_NLIU_0963,Rule_3_ii_Financial_Data,1557104,XSS,0,1,1,0,1,3425628800.0000005,583914000.0,4009542800.0000005,25.0,45.0
APP_NLIU_0964,Rule_3_ii_Financial_Data,1572725,,0,1,0,1,1,3145450000.0,589771875.0,3735221875.0,25.0,45.0
APP_NLIU_0965,Rule_3_ii_Financial_Data,809406,XSS,0,1,1,1,0,1780693200.0000002,242821800.0,2023515000.0000002,40.0,40.0
APP_NLIU_0966,Rule_3_ii_Financial_Data,1731324,,1,0,1,1,0,3462648000.0,389547899.99999994,3852195900.0,55.00000000000001,55.00000000000001
APP_NLIU_0967,Rule_3_iii_v_Health_Medical_Records,609879,,1,0,1,0,1,1219758000.0,182963700.0,1402721700.0,40.0,60.0
APP_NLIU_0968,Rule_3_ii_Financial_Data,1306566,SQL_Injection,1,1,1,1,1,3919698000.0,130656599.99999997,4050354600.0,80.0,100.0
APP_NLIU_0969,Rule_3_iii_v_Health_Medical_Records,285759,,0,0,0,1,1,571518000.0,142879500.0,714397500.0,0.0,20.0
APP_NLIU_0970,Rule_3_ii_Financial_Data,960390,,1,0,0,1,0,1920780000.0,288117000.0,2208897000.0,40.0,40.0
APP_NLIU_0971,Rule_3_iii_v_Health_Medical_Records,27838,,1,1,1,1,0,55676000.0,2783799.9999999995,58459800.0,80.0,80.0
APP_NLIU_0972,Multi_Category_SPDI,1356448,SSRF,0,1,1,1,0,3798054399.9999995,406934400.0,4204988799.9999995,40.0,40.0
APP_NLIU_0973,Rule_3_iii_v_Health_Medical_Records,1694113,,1,1,0,1,0,3388226000.0,296469775.0,3684695775.0,65.0,65.0
APP_NLIU_0974,Rule_3_ii_Financial_Data,607288,,0,1,1,0,0,1214576000.0,227733000.0,1442309000.0,25.0,25.0
APP_NLIU_0975,Rule_3_i_Passwords,1368518,CSRF,1,1,1,1,1,3284443200.0,136851799.99999997,3421295000.0,80.0,100.0
APP_NLIU_0976,Rule_3_ii_Financial_Data,1028404,,1,1,1,0,0,2056808000.0,179970700.0,2236778700.0,65.0,65.0
APP_NLIU_0977,Rule_3_iii_v_Health_Medical_Records,470992,SQL_Injection,1,0,1,1,1,1412976000.0,105973199.99999999,1518949200.0,55.00000000000001,75.0
APP_NLIU_0978,Rule_3_i_Passwords,1990702,SQL_Injection,0,1,1,1,0,5972106000.0,597210600.0,6569316600.0,40.0,40.0
APP_NLIU_0979,Rule_3_ii_Financial_Data,149608,XSS,0,1,0,1,0,329137600.0,56103000.0,385240600.0,25.0,25.0
APP_NLIU_0980,Rule_3_iii_v_Health_Medical_Records,141772,XSS,1,1,0,1,0,311898400.0,24810100.0,336708500.0,65.0,65.0
APP_NLIU_0981,Rule_3_ii_Financial_Data,699199,Exception_Handling_Failure,0,1,0,1,0,1887837300.0000002,262199625.0,2150036925.0,25.0,25.0
APP_NLIU_0982,Rule_3_vi_Biometric_Information,801680,SQL_Injection,1,1,0,1,1,2405040000.0,140294000.0,2545334000.0,65.0,85.0
APP_NLIU_0983,Rule_3_i_Passwords,1098867,,1,0,1,1,0,2197734000.0,247245074.99999997,2444979075.0,55.00000000000001,55.00000000000001
APP_NLIU_0984,Rule_3_i_Passwords,1922637,SQL_Injection,1,0,1,1,1,5767911000.0,432593324.99999994,6200504325.0,55.00000000000001,75.0
APP_NLIU_0985,Rule_3_iii_v_Health_Medical_Records,220963,SQL_Injection,1,1,1,0,1,662889000.0,38668525.0,701557525.0,65.0,85.0
APP_NLIU_0986,Rule_3_ii_Financial_Data,1179188,SQL_Injection,1,1,1,0,1,3537564000.0,206357900.0,3743921900.0,65.0,85.0
APP_NLIU_0987,Rule_3_iii_v_Health_Medical_Records,1595041,XSS,1,0,0,1,1,3509090200.0000005,478512300.0,3987602500.0000005,40.0,60.0
APP_NLIU_0988,Rule_3_ii_Financial_Data,1466275,,1,1,0,1,1,2932550000.0,256598124.99999997,3189148125.0,65.0,85.0
APP_NLIU_0989,Rule_3_ii_Financial_Data,48815,Exception_Handling_Failure,0,1,1,1,0,131800500.00000001,14644500.0,146445000.0,40.0,40.0
APP_NLIU_0990,Rule_3_vi_Biometric_Information,829965,,0,1,0,1,1,1659930000.0,311236875.0,1971166875.0,25.0,45.0
APP_NLIU_0991,Rule_3_vi_Biometric_Information,1840034,SQL_Injection,0,1,1,1,1,5520102000.0,552010200.0,6072112200.0,40.0,60.0
APP_NLIU_0992,Rule_3_iii_v_Health_Medical_Records,109997,XSS,1,0,1,1,0,241993400.00000003,24749324.999999996,266742725.00000003,55.00000000000001,55.00000000000001
APP_NLIU_0993,Rule_3_ii_Financial_Data,1114187,XSS,1,1,1,1,1,2451211400.0,111418699.99999997,2562630100.0,80.0,100.0
APP_NLIU_0994,Rule_3_iii_v_Health_Medical_Records,616530,XSS,1,1,1,0,1,1356366000.0,107892750.0,1464258750.0,65.0,85.0
APP_NLIU_0995,Rule_3_ii_Financial_Data,422876,SQL_Injection,1,0,0,1,1,1268628000.0,126862800.0,1395490800.0,40.0,60.0
APP_NLIU_0996,Rule_3_i_Passwords,715463,Exception_Handling_Failure,1,1,1,0,0,1931750100.0000002,125206024.99999999,2056956125.0000002,65.0,65.0
APP_NLIU_0997,Multi_Category_SPDI,372057,XSS,1,1,1,1,0,818525400.0000001,37205699.99999999,855731100.0000001,80.0,80.0
APP_NLIU_0998,Rule_3_i_Passwords,47082,,0,0,1,1,0,94164000.0,20009850.0,114173850.0,15.0,15.0
APP_NLIU_0999,Multi_Category_SPDI,152330,XSS,1,1,1,1,1,335126000.0,15232999.999999996,350359000.0,80.0,100.0
APP_NLIU_1000,Rule_3_ii_Financial_Data,632901,SQL_Injection,1,0,0,1,0,1898703000.0,189870300.0,2088573300.0,40.0,40.0
APP_NLIU_1001,Rule_3_i_Passwords,889747,Exception_Handling_Failure,1,1,1,1,0,2402316900.0,88974699.99999999,2491291600.0,80.0,80.0
APP_NLIU_1002,Rule_3_iii_v_Health_Medical_Records,881122,SSRF,0,1,1,1,0,2467141600.0,264336600.0,2731478200.0,40.0,40.0
APP_NLIU_1003,Multi_Category_SPDI,100220,,1,1,1,1,0,200440000.0,10021999.999999998,210462000.0,80.0,80.0
APP_NLIU_1004,Rule_3_iii_v_Health_Medical_Records,1593253,Exception_Handling_Failure,1,1,1,1,0,4301783100.0,159325299.99999997,4461108400.0,80.0,80.0
APP_NLIU_1005,Rule_3_vi_Biometric_Information,96860,SSRF,1,1,0,1,1,271208000.0,16950500.0,288158500.0,65.0,85.0
APP_NLIU_1006,Rule_3_iii_v_Health_Medical_Records,688045,,1,1,0,1,1,1376090000.0,120407874.99999999,1496497875.0,65.0,85.0
APP_NLIU_1007,Rule_3_iii_v_Health_Medical_Records,1506012,XSS,1,1,1,1,0,3313226400.0000005,150601199.99999997,3463827600.0000005,80.0,80.0
APP_NLIU_1008,Rule_3_vi_Biometric_Information,949699,SQL_Injection,0,1,1,1,1,2849097000.0,284909700.0,3134006700.0,40.0,60.0
APP_NLIU_1009,Rule_3_ii_Financial_Data,26797,Exception_Handling_Failure,0,1,1,1,1,72351900.0,8039100.0,80391000.0,40.0,60.0
APP_NLIU_1010,Rule_3_ii_Financial_Data,1951983,CSRF,1,1,1,1,0,4684759200.0,195198299.99999997,4879957500.0,80.0,80.0
APP_NLIU_1011,Rule_3_ii_Financial_Data,888601,,0,0,1,1,1,1777202000.0,377655425.0,2154857425.0,15.0,35.0
APP_NLIU_1012,Multi_Category_SPDI,1823803,,1,0,1,1,0,3647606000.0,410355674.99999994,4057961675.0,55.00000000000001,55.00000000000001
APP_NLIU_1013,Multi_Category_SPDI,595620,,1,1,1,0,1,1191240000.0,104233500.0,1295473500.0,65.0,85.0
APP_NLIU_1014,Rule_3_i_Passwords,765943,XSS,1,1,1,0,1,1685074600.0000002,134040024.99999999,1819114625.0000002,65.0,85.0
APP_NLIU_1015,Rule_3_iii_v_Health_Medical_Records,1278573,XSS,0,1,0,1,1,2812860600.0,479464875.0,3292325475.0,25.0,45.0
APP_NLIU_1016,Multi_Category_SPDI,461123,,1,0,1,1,0,922246000.0,103752674.99999999,1025998675.0,55.00000000000001,55.00000000000001
APP_NLIU_1017,Rule_3_i_Passwords,1453980,SQL_Injection,0,1,1,1,1,4361940000.0,436194000.0,4798134000.0,40.0,60.0
APP_NLIU_1018,Rule_3_iii_v_Health_Medical_Records,290840,XSS,1,0,0,0,1,639848000.0,87252000.0,727100000.0,40.0,60.0
APP_NLIU_1019,Multi_Category_SPDI,1055600,XSS,1,1,1,1,1,2322320000.0,105559999.99999997,2427880000.0,80.0,100.0
APP_NLIU_1020,Rule_3_i_Passwords,434201,SQL_Injection,1,1,1,1,1,1302603000.0,43420099.99999999,1346023100.0,80.0,100.0
APP_NLIU_1021,Rule_3_iii_v_Health_Medical_Records,666944,XSS,0,0,1,1,1,1467276800.0,283451200.0,1750728000.0,15.0,35.0
APP_NLIU_1022,Rule_3_ii_Financial_Data,1406718,,1,1,1,0,0,2813436000.0,246175649.99999997,3059611650.0,65.0,65.0
APP_NLIU_1023,Multi_Category_SPDI,163116,,0,1,1,1,0,326232000.0,48934800.0,375166800.0,40.0,40.0
APP_NLIU_1024,Multi_Category_SPDI,786627,SQL_Injection,1,0,1,0,1,2359881000.0,235988100.0,2595869100.0,40.0,60.0
APP_NLIU_1025,Multi_Category_SPDI,272429,SQL_Injection,1,1,1,0,1,817287000.0,47675075.0,864962075.0,65.0,85.0
APP_NLIU_1026,Rule_3_ii_Financial_Data,461331,CSRF,1,1,0,1,0,1107194400.0,80732925.0,1187927325.0,65.0,65.0
APP_NLIU_1027,Multi_Category_SPDI,798802,,1,0,1,0,0,1597604000.0,239640600.0,1837244600.0,40.0,40.0
APP_NLIU_1028,Rule_3_vi_Biometric_Information,22903,SQL_Injection,1,1,1,1,0,68709000.0,2290299.9999999995,70999300.0,80.0,80.0
APP_NLIU_1029,Rule_3_ii_Financial_Data,692859,,0,0,1,1,1,1385718000.0,294465075.0,1680183075.0,15.0,35.0
APP_NLIU_1030,Rule_3_vi_Biometric_Information,1937912,SQL_Injection,1,1,0,1,1,5813736000.0,339134600.0,6152870600.0,65.0,85.0
APP_NLIU_1031,Rule_3_i_Passwords,814427,Exception_Handling_Failure,0,1,1,1,1,2198952900.0,244328100.0,2443281000.0,40.0,60.0
APP_NLIU_1032,Rule_3_iii_v_Health_Medical_Records,372304,CSRF,0,1,1,1,0,893529600.0,111691200.0,1005220800.0,40.0,40.0
APP_NLIU_1033,Rule_3_ii_Financial_Data,433416,,0,0,1,1,0,866832000.0,184201800.0,1051033800.0,15.0,15.0
APP_NLIU_1034,Rule_3_i_Passwords,1666241,SSRF,0,0,1,1,1,4665474800.0,708152425.0,5373627225.0,15.0,35.0
APP_NLIU_1035,Rule_3_i_Passwords,1255050,Exception_Handling_Failure,1,1,0,0,0,3388635000.0,219633750.0,3608268750.0,65.0,65.0
APP_NLIU_1036,Rule_3_iii_v_Health_Medical_Records,411782,SSRF,1,1,1,1,0,1152989600.0,41178199.99999999,1194167800.0,80.0,80.0
APP_NLIU_1037,Rule_3_ii_Financial_Data,1877830,,0,1,1,1,1,3755660000.0,563349000.0,4319009000.0,40.0,60.0
APP_NLIU_1038,Rule_3_iii_v_Health_Medical_Records,374556,,0,0,1,0,1,749112000.0,187278000.0,936390000.0,0.0,20.0
APP_NLIU_1039,Rule_3_i_Passwords,842654,SQL_Injection,1,1,1,1,0,2527962000.0,84265399.99999999,2612227400.0,80.0,80.0
APP_NLIU_1040,Rule_3_ii_Financial_Data,1934096,,1,1,1,1,1,3868192000.0,193409599.99999997,4061601600.0,80.0,100.0
APP_NLIU_1041,Rule_3_iii_v_Health_Medical_Records,498301,XSS,1,1,1,0,0,1096262200.0,87202675.0,1183464875.0,65.0,65.0
APP_NLIU_1042,Rule_3_vi_Biometric_Information,1406170,SQL_Injection,1,1,1,0,0,4218510000.0,246079749.99999997,4464589750.0,65.0,65.0
APP_NLIU_1043,Rule_3_ii_Financial_Data,448884,XSS,1,1,1,1,1,987544800.0000001,44888399.99999999,1032433200.0000001,80.0,100.0
APP_NLIU_1044,Rule_3_iii_v_Health_Medical_Records,638654,SSRF,1,0,0,1,1,1788231200.0,191596200.0,1979827400.0,40.0,60.0
APP_NLIU_1045,Multi_Category_SPDI,1425798,,1,1,1,1,0,2851596000.0,142579799.99999997,2994175800.0,80.0,80.0
APP_NLIU_1046,Rule_3_iii_v_Health_Medical_Records,593141,,0,0,1,1,1,1186282000.0,252084925.0,1438366925.0,15.0,35.0
APP_NLIU_1047,Rule_3_ii_Financial_Data,190715,SQL_Injection,1,1,1,1,0,572145000.0,19071499.999999996,591216500.0,80.0,80.0
APP_NLIU_1048,Rule_3_i_Passwords,915226,XSS,0,1,0,1,1,2013497200.0000002,343209750.0,2356706950.0,25.0,45.0
APP_NLIU_1049,Multi_Category_SPDI,158405,,1,1,1,0,0,316810000.0,27720875.0,344530875.0,65.0,65.0
APP_NLIU_1050,Rule_3_i_Passwords,1462750,,1,1,1,1,1,2925500000.0,146274999.99999997,3071775000.0,80.0,100.0
APP_NLIU_1051,Multi_Category_SPDI,1630306,XSS,1,1,1,0,1,3586673200.0000005,285303550.0,3871976750.0000005,65.0,85.0
APP_NLIU_1052,Rule_3_iii_v_Health_Medical_Records,419170,,0,1,1,0,1,838340000.0,157188750.0,995528750.0,25.0,45.0
APP_NLIU_1053,Multi_Category_SPDI,1284331,XSS,1,0,0,1,1,2825528200.0,385299300.0,3210827500.0,40.0,60.0
APP_NLIU_1054,Rule_3_vi_Biometric_Information,538963,CSRF,0,1,1,1,1,1293511200.0,161688900.0,1455200100.0,40.0,60.0
APP_NLIU_1055,Multi_Category_SPDI,1143166,,0,1,1,1,1,2286332000.0,342949800.0,2629281800.0,40.0,60.0
APP_NLIU_1056,Rule_3_ii_Financial_Data,1424290,XSS,1,1,1,1,1,3133438000.0000005,142428999.99999997,3275867000.0000005,80.0,100.0
APP_NLIU_1057,Rule_3_vi_Biometric_Information,298805,XSS,0,0,1,1,1,657371000.0,126992125.0,784363125.0,15.0,35.0
APP_NLIU_1058,Rule_3_ii_Financial_Data,1642153,XSS,1,0,1,1,1,3612736600.0000005,369484424.99999994,3982221025.0000005,55.00000000000001,75.0
APP_NLIU_1059,Rule_3_ii_Financial_Data,22184,,1,1,1,1,1,44368000.0,2218399.9999999995,46586400.0,80.0,100.0
APP_NLIU_1060,Rule_3_iii_v_Health_Medical_Records,839395,,1,1,1,1,1,1678790000.0,83939499.99999999,1762729500.0,80.0,100.0
APP_NLIU_1061,Multi_Category_SPDI,686182,XSS,1,0,1,1,0,1509600400.0000002,154390949.99999997,1663991350.0000002,55.00000000000001,55.00000000000001
APP_NLIU_1062,Multi_Category_SPDI,460519,CSRF,1,0,1,1,1,1105245600.0,103616774.99999999,1208862375.0,55.00000000000001,75.0
APP_NLIU_1063,Rule_3_vi_Biometric_Information,212537,XSS,1,0,1,1,0,467581400.00000006,47820824.99999999,515402225.00000006,55.00000000000001,55.00000000000001
APP_NLIU_1064,Rule_3_ii_Financial_Data,796699,XSS,1,1,1,0,0,1752737800.0000002,139422325.0,1892160125.0000002,65.0,65.0
APP_NLIU_1065,Rule_3_ii_Financial_Data,188719,SSRF,1,1,0,1,1,528413199.99999994,33025824.999999996,561439024.9999999,65.0,85.0
APP_NLIU_1066,Rule_3_iii_v_Health_Medical_Records,1050218,,1,1,1,1,0,2100436000.0,105021799.99999997,2205457800.0,80.0,80.0
APP_NLIU_1067,Rule_3_ii_Financial_Data,1902822,XSS,1,0,0,0,1,4186208400.0000005,570846600.0,4757055000.0,40.0,60.0
APP_NLIU_1068,Rule_3_i_Passwords,827457,CSRF,0,1,1,1,1,1985896800.0,248237100.0,2234133900.0,40.0,60.0
APP_NLIU_1069,Rule_3_ii_Financial_Data,126246,SQL_Injection,1,0,1,1,1,378738000.0,28405349.999999996,407143350.0,55.00000000000001,75.0
APP_NLIU_1070,Rule_3_ii_Financial_Data,344749,SSRF,1,1,0,1,0,965297199.9999999,60331074.99999999,1025628274.9999999,65.0,65.0
APP_NLIU_1071,Rule_3_ii_Financial_Data,661341,,0,1,1,0,1,1322682000.0,248002875.0,1570684875.0,25.0,45.0
APP_NLIU_1072,Rule_3_ii_Financial_Data,834868,CSRF,1,1,1,1,1,2003683200.0,83486799.99999999,2087170000.0,80.0,100.0
APP_NLIU_1073,Rule_3_i_Passwords,678832,SSRF,1,1,0,1,0,1900729599.9999998,118795599.99999999,2019525199.9999998,65.0,65.0
APP_NLIU_1074,Rule_3_i_Passwords,155408,XSS,1,1,1,1,1,341897600.0,15540799.999999996,357438400.0,80.0,100.0
APP_NLIU_1075,Multi_Category_SPDI,1734523,CSRF,1,1,1,1,0,4162855200.0,173452299.99999997,4336307500.0,80.0,80.0
APP_NLIU_1076,Rule_3_ii_Financial_Data,868624,SQL_Injection,0,1,1,1,1,2605872000.0,260587200.0,2866459200.0,40.0,60.0
APP_NLIU_1077,Rule_3_ii_Financial_Data,1042004,CSRF,1,0,1,0,1,2500809600.0,312601200.0,2813410800.0,40.0,60.0
APP_NLIU_1078,Rule_3_iii_v_Health_Medical_Records,1291015,XSS,1,1,1,1,1,2840233000.0,129101499.99999997,2969334500.0,80.0,100.0
APP_NLIU_1079,Rule_3_ii_Financial_Data,1960599,XSS,1,0,0,1,1,4313317800.0,588179700.0,4901497500.0,40.0,60.0
APP_NLIU_1080,Multi_Category_SPDI,351655,CSRF,1,1,1,1,1,843972000.0,35165499.99999999,879137500.0,80.0,100.0
APP_NLIU_1081,Rule_3_vi_Biometric_Information,538953,XSS,0,0,1,1,1,1185696600.0,229055025.0,1414751625.0,15.0,35.0
APP_NLIU_1082,Rule_3_i_Passwords,687457,,1,0,1,1,1,1374914000.0,154677824.99999997,1529591825.0,55.00000000000001,75.0
APP_NLIU_1083,Rule_3_ii_Financial_Data,882709,CSRF,0,1,1,1,1,2118501600.0,264812700.0,2383314300.0,40.0,60.0
APP_NLIU_1084,Multi_Category_SPDI,1630338,CSRF,0,1,1,0,1,3912811200.0,611376750.0,4524187950.0,25.0,45.0
APP_NLIU_1085,Multi_Category_SPDI,1780909,SSRF,0,1,1,1,1,4986545200.0,534272700.0,5520817900.0,40.0,60.0
APP_NLIU_1086,Rule_3_ii_Financial_Data,423401,XSS,0,0,1,0,0,931482200.0000001,211700500.0,1143182700.0,0.0,0.0
APP_NLIU_1087,Rule_3_iii_v_Health_Medical_Records,1129487,,0,0,0,1,0,2258974000.0,564743500.0,2823717500.0,0.0,0.0
APP_NLIU_1088,Rule_3_i_Passwords,1146219,SSRF,1,1,0,1,1,3209413200.0,200588325.0,3410001525.0,65.0,85.0
APP_NLIU_1089,Multi_Category_SPDI,821916,,1,1,1,1,0,1643832000.0,82191599.99999999,1726023600.0,80.0,80.0
APP_NLIU_1090,Rule_3_ii_Financial_Data,264383,SQL_Injection,0,1,1,1,1,793149000.0,79314900.0,872463900.0,40.0,60.0
APP_NLIU_1091,Multi_Category_SPDI,368309,XSS,0,1,0,0,1,810279800.0000001,138115875.0,948395675.0000001,25.0,45.0
APP_NLIU_1092,Rule_3_iii_v_Health_Medical_Records,181682,,1,1,1,0,0,363364000.0,31794349.999999996,395158350.0,65.0,65.0
APP_NLIU_1093,Rule_3_iii_v_Health_Medical_Records,1759743,CSRF,1,1,1,1,0,4223383200.0,175974299.99999997,4399357500.0,80.0,80.0
APP_NLIU_1094,Rule_3_iii_v_Health_Medical_Records,817267,XSS,0,1,0,1,1,1797987400.0000002,306475125.0,2104462525.0000002,25.0,45.0
APP_NLIU_1095,Rule_3_ii_Financial_Data,1804215,SSRF,1,1,1,1,1,5051802000.0,180421499.99999997,5232223500.0,80.0,100.0
APP_NLIU_1096,Rule_3_i_Passwords,101453,,1,0,0,1,1,202906000.0,30435900.0,233341900.0,40.0,60.0
APP_NLIU_1097,Rule_3_ii_Financial_Data,583078,SQL_Injection,0,0,1,1,0,1749234000.0,247808150.0,1997042150.0,15.0,15.0
APP_NLIU_1098,Rule_3_i_Passwords,737320,,1,1,0,1,1,1474640000.0,129030999.99999999,1603671000.0,65.0,85.0
APP_NLIU_1099,Rule_3_vi_Biometric_Information,1849651,SSRF,1,0,1,1,1,5179022800.0,416171474.99999994,5595194275.0,55.00000000000001,75.0
APP_NLIU_1100,Rule_3_ii_Financial_Data,342990,,0,0,0,0,1,685980000.0,171495000.0,857475000.0,0.0,20.0
APP_NLIU_1101,Rule_3_i_Passwords,1465743,CSRF,1,1,1,1,0,3517783200.0,146574299.99999997,3664357500.0,80.0,80.0
APP_NLIU_1102,Multi_Category_SPDI,490320,,1,1,1,1,0,980640000.0,49031999.99999999,1029672000.0,80.0,80.0
APP_NLIU_1103,Multi_Category_SPDI,413449,CSRF,0,1,1,1,0,992277600.0,124034700.0,1116312300.0,40.0,40.0
APP_NLIU_1104,Multi_Category_SPDI,542488,,0,1,1,1,0,1084976000.0,162746400.0,1247722400.0,40.0,40.0
APP_NLIU_1105,Multi_Category_SPDI,581563,SQL_Injection,0,1,1,0,0,1744689000.0,218086125.0,1962775125.0,25.0,25.0
APP_NLIU_1106,Rule_3_i_Passwords,474284,SSRF,1,1,0,1,1,1327995200.0,82999700.0,1410994900.0,65.0,85.0
APP_NLIU_1107,Rule_3_ii_Financial_Data,1929009,XSS,0,0,1,0,1,4243819800.0000005,964504500.0,5208324300.0,0.0,20.0
APP_NLIU_1108,Rule_3_vi_Biometric_Information,1730227,SQL_Injection,1,1,1,1,1,5190681000.0,173022699.99999997,5363703700.0,80.0,100.0
APP_NLIU_1109,Rule_3_iii_v_Health_Medical_Records,1358168,SSRF,0,1,1,1,0,3802870399.9999995,407450400.0,4210320799.9999995,40.0,40.0
APP_NLIU_1110,Rule_3_i_Passwords,953084,,1,1,1,1,1,1906168000.0,95308399.99999999,2001476400.0,80.0,100.0
APP_NLIU_1111,Rule_3_vi_Biometric_Information,620973,,1,1,1,1,1,1241946000.0,62097299.999999985,1304043300.0,80.0,100.0
APP_NLIU_1112,Rule_3_ii_Financial_Data,1468138,CSRF,1,1,1,1,1,3523531200.0,146813799.99999997,3670345000.0,80.0,100.0
APP_NLIU_1113,Rule_3_ii_Financial_Data,1850627,,1,1,1,0,0,3701254000.0,323859725.0,4025113725.0,65.0,65.0
APP_NLIU_1114,Rule_3_iii_v_Health_Medical_Records,1683318,XSS,1,1,1,1,0,3703299600.0000005,168331799.99999997,3871631400.0000005,80.0,80.0
APP_NLIU_1115,Rule_3_iii_v_Health_Medical_Records,1579630,CSRF,1,1,1,1,0,3791112000.0,157962999.99999997,3949075000.0,80.0,80.0
APP_NLIU_1116,Rule_3_iii_v_Health_Medical_Records,1843557,,1,1,1,1,1,3687114000.0,184355699.99999997,3871469700.0,80.0,100.0
APP_NLIU_1117,Rule_3_i_Passwords,1727629,Exception_Handling_Failure,1,1,1,1,1,4664598300.0,172762899.99999997,4837361200.0,80.0,100.0
APP_NLIU_1118,Multi_Category_SPDI,460235,,1,1,1,0,1,920470000.0,80541125.0,1001011125.0,65.0,85.0
APP_NLIU_1119,Rule_3_ii_Financial_Data,1544250,CSRF,0,1,1,1,1,3706200000.0,463275000.0,4169475000.0,40.0,60.0
APP_NLIU_1120,Rule_3_i_Passwords,1834220,Exception_Handling_Failure,0,0,1,1,1,4952394000.0,779543500.0,5731937500.0,15.0,35.0
APP_NLIU_1121,Multi_Category_SPDI,1947946,SQL_Injection,1,0,1,1,0,5843838000.0,438287849.99999994,6282125850.0,55.00000000000001,55.00000000000001
APP_NLIU_1122,Multi_Category_SPDI,1967681,SQL_Injection,1,1,1,1,1,5903043000.0,196768099.99999997,6099811100.0,80.0,100.0
APP_NLIU_1123,Multi_Category_SPDI,498496,SQL_Injection,1,1,0,1,0,1495488000.0,87236800.0,1582724800.0,65.0,65.0
APP_NLIU_1124,Rule_3_vi_Biometric_Information,1888336,,0,0,0,1,0,3776672000.0,944168000.0,4720840000.0,0.0,0.0
APP_NLIU_1125,Rule_3_iii_v_Health_Medical_Records,1524493,,0,1,1,1,1,3048986000.0,457347900.0,3506333900.0,40.0,60.0
APP_NLIU_1126,Rule_3_iii_v_Health_Medical_Records,1273748,,1,1,1,0,0,2547496000.0,222905900.0,2770401900.0,65.0,65.0
APP_NLIU_1127,Rule_3_i_Passwords,1078877,XSS,0,1,1,1,0,2373529400.0,323663100.0,2697192500.0,40.0,40.0
APP_NLIU_1128,Rule_3_ii_Financial_Data,1622627,CSRF,0,0,1,0,0,3894304800.0,811313500.0,4705618300.0,0.0,0.0
APP_NLIU_1129,Rule_3_ii_Financial_Data,1205413,SSRF,1,1,1,1,1,3375156400.0,120541299.99999997,3495697700.0,80.0,100.0
APP_NLIU_1130,Rule_3_ii_Financial_Data,836219,CSRF,1,1,1,1,0,2006925600.0,83621899.99999999,2090547500.0,80.0,80.0
APP_NLIU_1131,Rule_3_iii_v_Health_Medical_Records,1960683,CSRF,1,1,1,1,0,4705639200.0,196068299.99999997,4901707500.0,80.0,80.0
APP_NLIU_1132,Rule_3_ii_Financial_Data,1061001,,1,0,0,1,1,2122002000.0,318300300.0,2440302300.0,40.0,60.0
APP_NLIU_1133,Rule_3_i_Passwords,280001,XSS,0,1,1,1,1,616002200.0,84000300.0,700002500.0,40.0,60.0
APP_NLIU_1134,Rule_3_ii_Financial_Data,1237419,SQL_Injection,1,0,1,1,0,3712257000.0,278419275.0,3990676275.0,55.00000000000001,55.00000000000001
APP_NLIU_1135,Rule_3_iii_v_Health_Medical_Records,1408719,SQL_Injection,0,1,1,1,1,4226157000.0,422615700.0,4648772700.0,40.0,60.0
APP_NLIU_1136,Rule_3_i_Passwords,1469236,SQL_Injection,1,0,1,0,1,4407708000.0,440770800.0,4848478800.0,40.0,60.0
APP_NLIU_1137,Multi_Category_SPDI,788849,XSS,1,1,1,1,0,1735467800.0000002,78884899.99999999,1814352700.0000002,80.0,80.0
APP_NLIU_1138,Rule_3_ii_Financial_Data,1619321,,0,0,0,1,0,3238642000.0,809660500.0,4048302500.0,0.0,0.0
APP_NLIU_1139,Rule_3_ii_Financial_Data,500496,Exception_Handling_Failure,1,0,0,1,1,1351339200.0,150148800.0,1501488000.0,40.0,60.0
APP_NLIU_1140,Rule_3_iii_v_Health_Medical_Records,740101,,1,1,0,1,1,1480202000.0,129517674.99999999,1609719675.0,65.0,85.0
APP_NLIU_1141,Rule_3_vi_Biometric_Information,398920,XSS,1,1,1,1,0,877624000.0000001,39891999.99999999,917516000.0000001,80.0,80.0
APP_NLIU_1142,Rule_3_ii_Financial_Data,534740,CSRF,1,1,0,0,0,1283376000.0,93579500.0,1376955500.0,65.0,65.0
APP_NLIU_1143,Rule_3_iii_v_Health_Medical_Records,116153,SQL_Injection,0,1,0,1,0,348459000.0,43557375.0,392016375.0,25.0,25.0
APP_NLIU_1144,Rule_3_iii_v_Health_Medical_Records,1878870,,0,1,1,1,1,3757740000.0,563661000.0,4321401000.0,40.0,60.0
APP_NLIU_1145,Rule_3_ii_Financial_Data,197543,,0,0,1,1,1,395086000.0,83955775.0,479041775.0,15.0,35.0
APP_NLIU_1146,Multi_Category_SPDI,991721,SSRF,0,1,1,1,1,2776818800.0,297516300.0,3074335100.0,40.0,60.0
APP_NLIU_1147,Rule_3_vi_Biometric_Information,1532850,XSS,0,1,1,1,1,3372270000.0000005,459855000.0,3832125000.0000005,40.0,60.0
APP_NLIU_1148,Rule_3_iii_v_Health_Medical_Records,1334020,XSS,1,1,1,1,1,2934844000.0,133401999.99999997,3068246000.0,80.0,100.0
APP_NLIU_1149,Multi_Category_SPDI,1980646,Exception_Handling_Failure,0,0,0,1,1,5347744200.0,990323000.0,6338067200.0,0.0,20.0
APP_NLIU_1150,Multi_Category_SPDI,405717,,1,1,1,1,1,811434000.0,40571699.99999999,852005700.0,80.0,100.0
APP_NLIU_1151,Rule_3_iii_v_Health_Medical_Records,1055421,XSS,0,0,1,1,1,2321926200.0,448553925.0,2770480125.0,15.0,35.0
APP_NLIU_1152,Rule_3_vi_Biometric_Information,1172918,XSS,0,1,1,1,0,2580419600.0,351875400.0,2932295000.0,40.0,40.0
APP_NLIU_1153,Rule_3_iii_v_Health_Medical_Records,830613,SQL_Injection,0,0,1,1,0,2491839000.0,353010525.0,2844849525.0,15.0,15.0
APP_NLIU_1154,Rule_3_iii_v_Health_Medical_Records,455479,SQL_Injection,1,0,1,1,1,1366437000.0,102482774.99999999,1468919775.0,55.00000000000001,75.0
APP_NLIU_1155,Rule_3_iii_v_Health_Medical_Records,766654,SSRF,1,1,1,1,1,2146631199.9999998,76665399.99999999,2223296599.9999995,80.0,100.0
APP_NLIU_1156,Rule_3_vi_Biometric_Information,1816868,SQL_Injection,1,1,1,1,0,5450604000.0,181686799.99999997,5632290800.0,80.0,80.0
APP_NLIU_1157,Rule_3_i_Passwords,1001270,,1,1,1,1,1,2002540000.0,100126999.99999999,2102667000.0,80.0,100.0
APP_NLIU_1158,Multi_Category_SPDI,1771974,,1,0,1,1,1,3543948000.0,398694149.99999994,3942642150.0,55.00000000000001,75.0
APP_NLIU_1159,Multi_Category_SPDI,253850,SQL_Injection,1,0,1,0,1,761550000.0,76155000.0,837705000.0,40.0,60.0
APP_NLIU_1160,Rule_3_i_Passwords,1792226,,0,1,1,1,1,3584452000.0,537667800.0,4122119800.0,40.0,60.0
APP_NLIU_1161,Rule_3_vi_Biometric_Information,1301264,SSRF,1,1,0,1,0,3643539200.0,227721200.0,3871260400.0,65.0,65.0
APP_NLIU_1162,Rule_3_i_Passwords,563692,CSRF,1,0,1,1,0,1352860800.0,126830699.99999999,1479691500.0,55.00000000000001,55.00000000000001
APP_NLIU_1163,Rule_3_ii_Financial_Data,1600428,SSRF,1,1,0,1,0,4481198400.0,280074900.0,4761273300.0,65.0,65.0
APP_NLIU_1164,Rule_3_iii_v_Health_Medical_Records,1675762,CSRF,0,0,1,1,1,4021828800.0,712198850.0,4734027650.0,15.0,35.0
APP_NLIU_1165,Rule_3_i_Passwords,979939,CSRF,1,1,1,1,0,2351853600.0,97993899.99999999,2449847500.0,80.0,80.0
APP_NLIU_1166,Rule_3_vi_Biometric_Information,285371,XSS,0,0,1,1,0,627816200.0,121282675.0,749098875.0,15.0,15.0
APP_NLIU_1167,Rule_3_vi_Biometric_Information,1012800,XSS,0,0,1,0,1,2228160000.0,506400000.0,2734560000.0,0.0,20.0
APP_NLIU_1168,Rule_3_iii_v_Health_Medical_Records,1574495,,1,0,1,0,1,3148990000.0,472348500.0,3621338500.0,40.0,60.0
APP_NLIU_1169,Rule_3_i_Passwords,1148835,SQL_Injection,1,0,1,1,1,3446505000.0,258487874.99999997,3704992875.0,55.00000000000001,75.0
APP_NLIU_1170,Rule_3_ii_Financial_Data,1178027,SQL_Injection,1,0,1,1,1,3534081000.0,265056074.99999997,3799137075.0,55.00000000000001,75.0
APP_NLIU_1171,Rule_3_iii_v_Health_Medical_Records,445691,SQL_Injection,1,1,1,1,0,1337073000.0,44569099.99999999,1381642100.0,80.0,80.0
APP_NLIU_1172,Multi_Category_SPDI,1070791,Exception_Handling_Failure,0,0,0,1,1,2891135700.0,535395500.0,3426531200.0,0.0,20.0
APP_NLIU_1173,Rule_3_iii_v_Health_Medical_Records,135577,SQL_Injection,0,0,1,0,1,406731000.0,67788500.0,474519500.0,0.0,20.0
APP_NLIU_1174,Rule_3_ii_Financial_Data,1836256,,1,0,1,1,0,3672512000.0,413157599.99999994,4085669600.0,55.00000000000001,55.00000000000001
APP_NLIU_1175,Rule_3_iii_v_Health_Medical_Records,76074,XSS,1,1,0,1,1,167362800.0,13312950.0,180675750.0,65.0,85.0
APP_NLIU_1176,Rule_3_iii_v_Health_Medical_Records,944203,XSS,1,1,1,1,1,2077246600.0000002,94420299.99999999,2171666900.0,80.0,100.0
APP_NLIU_1177,Rule_3_vi_Biometric_Information,637909,XSS,0,1,0,1,1,1403399800.0,239215875.0,1642615675.0,25.0,45.0
APP_NLIU_1178,Rule_3_i_Passwords,934958,SSRF,1,1,1,1,0,2617882400.0,93495799.99999999,2711378200.0,80.0,80.0
APP_NLIU_1179,Rule_3_vi_Biometric_Information,1757153,SSRF,1,0,0,1,1,4920028400.0,527145900.0,5447174300.0,40.0,60.0
APP_NLIU_1180,Rule_3_iii_v_Health_Medical_Records,111759,CSRF,0,0,1,0,1,268221600.0,55879500.0,324101100.0,0.0,20.0
APP_NLIU_1181,Multi_Category_SPDI,1182047,XSS,1,1,1,1,0,2600503400.0,118204699.99999997,2718708100.0,80.0,80.0
APP_NLIU_1182,Rule_3_ii_Financial_Data,1861719,SSRF,1,1,1,1,0,5212813200.0,186171899.99999997,5398985100.0,80.0,80.0
APP_NLIU_1183,Rule_3_iii_v_Health_Medical_Records,1461851,SQL_Injection,1,1,1,1,1,4385553000.0,146185099.99999997,4531738100.0,80.0,100.0
APP_NLIU_1184,Multi_Category_SPDI,1626262,,1,1,1,1,0,3252524000.0,162626199.99999997,3415150200.0,80.0,80.0
APP_NLIU_1185,Rule_3_i_Passwords,1841294,SQL_Injection,0,1,1,1,1,5523882000.0,552388200.0,6076270200.0,40.0,60.0
APP_NLIU_1186,Multi_Category_SPDI,1218945,,1,1,1,1,0,2437890000.0,121894499.99999997,2559784500.0,80.0,80.0
APP_NLIU_1187,Rule_3_iii_v_Health_Medical_Records,637592,,0,0,1,1,1,1275184000.0,270976600.0,1546160600.0,15.0,35.0
APP_NLIU_1188,Rule_3_i_Passwords,1158535,CSRF,0,0,0,1,0,2780484000.0,579267500.0,3359751500.0,0.0,0.0
APP_NLIU_1189,Rule_3_ii_Financial_Data,1292893,SQL_Injection,1,1,0,1,1,3878679000.0,226256275.0,4104935275.0,65.0,85.0
APP_NLIU_1190,Rule_3_iii_v_Health_Medical_Records,1735421,SQL_Injection,1,0,1,1,0,5206263000.0,390469724.99999994,5596732725.0,55.00000000000001,55.00000000000001
APP_NLIU_1191,Rule_3_i_Passwords,1375687,Exception_Handling_Failure,1,1,1,1,0,3714354900.0000005,137568699.99999997,3851923600.0000005,80.0,80.0
APP_NLIU_1192,Rule_3_iii_v_Health_Medical_Records,1937811,Exception_Handling_Failure,1,1,0,1,0,5232089700.0,339116925.0,5571206625.0,65.0,65.0
APP_NLIU_1193,Rule_3_ii_Financial_Data,1183321,,1,1,0,1,1,2366642000.0,207081175.0,2573723175.0,65.0,85.0
APP_NLIU_1194,Rule_3_iii_v_Health_Medical_Records,59583,,0,0,1,1,1,119166000.0,25322775.0,144488775.0,15.0,35.0
APP_NLIU_1195,Rule_3_i_Passwords,1701941,Exception_Handling_Failure,0,1,1,1,1,4595240700.0,510582300.0,5105823000.0,40.0,60.0
APP_NLIU_1196,Multi_Category_SPDI,449846,SSRF,1,1,1,0,0,1259568800.0,78723050.0,1338291850.0,65.0,65.0
APP_NLIU_1197,Multi_Category_SPDI,1164935,SSRF,0,1,1,0,0,3261818000.0,436850625.0,3698668625.0,25.0,25.0
APP_NLIU_1198,Multi_Category_SPDI,1604950,,0,0,0,0,1,3209900000.0,802475000.0,4012375000.0,0.0,20.0
APP_NLIU_1199,Rule_3_iii_v_Health_Medical_Records,676844,SSRF,1,0,1,0,1,1895163199.9999998,203053200.0,2098216399.9999998,40.0,60.0
APP_NLIU_1200,Rule_3_i_Passwords,728983,SQL_Injection,0,1,1,1,0,2186949000.0,218694900.0,2405643900.0,40.0,40.0
APP_NLIU_1201,Rule_3_vi_Biometric_Information,633420,,1,1,1,1,0,1266840000.0,63341999.999999985,1330182000.0,80.0,80.0
APP_NLIU_1202,Rule_3_i_Passwords,1568905,XSS,1,1,1,1,1,3451591000.0000005,156890499.99999997,3608481500.0000005,80.0,100.0
APP_NLIU_1203,Rule_3_i_Passwords,1112839,,1,1,1,0,0,2225678000.0,194746825.0,2420424825.0,65.0,65.0
APP_NLIU_1204,Rule_3_ii_Financial_Data,1727611,Exception_Handling_Failure,1,1,1,1,1,4664549700.0,172761099.99999997,4837310800.0,80.0,100.0
APP_NLIU_1205,Rule_3_ii_Financial_Data,1960163,SQL_Injection,1,1,0,1,0,5880489000.0,343028525.0,6223517525.0,65.0,65.0
APP_NLIU_1206,Rule_3_vi_Biometric_Information,1114240,,0,0,1,1,1,2228480000.0,473552000.0,2702032000.0,15.0,35.0
APP_NLIU_1207,Rule_3_iii_v_Health_Medical_Records,422896,CSRF,0,1,0,1,1,1014950400.0,158586000.0,1173536400.0,25.0,45.0
APP_NLIU_1208,Rule_3_ii_Financial_Data,1988157,CSRF,1,0,1,0,1,4771576800.0,596447100.0,5368023900.0,40.0,60.0
APP_NLIU_1209,Rule_3_ii_Financial_Data,911906,XSS,0,0,1,1,1,2006193200.0000002,387560050.0,2393753250.0,15.0,35.0
APP_NLIU_1210,Multi_Category_SPDI,1392688,SQL_Injection,0,0,1,1,1,4178064000.0,591892400.0,4769956400.0,15.0,35.0
APP_NLIU_1211,Rule_3_ii_Financial_Data,1974571,XSS,1,1,1,1,1,4344056200.0,197457099.99999997,4541513300.0,80.0,100.0
APP_NLIU_1212,Rule_3_ii_Financial_Data,1755062,SQL_Injection,1,0,1,1,1,5265186000.0,394888949.99999994,5660074950.0,55.00000000000001,75.0
APP_NLIU_1213,Rule_3_i_Passwords,1820594,XSS,1,0,0,0,1,4005306800.0000005,546178200.0,4551485000.0,40.0,60.0
APP_NLIU_1214,Rule_3_vi_Biometric_Information,401608,CSRF,0,1,0,1,0,963859200.0,150603000.0,1114462200.0,25.0,25.0
APP_NLIU_1215,Rule_3_iii_v_Health_Medical_Records,460473,,1,0,0,0,0,920946000.0,138141900.0,1059087900.0,40.0,40.0
APP_NLIU_1216,Rule_3_ii_Financial_Data,1121380,,1,1,1,1,0,2242760000.0,112137999.99999997,2354898000.0,80.0,80.0
APP_NLIU_1217,Rule_3_i_Passwords,829832,SSRF,0,1,0,1,0,2323529600.0,311187000.0,2634716600.0,25.0,25.0
APP_NLIU_1218,Rule_3_iii_v_Health_Medical_Records,434767,CSRF,0,1,1,1,1,1043440800.0,130430100.0,1173870900.0,40.0,60.0
APP_NLIU_1219,Rule_3_iii_v_Health_Medical_Records,1868096,CSRF,1,0,1,0,1,4483430400.0,560428800.0,5043859200.0,40.0,60.0
APP_NLIU_1220,Rule_3_ii_Financial_Data,1264663,SSRF,1,0,1,1,1,3541056400.0,284549175.0,3825605575.0,55.00000000000001,75.0
APP_NLIU_1221,Multi_Category_SPDI,947969,,1,1,0,1,1,1895938000.0,165894575.0,2061832575.0,65.0,85.0
APP_NLIU_1222,Rule_3_i_Passwords,446371,,0,1,1,1,1,892742000.0,133911300.0,1026653300.0,40.0,60.0
APP_NLIU_1223,Rule_3_ii_Financial_Data,1141469,SSRF,1,0,0,1,0,3196113200.0,342440700.0,3538553900.0,40.0,40.0
APP_NLIU_1224,Multi_Category_SPDI,1845977,CSRF,1,1,0,1,0,4430344800.0,323045975.0,4753390775.0,65.0,65.0
APP_NLIU_1225,Rule_3_ii_Financial_Data,13981,SQL_Injection,0,1,1,0,1,41943000.0,5242875.0,47185875.0,25.0,45.0
APP_NLIU_1226,Rule_3_iii_v_Health_Medical_Records,1467824,Exception_Handling_Failure,0,0,1,1,0,3963124800.0000005,623825200.0,4586950000.0,15.0,15.0
APP_NLIU_1227,Rule_3_ii_Financial_Data,321235,SQL_Injection,0,1,0,1,0,963705000.0,120463125.0,1084168125.0,25.0,25.0
APP_NLIU_1228,Rule_3_ii_Financial_Data,112154,,1,0,1,0,0,224308000.0,33646200.0,257954200.0,40.0,40.0
APP_NLIU_1229,Multi_Category_SPDI,1340128,,1,1,0,1,0,2680256000.0,234522400.0,2914778400.0,65.0,65.0
APP_NLIU_1230,Rule_3_ii_Financial_Data,1733177,CSRF,1,1,1,1,0,4159624800.0,173317699.99999997,4332942500.0,80.0,80.0
APP_NLIU_1231,Multi_Category_SPDI,1053378,XSS,1,0,1,0,0,2317431600.0,316013400.0,2633445000.0,40.0,40.0
APP_NLIU_1232,Rule_3_ii_Financial_Data,839372,,1,1,1,1,0,1678744000.0,83937199.99999999,1762681200.0,80.0,80.0
APP_NLIU_1233,Rule_3_ii_Financial_Data,1529730,XSS,1,1,1,1,0,3365406000.0000005,152972999.99999997,3518379000.0000005,80.0,80.0
APP_NLIU_1234,Rule_3_i_Passwords,711465,SSRF,0,1,1,1,1,1992101999.9999998,213439500.0,2205541500.0,40.0,60.0
APP_NLIU_1235,Rule_3_iii_v_Health_Medical_Records,1245698,CSRF,0,1,1,1,0,2989675200.0,373709400.0,3363384600.0,40.0,40.0
APP_NLIU_1236,Rule_3_ii_Financial_Data,1057233,,1,1,0,1,1,2114466000.0,185015775.0,2299481775.0,65.0,85.0
APP_NLIU_1237,Multi_Category_SPDI,812662,Exception_Handling_Failure,0,1,1,1,0,2194187400.0,243798600.0,2437986000.0,40.0,40.0
APP_NLIU_1238,Rule_3_ii_Financial_Data,941184,Exception_Handling_Failure,1,0,1,1,1,2541196800.0,211766399.99999997,2752963200.0,55.00000000000001,75.0
APP_NLIU_1239,Multi_Category_SPDI,1267342,,0,0,1,1,1,2534684000.0,538620350.0,3073304350.0,15.0,35.0
APP_NLIU_1240,Rule_3_i_Passwords,614019,,0,1,1,1,0,1228038000.0,184205700.0,1412243700.0,40.0,40.0
APP_NLIU_1241,Multi_Category_SPDI,178412,,1,1,1,1,0,356824000.0,17841199.999999996,374665200.0,80.0,80.0
APP_NLIU_1242,Rule_3_vi_Biometric_Information,1744886,SQL_Injection,1,0,0,1,0,5234658000.0,523465800.0,5758123800.0,40.0,40.0
APP_NLIU_1243,Rule_3_vi_Biometric_Information,668227,XSS,1,1,1,1,1,1470099400.0,66822699.999999985,1536922100.0,80.0,100.0
APP_NLIU_1244,Rule_3_vi_Biometric_Information,1787478,,1,1,1,1,1,3574956000.0,178747799.99999997,3753703800.0,80.0,100.0
APP_NLIU_1245,Rule_3_vi_Biometric_Information,1057905,,0,1,0,1,0,2115810000.0,396714375.0,2512524375.0,25.0,25.0
APP_NLIU_1246,Rule_3_iii_v_Health_Medical_Records,1010591,Exception_Handling_Failure,0,0,0,1,1,2728595700.0,505295500.0,3233891200.0,0.0,20.0
APP_NLIU_1247,Rule_3_i_Passwords,1351585,SSRF,1,1,1,0,0,3784437999.9999995,236527374.99999997,4020965374.9999995,65.0,65.0
APP_NLIU_1248,Rule_3_i_Passwords,727300,,0,1,0,1,1,1454600000.0,272737500.0,1727337500.0,25.0,45.0
APP_NLIU_1249,Multi_Category_SPDI,1573473,,0,1,1,1,1,3146946000.0,472041900.0,3618987900.0,40.0,60.0
APP_NLIU_1250,Rule_3_iii_v_Health_Medical_Records,42869,SQL_Injection,1,0,1,1,1,128607000.0,9645524.999999998,138252525.0,55.00000000000001,75.0
APP_NLIU_1251,Rule_3_vi_Biometric_Information,1251553,XSS,0,1,0,1,1,2753416600.0,469332375.0,3222748975.0,25.0,45.0
APP_NLIU_1252,Rule_3_ii_Financial_Data,1960193,SSRF,1,1,1,1,1,5488540400.0,196019299.99999997,5684559700.0,80.0,100.0
APP_NLIU_1253,Rule_3_i_Passwords,503185,CSRF,1,1,0,1,1,1207644000.0,88057375.0,1295701375.0,65.0,85.0
APP_NLIU_1254,Rule_3_i_Passwords,1137560,SQL_Injection,1,0,1,1,1,3412680000.0,255950999.99999997,3668631000.0,55.00000000000001,75.0
APP_NLIU_1255,Rule_3_iii_v_Health_Medical_Records,916604,XSS,1,1,1,0,0,2016528800.0000002,160405700.0,2176934500.0,65.0,65.0
APP_NLIU_1256,Rule_3_ii_Financial_Data,1154645,XSS,0,0,1,1,0,2540219000.0,490724125.0,3030943125.0,15.0,15.0
APP_NLIU_1257,Rule_3_ii_Financial_Data,253577,Exception_Handling_Failure,1,0,1,0,0,684657900.0,76073100.0,760731000.0,40.0,40.0
APP_NLIU_1258,Rule_3_ii_Financial_Data,881143,Exception_Handling_Failure,0,0,1,1,1,2379086100.0,374485775.0,2753571875.0,15.0,35.0
APP_NLIU_1259,Rule_3_i_Passwords,333396,,0,0,1,0,0,666792000.0,166698000.0,833490000.0,0.0,0.0
APP_NLIU_1260,Rule_3_iii_v_Health_Medical_Records,1395106,SSRF,1,1,1,1,0,3906296799.9999995,139510599.99999997,4045807399.9999995,80.0,80.0
APP_NLIU_1261,Rule_3_ii_Financial_Data,123728,SQL_Injection,0,0,1,1,0,371184000.0,52584400.0,423768400.0,15.0,15.0
APP_NLIU_1262,Rule_3_vi_Biometric_Information,528846,,1,1,1,1,1,1057692000.0,52884599.999999985,1110576600.0,80.0,100.0
APP_NLIU_1263,Rule_3_ii_Financial_Data,1972791,SSRF,1,1,0,1,1,5523814800.0,345238425.0,5869053225.0,65.0,85.0
APP_NLIU_1264,Rule_3_ii_Financial_Data,1079377,,1,1,1,1,0,2158754000.0,107937699.99999997,2266691700.0,80.0,80.0
APP_NLIU_1265,Rule_3_i_Passwords,747647,,1,1,1,1,1,1495294000.0,74764699.99999999,1570058700.0,80.0,100.0
APP_NLIU_1266,Rule_3_i_Passwords,1813501,XSS,0,1,1,0,0,3989702200.0000005,680062875.0,4669765075.0,25.0,25.0
APP_NLIU_1267,Rule_3_ii_Financial_Data,1668573,,1,1,1,1,0,3337146000.0,166857299.99999997,3504003300.0,80.0,80.0
APP_NLIU_1268,Rule_3_ii_Financial_Data,320414,SQL_Injection,0,1,1,1,1,961242000.0,96124200.0,1057366200.0,40.0,60.0
APP_NLIU_1269,Rule_3_iii_v_Health_Medical_Records,1518414,CSRF,1,1,1,1,1,3644193600.0,151841399.99999997,3796035000.0,80.0,100.0
APP_NLIU_1270,Rule_3_ii_Financial_Data,846967,Exception_Handling_Failure,0,1,1,1,0,2286810900.0,254090100.0,2540901000.0,40.0,40.0
APP_NLIU_1271,Rule_3_iii_v_Health_Medical_Records,260560,CSRF,0,1,1,1,1,625344000.0,78168000.0,703512000.0,40.0,60.0
APP_NLIU_1272,Multi_Category_SPDI,773026,,1,1,0,1,0,1546052000.0,135279550.0,1681331550.0,65.0,65.0
APP_NLIU_1273,Rule_3_vi_Biometric_Information,737119,SQL_Injection,1,1,1,1,1,2211357000.0,73711899.99999999,2285068900.0,80.0,100.0
APP_NLIU_1274,Rule_3_i_Passwords,21220,XSS,1,0,0,1,1,46684000.00000001,6366000.0,53050000.00000001,40.0,60.0
APP_NLIU_1275,Rule_3_ii_Financial_Data,1329112,XSS,1,0,1,1,0,2924046400.0,299050200.0,3223096600.0,55.00000000000001,55.00000000000001
APP_NLIU_1276,Rule_3_i_Passwords,1532379,Exception_Handling_Failure,1,1,1,0,1,4137423300.0000005,268166324.99999997,4405589625.0,65.0,85.0
APP_NLIU_1277,Rule_3_ii_Financial_Data,400462,CSRF,1,0,0,0,0,961108800.0,120138600.0,1081247400.0,40.0,40.0
APP_NLIU_1278,Multi_Category_SPDI,1335730,CSRF,1,1,1,0,1,3205752000.0,233752750.0,3439504750.0,65.0,85.0
APP_NLIU_1279,Rule_3_i_Passwords,131951,,0,0,0,1,0,263902000.0,65975500.0,329877500.0,0.0,0.0
APP_NLIU_1280,Rule_3_ii_Financial_Data,1384078,SSRF,1,1,0,1,1,3875418399.9999995,242213649.99999997,4117632049.9999995,65.0,85.0
APP_NLIU_1281,Rule_3_iii_v_Health_Medical_Records,488419,,1,1,1,1,1,976838000.0,48841899.99999999,1025679900.0,80.0,100.0
APP_NLIU_1282,Rule_3_iii_v_Health_Medical_Records,153306,XSS,0,0,0,1,1,337273200.0,76653000.0,413926200.0,0.0,20.0
APP_NLIU_1283,Rule_3_iii_v_Health_Medical_Records,887622,,0,1,1,1,1,1775244000.0,266286600.0,2041530600.0,40.0,60.0
APP_NLIU_1284,Rule_3_i_Passwords,1693659,,0,1,0,0,0,3387318000.0,635122125.0,4022440125.0,25.0,25.0
APP_NLIU_1285,Rule_3_ii_Financial_Data,447667,SSRF,1,1,0,1,0,1253467600.0,78341725.0,1331809325.0,65.0,65.0
APP_NLIU_1286,Rule_3_iii_v_Health_Medical_Records,914222,XSS,1,1,0,1,0,2011288400.0000002,159988850.0,2171277250.0,65.0,65.0
APP_NLIU_1287,Rule_3_i_Passwords,130223,,0,0,1,1,1,260446000.0,55344775.0,315790775.0,15.0,35.0
APP_NLIU_1288,Rule_3_ii_Financial_Data,527886,XSS,1,1,0,0,1,1161349200.0,92380050.0,1253729250.0,65.0,85.0
APP_NLIU_1289,Rule_3_i_Passwords,604493,,1,0,1,0,1,1208986000.0,181347900.0,1390333900.0,40.0,60.0
APP_NLIU_1290,Rule_3_i_Passwords,1468576,XSS,0,1,1,1,0,3230867200.0000005,440572800.0,3671440000.0000005,40.0,40.0
APP_NLIU_1291,Rule_3_ii_Financial_Data,952176,SQL_Injection,0,1,0,1,1,2856528000.0,357066000.0,3213594000.0,25.0,45.0
APP_NLIU_1292,Rule_3_i_Passwords,1054658,CSRF,0,1,0,1,1,2531179200.0,395496750.0,2926675950.0,25.0,45.0
APP_NLIU_1293,Rule_3_iii_v_Health_Medical_Records,1457940,,1,1,1,0,1,2915880000.0,255139499.99999997,3171019500.0,65.0,85.0
APP_NLIU_1294,Rule_3_iii_v_Health_Medical_Records,1212142,CSRF,1,1,1,1,1,2909140800.0,121214199.99999997,3030355000.0,80.0,100.0
APP_NLIU_1295,Rule_3_vi_Biometric_Information,866525,,1,0,1,1,0,1733050000.0,194968124.99999997,1928018125.0,55.00000000000001,55.00000000000001
APP_NLIU_1296,Rule_3_ii_Financial_Data,1367672,,1,1,1,1,1,2735344000.0,136767199.99999997,2872111200.0,80.0,100.0
APP_NLIU_1297,Rule_3_i_Passwords,41719,CSRF,1,1,1,1,1,100125600.0,4171899.999999999,104297500.0,80.0,100.0
APP_NLIU_1298,Rule_3_i_Passwords,53737,SQL_Injection,0,0,1,1,0,161211000.0,22838225.0,184049225.0,15.0,15.0
APP_NLIU_1299,Rule_3_iii_v_Health_Medical_Records,1506245,,1,1,1,1,1,3012490000.0,150624499.99999997,3163114500.0,80.0,100.0
APP_NLIU_1300,Rule_3_iii_v_Health_Medical_Records,112271,CSRF,0,1,0,1,1,269450400.0,42101625.0,311552025.0,25.0,45.0
APP_NLIU_1301,Rule_3_i_Passwords,1748472,,1,0,0,0,1,3496944000.0,524541600.0,4021485600.0,40.0,60.0
APP_NLIU_1302,Multi_Category_SPDI,186676,XSS,0,1,1,1,1,410687200.00000006,56002800.0,466690000.00000006,40.0,60.0
APP_NLIU_1303,Rule_3_i_Passwords,1497625,XSS,1,1,1,1,1,3294775000.0000005,149762499.99999997,3444537500.0000005,80.0,100.0
APP_NLIU_1304,Rule_3_iii_v_Health_Medical_Records,1985119,,0,0,0,1,0,3970238000.0,992559500.0,4962797500.0,0.0,0.0
APP_NLIU_1305,Rule_3_iii_v_Health_Medical_Records,597127,CSRF,1,1,1,1,1,1433104800.0,59712699.999999985,1492817500.0,80.0,100.0
APP_NLIU_1306,Multi_Category_SPDI,839363,XSS,0,1,1,0,0,1846598600.0000002,314761125.0,2161359725.0,25.0,25.0
APP_NLIU_1307,Rule_3_iii_v_Health_Medical_Records,1355645,CSRF,1,1,1,0,1,3253548000.0,237237874.99999997,3490785875.0,65.0,85.0
APP_NLIU_1308,Rule_3_vi_Biometric_Information,187075,CSRF,0,1,1,1,0,448980000.0,56122500.0,505102500.0,40.0,40.0
APP_NLIU_1309,Rule_3_ii_Financial_Data,1495689,XSS,1,1,1,0,0,3290515800.0000005,261745574.99999997,3552261375.0000005,65.0,65.0
APP_NLIU_1310,Rule_3_vi_Biometric_Information,92745,,1,1,0,1,1,185490000.0,16230374.999999998,201720375.0,65.0,85.0
APP_NLIU_1311,Rule_3_i_Passwords,131298,CSRF,0,0,1,1,0,315115200.0,55801650.0,370916850.0,15.0,15.0
APP_NLIU_1312,Multi_Category_SPDI,622997,XSS,1,1,0,1,0,1370593400.0,109024475.0,1479617875.0,65.0,65.0
APP_NLIU_1313,Rule_3_iii_v_Health_Medical_Records,309431,Exception_Handling_Failure,1,0,1,0,1,835463700.0,92829300.0,928293000.0,40.0,60.0
APP_NLIU_1314,Rule_3_vi_Biometric_Information,1799662,CSRF,1,1,1,0,0,4319188800.0,314940850.0,4634129650.0,65.0,65.0
APP_NLIU_1315,Rule_3_ii_Financial_Data,431228,CSRF,1,1,1,1,0,1034947200.0,43122799.99999999,1078070000.0,80.0,80.0
APP_NLIU_1316,Rule_3_iii_v_Health_Medical_Records,1685116,,0,0,1,1,0,3370232000.0,716174300.0,4086406300.0,15.0,15.0
APP_NLIU_1317,Rule_3_iii_v_Health_Medical_Records,702143,,1,1,1,1,1,1404286000.0,70214299.99999999,1474500300.0,80.0,100.0
APP_NLIU_1318,Rule_3_iii_v_Health_Medical_Records,376467,XSS,0,1,0,1,0,828227400.0000001,141175125.0,969402525.0000001,25.0,25.0
APP_NLIU_1319,Rule_3_i_Passwords,1008231,Exception_Handling_Failure,0,0,0,1,1,2722223700.0,504115500.0,3226339200.0,0.0,20.0
APP_NLIU_1320,Rule_3_i_Passwords,1515107,SQL_Injection,1,0,1,0,0,4545321000.0,454532100.0,4999853100.0,40.0,40.0
APP_NLIU_1321,Rule_3_ii_Financial_Data,1792702,Exception_Handling_Failure,1,1,1,1,0,4840295400.0,179270199.99999997,5019565600.0,80.0,80.0
APP_NLIU_1322,Rule_3_i_Passwords,1493283,XSS,0,0,1,1,0,3285222600.0000005,634645275.0,3919867875.0000005,15.0,15.0
APP_NLIU_1323,Multi_Category_SPDI,225013,XSS,0,1,1,1,1,495028600.00000006,67503900.0,562532500.0,40.0,60.0
APP_NLIU_1324,Rule_3_ii_Financial_Data,456800,CSRF,1,1,1,1,1,1096320000.0,45679999.99999999,1142000000.0,80.0,100.0
APP_NLIU_1325,Multi_Category_SPDI,804235,SQL_Injection,0,1,1,1,0,2412705000.0,241270500.0,2653975500.0,40.0,40.0
APP_NLIU_1326,Rule_3_ii_Financial_Data,1234273,SSRF,1,0,1,1,0,3455964400.0,277711425.0,3733675825.0,55.00000000000001,55.00000000000001
APP_NLIU_1327,Rule_3_i_Passwords,1696683,,1,1,1,1,0,3393366000.0,169668299.99999997,3563034300.0,80.0,80.0
APP_NLIU_1328,Rule_3_vi_Biometric_Information,884793,XSS,0,0,1,1,1,1946544600.0000002,376037025.0,2322581625.0,15.0,35.0
APP_NLIU_1329,Rule_3_iii_v_Health_Medical_Records,18698,XSS,1,1,1,1,0,41135600.0,1869799.9999999995,43005400.0,80.0,80.0
APP_NLIU_1330,Rule_3_ii_Financial_Data,957064,SQL_Injection,1,1,1,0,0,2871192000.0,167486200.0,3038678200.0,65.0,65.0
APP_NLIU_1331,Rule_3_iii_v_Health_Medical_Records,20376,SQL_Injection,1,1,1,0,1,61128000.0,3565800.0,64693800.0,65.0,85.0
APP_NLIU_1332,Rule_3_iii_v_Health_Medical_Records,481870,,1,1,1,1,0,963740000.0,48186999.99999999,1011927000.0,80.0,80.0
APP_NLIU_1333,Rule_3_ii_Financial_Data,280261,XSS,1,1,1,1,0,616574200.0,28026099.999999993,644600300.0,80.0,80.0
APP_NLIU_1334,Multi_Category_SPDI,241591,XSS,1,1,1,1,0,531500200.00000006,24159099.999999996,555659300.0,80.0,80.0
APP_NLIU_1335,Multi_Category_SPDI,978885,SSRF,1,0,1,1,0,2740878000.0,220249124.99999997,2961127125.0,55.00000000000001,55.00000000000001
APP_NLIU_1336,Rule_3_iii_v_Health_Medical_Records,1484748,,0,1,1,1,0,2969496000.0,445424400.0,3414920400.0,40.0,40.0
APP_NLIU_1337,Rule_3_i_Passwords,1102362,SSRF,1,0,1,1,0,3086613600.0,248031449.99999997,3334645050.0,55.00000000000001,55.00000000000001
APP_NLIU_1338,Rule_3_iii_v_Health_Medical_Records,642293,SSRF,1,1,1,1,1,1798420400.0,64229299.999999985,1862649700.0,80.0,100.0
APP_NLIU_1339,Rule_3_i_Passwords,1272426,XSS,1,1,1,1,1,2799337200.0,127242599.99999997,2926579800.0,80.0,100.0
APP_NLIU_1340,Rule_3_i_Passwords,333624,CSRF,0,1,1,1,1,800697600.0,100087200.0,900784800.0,40.0,60.0
APP_NLIU_1341,Rule_3_ii_Financial_Data,692055,SSRF,1,1,1,1,1,1937753999.9999998,69205499.99999999,2006959499.9999998,80.0,100.0
APP_NLIU_1342,Rule_3_ii_Financial_Data,1972591,Exception_Handling_Failure,0,0,1,1,1,5325995700.0,838351175.0,6164346875.0,15.0,35.0
APP_NLIU_1343,Multi_Category_SPDI,844665,Exception_Handling_Failure,1,1,1,1,0,2280595500.0,84466499.99999999,2365062000.0,80.0,80.0
APP_NLIU_1344,Rule_3_iii_v_Health_Medical_Records,1426742,,1,0,1,0,0,2853484000.0,428022600.0,3281506600.0,40.0,40.0
APP_NLIU_1345,Rule_3_iii_v_Health_Medical_Records,1469294,XSS,1,0,1,1,0,3232446800.0000005,330591149.99999994,3563037950.0000005,55.00000000000001,55.00000000000001
APP_NLIU_1346,Rule_3_ii_Financial_Data,448226,SQL_Injection,1,0,0,0,1,1344678000.0,134467800.0,1479145800.0,40.0,60.0
APP_NLIU_1347,Rule_3_ii_Financial_Data,1040752,CSRF,1,1,1,0,1,2497804800.0,182131600.0,2679936400.0,65.0,85.0
APP_NLIU_1348,Rule_3_ii_Financial_Data,1012845,,0,1,1,1,0,2025690000.0,303853500.0,2329543500.0,40.0,40.0
APP_NLIU_1349,Multi_Category_SPDI,97529,XSS,1,1,0,0,0,214563800.00000003,17067575.0,231631375.00000003,65.0,65.0
APP_NLIU_1350,Rule_3_i_Passwords,1520697,,0,0,1,1,1,3041394000.0,646296225.0,3687690225.0,15.0,35.0
APP_NLIU_1351,Multi_Category_SPDI,1819360,SQL_Injection,1,1,1,1,0,5458080000.0,181935999.99999997,5640016000.0,80.0,80.0
APP_NLIU_1352,Rule_3_iii_v_Health_Medical_Records,1493281,XSS,0,1,1,1,1,3285218200.0000005,447984300.0,3733202500.0000005,40.0,60.0
APP_NLIU_1353,Rule_3_ii_Financial_Data,1678783,SQL_Injection,1,1,0,1,1,5036349000.0,293787025.0,5330136025.0,65.0,85.0
APP_NLIU_1354,Rule_3_iii_v_Health_Medical_Records,1923541,XSS,1,0,0,1,0,4231790200.0000005,577062300.0,4808852500.0,40.0,40.0
APP_NLIU_1355,Rule_3_ii_Financial_Data,479381,,1,1,1,1,0,958762000.0,47938099.99999999,1006700100.0,80.0,80.0
APP_NLIU_1356,Multi_Category_SPDI,477803,,1,1,0,1,0,955606000.0,83615525.0,1039221525.0,65.0,65.0
APP_NLIU_1357,Multi_Category_SPDI,1539851,XSS,1,0,1,1,0,3387672200.0000005,346466474.99999994,3734138675.0000005,55.00000000000001,55.00000000000001
APP_NLIU_1358,Rule_3_ii_Financial_Data,1776246,XSS,0,1,1,1,1,3907741200.0000005,532873800.0,4440615000.0,40.0,60.0
APP_NLIU_1359,Rule_3_ii_Financial_Data,214870,,1,0,1,0,0,429740000.0,64461000.0,494201000.0,40.0,40.0
APP_NLIU_1360,Rule_3_iii_v_Health_Medical_Records,598695,Exception_Handling_Failure,1,1,0,1,0,1616476500.0,104771625.0,1721248125.0,65.0,65.0
APP_NLIU_1361,Multi_Category_SPDI,1651673,SQL_Injection,0,0,1,0,1,4955019000.0,825836500.0,5780855500.0,0.0,20.0
APP_NLIU_1362,Rule_3_ii_Financial_Data,284373,XSS,0,0,1,1,1,625620600.0,120858525.0,746479125.0,15.0,35.0
APP_NLIU_1363,Rule_3_iii_v_Health_Medical_Records,1998465,SSRF,0,1,1,1,1,5595702000.0,599539500.0,6195241500.0,40.0,60.0
APP_NLIU_1364,Rule_3_iii_v_Health_Medical_Records,571464,XSS,0,1,0,1,0,1257220800.0,214299000.0,1471519800.0,25.0,25.0
APP_NLIU_1365,Rule_3_iii_v_Health_Medical_Records,624113,XSS,1,1,0,1,0,1373048600.0,109219775.0,1482268375.0,65.0,65.0
APP_NLIU_1366,Rule_3_i_Passwords,925764,XSS,0,1,1,0,1,2036680800.0000002,347161500.0,2383842300.0,25.0,45.0
APP_NLIU_1367,Rule_3_iii_v_Health_Medical_Records,1151131,CSRF,1,1,1,1,0,2762714400.0,115113099.99999997,2877827500.0,80.0,80.0
APP_NLIU_1368,Multi_Category_SPDI,532433,SSRF,0,1,1,1,0,1490812400.0,159729900.0,1650542300.0,40.0,40.0
APP_NLIU_1369,Rule_3_i_Passwords,1150865,XSS,0,1,0,1,1,2531903000.0,431574375.0,2963477375.0,25.0,45.0
APP_NLIU_1370,Rule_3_ii_Financial_Data,1716738,,1,1,1,0,0,3433476000.0,300429150.0,3733905150.0,65.0,65.0
APP_NLIU_1371,Multi_Category_SPDI,793695,Exception_Handling_Failure,1,1,1,1,0,2142976500.0000002,79369499.99999999,2222346000.0,80.0,80.0
APP_NLIU_1372,Rule_3_i_Passwords,425129,CSRF,0,1,0,1,1,1020309600.0,159423375.0,1179732975.0,25.0,45.0
APP_NLIU_1373,Multi_Category_SPDI,62788,,1,0,1,0,0,125576000.0,18836400.0,144412400.0,40.0,40.0
APP_NLIU_1374,Rule_3_ii_Financial_Data,1717091,,0,1,1,1,0,3434182000.0,515127300.0,3949309300.0,40.0,40.0
APP_NLIU_1375,Rule_3_ii_Financial_Data,1709858,SSRF,0,0,1,0,0,4787602400.0,854929000.0,5642531400.0,0.0,0.0
APP_NLIU_1376,Multi_Category_SPDI,732591,SQL_Injection,0,1,1,1,1,2197773000.0,219777300.0,2417550300.0,40.0,60.0
APP_NLIU_1377,Rule_3_ii_Financial_Data,156744,,1,1,1,1,1,313488000.0,15674399.999999996,329162400.0,80.0,100.0
APP_NLIU_1378,Rule_3_iii_v_Health_Medical_Records,1223174,,1,1,1,0,1,2446348000.0,214055450.0,2660403450.0,65.0,85.0
APP_NLIU_1379,Rule_3_ii_Financial_Data,1885352,,1,0,1,1,0,3770704000.0,424204199.99999994,4194908200.0,55.00000000000001,55.00000000000001
APP_NLIU_1380,Rule_3_iii_v_Health_Medical_Records,914251,,1,1,1,1,0,1828502000.0,91425099.99999999,1919927100.0,80.0,80.0
APP_NLIU_1381,Rule_3_i_Passwords,417230,Exception_Handling_Failure,1,0,1,1,1,1126521000.0,93876749.99999999,1220397750.0,55.00000000000001,75.0
APP_NLIU_1382,Rule_3_ii_Financial_Data,1651216,XSS,1,1,1,1,1,3632675200.0000005,165121599.99999997,3797796800.0000005,80.0,100.0
APP_NLIU_1383,Multi_Category_SPDI,489495,SQL_Injection,1,1,0,1,1,1468485000.0,85661625.0,1554146625.0,65.0,85.0
APP_NLIU_1384,Rule_3_ii_Financial_Data,1356044,SSRF,0,0,1,1,1,3796923199.9999995,576318700.0,4373241900.0,15.0,35.0
APP_NLIU_1385,Rule_3_iii_v_Health_Medical_Records,1561321,XSS,0,1,1,1,1,3434906200.0000005,468396300.0,3903302500.0000005,40.0,60.0
APP_NLIU_1386,Rule_3_ii_Financial_Data,885507,Exception_Handling_Failure,1,0,0,1,0,2390868900.0,265652100.0,2656521000.0,40.0,40.0
APP_NLIU_1387,Rule_3_vi_Biometric_Information,1280286,XSS,1,1,1,1,0,2816629200.0,128028599.99999997,2944657800.0,80.0,80.0
APP_NLIU_1388,Rule_3_i_Passwords,699058,,1,1,0,0,1,1398116000.0,122335149.99999999,1520451150.0,65.0,85.0
APP_NLIU_1389,Multi_Category_SPDI,868601,CSRF,1,0,0,1,0,2084642400.0,260580300.0,2345222700.0,40.0,40.0
APP_NLIU_1390,Rule_3_ii_Financial_Data,1863392,XSS,1,0,0,1,0,4099462400.0000005,559017600.0,4658480000.0,40.0,40.0
APP_NLIU_1391,Rule_3_ii_Financial_Data,532800,SQL_Injection,1,1,1,0,1,1598400000.0,93240000.0,1691640000.0,65.0,85.0
APP_NLIU_1392,Rule_3_i_Passwords,1977146,XSS,0,1,1,1,0,4349721200.0,593143800.0,4942865000.0,40.0,40.0
APP_NLIU_1393,Rule_3_i_Passwords,691860,,1,0,1,1,0,1383720000.0,155668499.99999997,1539388500.0,55.00000000000001,55.00000000000001
APP_NLIU_1394,Rule_3_iii_v_Health_Medical_Records,1177351,Exception_Handling_Failure,1,0,1,0,1,3178847700.0,353205300.0,3532053000.0,40.0,60.0
APP_NLIU_1395,Rule_3_ii_Financial_Data,83743,,1,1,1,1,0,167486000.0,8374299.999999998,175860300.0,80.0,80.0
APP_NLIU_1396,Rule_3_vi_Biometric_Information,352786,CSRF,1,0,1,1,0,846686400.0,79376849.99999999,926063250.0,55.00000000000001,55.00000000000001
APP_NLIU_1397,Rule_3_ii_Financial_Data,396731,XSS,0,1,0,1,0,872808200.0000001,148774125.0,1021582325.0000001,25.0,25.0
APP_NLIU_1398,Rule_3_ii_Financial_Data,609146,CSRF,1,1,1,1,1,1461950400.0,60914599.999999985,1522865000.0,80.0,100.0
APP_NLIU_1399,Rule_3_iii_v_Health_Medical_Records,1632664,XSS,1,0,1,1,0,3591860800.0000005,367349399.99999994,3959210200.0000005,55.00000000000001,55.00000000000001
APP_NLIU_1400,Rule_3_iii_v_Health_Medical_Records,1509932,,1,1,0,1,1,3019864000.0,264238099.99999997,3284102100.0,65.0,85.0
APP_NLIU_1401,Rule_3_i_Passwords,1678228,Exception_Handling_Failure,1,1,0,1,0,4531215600.0,293689900.0,4824905500.0,65.0,65.0
APP_NLIU_1402,Rule_3_i_Passwords,1559109,,0,1,1,1,0,3118218000.0,467732700.0,3585950700.0,40.0,40.0
APP_NLIU_1403,Rule_3_i_Passwords,1318107,SSRF,0,1,1,1,1,3690699600.0,395432100.0,4086131700.0,40.0,60.0
APP_NLIU_1404,Rule_3_iii_v_Health_Medical_Records,192232,,0,1,0,1,0,384464000.0,72087000.0,456551000.0,25.0,25.0
APP_NLIU_1405,Rule_3_iii_v_Health_Medical_Records,733927,SQL_Injection,1,1,1,1,0,2201781000.0,73392699.99999999,2275173700.0,80.0,80.0
APP_NLIU_1406,Rule_3_ii_Financial_Data,1186447,,1,0,0,1,1,2372894000.0,355934100.0,2728828100.0,40.0,60.0
APP_NLIU_1407,Rule_3_vi_Biometric_Information,124095,CSRF,1,1,1,1,0,297828000.0,12409499.999999998,310237500.0,80.0,80.0
APP_NLIU_1408,Rule_3_vi_Biometric_Information,1613412,CSRF,0,1,1,1,1,3872188800.0,484023600.0,4356212400.0,40.0,60.0
APP_NLIU_1409,Rule_3_iii_v_Health_Medical_Records,956399,XSS,0,0,0,1,0,2104077800.0000002,478199500.0,2582277300.0,0.0,0.0
APP_NLIU_1410,Multi_Category_SPDI,95450,,1,1,0,1,1,190900000.0,16703749.999999998,207603750.0,65.0,85.0
APP_NLIU_1411,Rule_3_ii_Financial_Data,1683533,SQL_Injection,1,1,1,1,1,5050599000.0,168353299.99999997,5218952300.0,80.0,100.0
APP_NLIU_1412,Rule_3_i_Passwords,871603,CSRF,1,1,0,0,0,2091847200.0,152530525.0,2244377725.0,65.0,65.0
APP_NLIU_1413,Rule_3_ii_Financial_Data,1487171,,1,0,1,1,0,2974342000.0,334613474.99999994,3308955475.0,55.00000000000001,55.00000000000001
APP_NLIU_1414,Rule_3_i_Passwords,312558,CSRF,1,1,1,1,0,750139200.0,31255799.999999993,781395000.0,80.0,80.0
APP_NLIU_1415,Rule_3_iii_v_Health_Medical_Records,1650935,SSRF,0,1,0,0,1,4622618000.0,619100625.0,5241718625.0,25.0,45.0
APP_NLIU_1416,Multi_Category_SPDI,1690672,XSS,1,1,1,1,1,3719478400.0000005,169067199.99999997,3888545600.0000005,80.0,100.0
APP_NLIU_1417,Rule_3_i_Passwords,1554460,CSRF,0,1,1,0,1,3730704000.0,582922500.0,4313626500.0,25.0,45.0
APP_NLIU_1418,Rule_3_i_Passwords,990848,,1,1,1,1,0,1981696000.0,99084799.99999999,2080780800.0,80.0,80.0
APP_NLIU_1419,Rule_3_ii_Financial_Data,1132167,,1,1,1,1,0,2264334000.0,113216699.99999997,2377550700.0,80.0,80.0
APP_NLIU_1420,Multi_Category_SPDI,753501,XSS,1,0,1,0,1,1657702200.0000002,226050300.0,1883752500.0000002,40.0,60.0
APP_NLIU_1421,Rule_3_ii_Financial_Data,1020807,,0,1,1,0,1,2041614000.0,382802625.0,2424416625.0,25.0,45.0
APP_NLIU_1422,Rule_3_iii_v_Health_Medical_Records,271441,XSS,0,0,1,1,0,597170200.0,115362425.0,712532625.0,15.0,15.0
APP_NLIU_1423,Rule_3_i_Passwords,638801,SQL_Injection,1,1,1,1,1,1916403000.0,63880099.999999985,1980283100.0,80.0,100.0
APP_NLIU_1424,Rule_3_i_Passwords,1968676,CSRF,0,1,1,1,0,4724822400.0,590602800.0,5315425200.0,40.0,40.0
APP_NLIU_1425,Multi_Category_SPDI,877911,XSS,0,0,0,1,1,1931404200.0000002,438955500.0,2370359700.0,0.0,20.0
APP_NLIU_1426,Multi_Category_SPDI,1152328,SSRF,1,1,1,0,0,3226518400.0,201657400.0,3428175800.0,65.0,65.0
APP_NLIU_1427,Rule_3_i_Passwords,141080,,1,1,1,1,1,282160000.0,14107999.999999996,296268000.0,80.0,100.0
APP_NLIU_1428,Multi_Category_SPDI,222885,,1,0,1,1,1,445770000.0,50149124.99999999,495919125.0,55.00000000000001,75.0
APP_NLIU_1429,Rule_3_iii_v_Health_Medical_Records,1431201,CSRF,0,0,1,1,1,3434882400.0,608260425.0,4043142825.0,15.0,35.0
APP_NLIU_1430,Multi_Category_SPDI,152892,XSS,1,0,1,1,1,336362400.0,34400700.0,370763100.0,55.00000000000001,75.0
APP_NLIU_1431,Rule_3_ii_Financial_Data,469764,,0,0,0,1,0,939528000.0,234882000.0,1174410000.0,0.0,0.0
APP_NLIU_1432,Rule_3_iii_v_Health_Medical_Records,158325,,1,1,1,1,1,316650000.0,15832499.999999996,332482500.0,80.0,100.0
APP_NLIU_1433,Rule_3_ii_Financial_Data,427418,,1,1,1,1,1,854836000.0,42741799.99999999,897577800.0,80.0,100.0
APP_NLIU_1434,Rule_3_iii_v_Health_Medical_Records,951740,XSS,1,0,1,1,0,2093828000.0000002,214141499.99999997,2307969500.0,55.00000000000001,55.00000000000001
APP_NLIU_1435,Rule_3_i_Passwords,596444,,1,1,1,0,0,1192888000.0,104377700.0,1297265700.0,65.0,65.0
APP_NLIU_1436,Rule_3_i_Passwords,1820824,XSS,0,1,1,1,1,4005812800.0000005,546247200.0,4552060000.0,40.0,60.0
APP_NLIU_1437,Rule_3_ii_Financial_Data,65263,XSS,0,1,1,1,0,143578600.0,19578900.0,163157500.0,40.0,40.0
APP_NLIU_1438,Rule_3_iii_v_Health_Medical_Records,1959004,SQL_Injection,1,0,1,1,1,5877012000.0,440775899.99999994,6317787900.0,55.00000000000001,75.0
APP_NLIU_1439,Rule_3_ii_Financial_Data,628540,SQL_Injection,0,1,0,1,1,1885620000.0,235702500.0,2121322500.0,25.0,45.0
APP_NLIU_1440,Rule_3_iii_v_Health_Medical_Records,1172208,XSS,1,1,0,1,0,2578857600.0,205136400.0,2783994000.0,65.0,65.0
APP_NLIU_1441,Multi_Category_SPDI,1914863,CSRF,0,1,1,1,1,4595671200.0,574458900.0,5170130100.0,40.0,60.0
APP_NLIU_1442,Rule_3_i_Passwords,21575,SQL_Injection,1,1,1,1,0,64725000.0,2157499.9999999995,66882500.0,80.0,80.0
APP_NLIU_1443,Rule_3_iii_v_Health_Medical_Records,1327924,,1,0,1,1,0,2655848000.0,298782900.0,2954630900.0,55.00000000000001,55.00000000000001
APP_NLIU_1444,Rule_3_ii_Financial_Data,1065528,SQL_Injection,0,1,1,1,1,3196584000.0,319658400.0,3516242400.0,40.0,60.0
APP_NLIU_1445,Multi_Category_SPDI,1573402,XSS,1,1,1,1,1,3461484400.0000005,157340199.99999997,3618824600.0000005,80.0,100.0
APP_NLIU_1446,Rule_3_i_Passwords,1136899,XSS,0,1,1,1,1,2501177800.0,341069700.0,2842247500.0,40.0,60.0
APP_NLIU_1447,Rule_3_iii_v_Health_Medical_Records,1760078,,0,1,0,1,1,3520156000.0,660029250.0,4180185250.0,25.0,45.0
APP_NLIU_1448,Rule_3_vi_Biometric_Information,1218520,XSS,1,1,0,1,0,2680744000.0,213241000.0,2893985000.0,65.0,65.0
APP_NLIU_1449,Multi_Category_SPDI,689736,SQL_Injection,1,1,1,1,1,2069208000.0,68973599.99999999,2138181600.0,80.0,100.0
APP_NLIU_1450,Rule_3_iii_v_Health_Medical_Records,1775020,XSS,1,1,0,1,1,3905044000.0000005,310628500.0,4215672500.0000005,65.0,85.0
APP_NLIU_1451,Rule_3_ii_Financial_Data,147712,,1,0,1,1,1,295424000.0,33235199.999999996,328659200.0,55.00000000000001,75.0
APP_NLIU_1452,Rule_3_iii_v_Health_Medical_Records,293581,,0,1,1,0,1,587162000.0,110092875.0,697254875.0,25.0,45.0
APP_NLIU_1453,Multi_Category_SPDI,132129,XSS,1,1,1,0,1,290683800.0,23122575.0,313806375.0,65.0,85.0
APP_NLIU_1454,Rule_3_iii_v_Health_Medical_Records,879113,CSRF,1,1,1,1,0,2109871200.0,87911299.99999999,2197782500.0,80.0,80.0
APP_NLIU_1455,Rule_3_i_Passwords,783810,,0,1,1,1,1,1567620000.0,235143000.0,1802763000.0,40.0,60.0
APP_NLIU_1456,Multi_Category_SPDI,537191,SSRF,1,1,0,1,1,1504134800.0,94008425.0,1598143225.0,65.0,85.0
APP_NLIU_1457,Rule_3_iii_v_Health_Medical_Records,1268352,Exception_Handling_Failure,1,1,1,1,0,3424550400.0,126835199.99999997,3551385600.0,80.0,80.0
APP_NLIU_1458,Rule_3_iii_v_Health_Medical_Records,556151,XSS,0,1,1,1,1,1223532200.0,166845300.0,1390377500.0,40.0,60.0
APP_NLIU_1459,Rule_3_ii_Financial_Data,310525,SQL_Injection,0,0,1,1,1,931575000.0,131973125.0,1063548125.0,15.0,35.0
APP_NLIU_1460,Rule_3_iii_v_Health_Medical_Records,1868556,CSRF,0,0,0,1,0,4484534400.0,934278000.0,5418812400.0,0.0,0.0
APP_NLIU_1461,Rule_3_ii_Financial_Data,448172,CSRF,1,0,1,1,1,1075612800.0,100838699.99999999,1176451500.0,55.00000000000001,75.0
APP_NLIU_1462,Rule_3_iii_v_Health_Medical_Records,997030,Exception_Handling_Failure,1,1,1,1,0,2691981000.0,99702999.99999999,2791684000.0,80.0,80.0
APP_NLIU_1463,Rule_3_i_Passwords,540755,,0,0,1,1,1,1081510000.0,229820875.0,1311330875.0,15.0,35.0
APP_NLIU_1464,Rule_3_iii_v_Health_Medical_Records,325098,CSRF,0,1,0,1,0,780235200.0,121911750.0,902146950.0,25.0,25.0
APP_NLIU_1465,Multi_Category_SPDI,291045,,1,0,1,1,0,582090000.0,65485124.99999999,647575125.0,55.00000000000001,55.00000000000001
APP_NLIU_1466,Rule_3_i_Passwords,1863309,SQL_Injection,1,1,1,1,0,5589927000.0,186330899.99999997,5776257900.0,80.0,80.0
APP_NLIU_1467,Multi_Category_SPDI,1964694,XSS,1,1,1,1,1,4322326800.0,196469399.99999997,4518796200.0,80.0,100.0
APP_NLIU_1468,Rule_3_ii_Financial_Data,762902,SQL_Injection,1,1,1,1,0,2288706000.0,76290199.99999999,2364996200.0,80.0,80.0
APP_NLIU_1469,Multi_Category_SPDI,876612,,1,1,1,1,1,1753224000.0,87661199.99999999,1840885200.0,80.0,100.0
APP_NLIU_1470,Rule_3_vi_Biometric_Information,1647767,,1,1,1,1,0,3295534000.0,164776699.99999997,3460310700.0,80.0,80.0
APP_NLIU_1471,Rule_3_iii_v_Health_Medical_Records,371099,Exception_Handling_Failure,1,1,1,1,1,1001967300.0000001,37109899.99999999,1039077200.0000001,80.0,100.0
APP_NLIU_1472,Rule_3_iii_v_Health_Medical_Records,938708,,1,1,1,1,1,1877416000.0,93870799.99999999,1971286800.0,80.0,100.0
APP_NLIU_1473,Multi_Category_SPDI,549043,Exception_Handling_Failure,0,1,1,1,1,1482416100.0,164712900.0,1647129000.0,40.0,60.0
APP_NLIU_1474,Rule_3_ii_Financial_Data,1375537,,0,1,1,1,0,2751074000.0,412661100.0,3163735100.0,40.0,40.0
APP_NLIU_1475,Rule_3_ii_Financial_Data,793525,,1,1,1,1,0,1587050000.0,79352499.99999999,1666402500.0,80.0,80.0
APP_NLIU_1476,Rule_3_iii_v_Health_Medical_Records,261094,,0,1,1,1,1,522188000.0,78328200.0,600516200.0,40.0,60.0
APP_NLIU_1477,Rule_3_vi_Biometric_Information,467753,XSS,0,1,1,1,1,1029056600.0000001,140325900.0,1169382500.0,40.0,60.0
APP_NLIU_1478,Rule_3_vi_Biometric_Information,1936327,SQL_Injection,1,0,0,0,0,5808981000.0,580898100.0,6389879100.0,40.0,40.0
APP_NLIU_1479,Rule_3_vi_Biometric_Information,1338660,XSS,0,0,1,1,0,2945052000.0,568930500.0,3513982500.0,15.0,15.0
APP_NLIU_1480,Rule_3_ii_Financial_Data,704400,SQL_Injection,0,1,0,0,0,2113200000.0,264150000.0,2377350000.0,25.0,25.0
APP_NLIU_1481,Rule_3_vi_Biometric_Information,959826,XSS,1,1,1,1,0,2111617200.0000002,95982599.99999999,2207599800.0,80.0,80.0
APP_NLIU_1482,Rule_3_i_Passwords,1706578,XSS,1,1,1,0,0,3754471600.0000005,298651150.0,4053122750.0000005,65.0,65.0
APP_NLIU_1483,Rule_3_iii_v_Health_Medical_Records,1145120,Exception_Handling_Failure,0,1,1,1,1,3091824000.0,343536000.0,3435360000.0,40.0,60.0
APP_NLIU_1484,Rule_3_i_Passwords,1662301,SQL_Injection,1,1,1,1,1,4986903000.0,166230099.99999997,5153133100.0,80.0,100.0
APP_NLIU_1485,Rule_3_ii_Financial_Data,360113,SSRF,0,1,1,1,1,1008316399.9999999,108033900.0,1116350300.0,40.0,60.0
APP_NLIU_1486,Rule_3_ii_Financial_Data,1160577,XSS,1,1,1,1,0,2553269400.0,116057699.99999997,2669327100.0,80.0,80.0
APP_NLIU_1487,Rule_3_ii_Financial_Data,1141301,,0,1,1,1,1,2282602000.0,342390300.0,2624992300.0,40.0,60.0
APP_NLIU_1488,Rule_3_iii_v_Health_Medical_Records,1431504,CSRF,1,1,1,1,0,3435609600.0,143150399.99999997,3578760000.0,80.0,80.0
APP_NLIU_1489,Rule_3_ii_Financial_Data,115675,XSS,0,0,1,1,0,254485000.00000003,49161875.0,303646875.0,15.0,15.0
APP_NLIU_1490,Rule_3_ii_Financial_Data,99266,,0,0,0,1,1,198532000.0,49633000.0,248165000.0,0.0,20.0
APP_NLIU_1491,Rule_3_ii_Financial_Data,1324956,Exception_Handling_Failure,0,1,0,1,1,3577381200.0,496858500.0,4074239700.0,25.0,45.0
APP_NLIU_1492,Rule_3_ii_Financial_Data,864029,CSRF,1,1,1,1,1,2073669600.0,86402899.99999999,2160072500.0,80.0,100.0
APP_NLIU_1493,Rule_3_ii_Financial_Data,1268772,XSS,1,1,1,1,1,2791298400.0,126877199.99999997,2918175600.0,80.0,100.0
APP_NLIU_1494,Rule_3_i_Passwords,139974,SSRF,0,1,1,0,0,391927200.0,52490250.0,444417450.0,25.0,25.0
APP_NLIU_1495,Rule_3_iii_v_Health_Medical_Records,628944,,1,1,1,1,0,1257888000.0,62894399.999999985,1320782400.0,80.0,80.0
APP_NLIU_1496,Rule_3_iii_v_Health_Medical_Records,301508,SQL_Injection,0,1,0,1,1,904524000.0,113065500.0,1017589500.0,25.0,45.0
APP_NLIU_1497,Rule_3_iii_v_Health_Medical_Records,1684935,CSRF,1,0,1,1,1,4043844000.0,379110374.99999994,4422954375.0,55.00000000000001,75.0
APP_NLIU_1498,Rule_3_ii_Financial_Data,1021487,SQL_Injection,0,1,1,1,0,3064461000.0,306446100.0,3370907100.0,40.0,40.0
APP_NLIU_1499,Rule_3_ii_Financial_Data,1410130,SSRF,1,1,0,1,1,3948363999.9999995,246772749.99999997,4195136749.9999995,65.0,85.0
APP_NLIU_1500,Multi_Category_SPDI,1204744,,1,0,1,0,1,2409488000.0,361423200.0,2770911200.0,40.0,60.0
APP_NLIU_1501,Rule_3_iii_v_Health_Medical_Records,148092,SSRF,1,1,1,0,1,414657600.0,25916100.0,440573700.0,65.0,85.0
APP_NLIU_1502,Rule_3_ii_Financial_Data,1636337,SQL_Injection,0,1,1,1,1,4909011000.0,490901100.0,5399912100.0,40.0,60.0
APP_NLIU_1503,Rule_3_i_Passwords,246472,XSS,0,1,0,1,1,542238400.0,92427000.0,634665400.0,25.0,45.0
APP_NLIU_1504,Rule_3_ii_Financial_Data,311297,SQL_Injection,1,1,1,0,1,933891000.0,54476975.0,988367975.0,65.0,85.0
APP_NLIU_1505,Rule_3_ii_Financial_Data,1225925,SQL_Injection,0,1,0,1,0,3677775000.0,459721875.0,4137496875.0,25.0,25.0
APP_NLIU_1506,Rule_3_ii_Financial_Data,305646,,1,1,0,1,0,611292000.0,53488050.0,664780050.0,65.0,65.0
APP_NLIU_1507,Rule_3_iii_v_Health_Medical_Records,20675,,0,1,1,1,1,41350000.0,6202500.0,47552500.0,40.0,60.0
APP_NLIU_1508,Rule_3_iii_v_Health_Medical_Records,1995445,,0,0,1,1,0,3990890000.0,848064125.0,4838954125.0,15.0,15.0
APP_NLIU_1509,Rule_3_iii_v_Health_Medical_Records,1171960,,0,1,1,1,1,2343920000.0,351588000.0,2695508000.0,40.0,60.0
APP_NLIU_1510,Rule_3_vi_Biometric_Information,1131805,Exception_Handling_Failure,1,1,0,1,1,3055873500.0,198065875.0,3253939375.0,65.0,85.0
APP_NLIU_1511,Rule_3_vi_Biometric_Information,618337,SQL_Injection,1,1,1,1,0,1855011000.0,61833699.999999985,1916844700.0,80.0,80.0
APP_NLIU_1512,Rule_3_iii_v_Health_Medical_Records,712508,,1,1,1,1,1,1425016000.0,71250799.99999999,1496266800.0,80.0,100.0
APP_NLIU_1513,Multi_Category_SPDI,1404877,,0,1,1,1,1,2809754000.0,421463100.0,3231217100.0,40.0,60.0
APP_NLIU_1514,Rule_3_i_Passwords,1273895,,1,0,0,1,0,2547790000.0,382168500.0,2929958500.0,40.0,40.0
APP_NLIU_1515,Rule_3_i_Passwords,1683575,XSS,1,1,1,1,1,3703865000.0000005,168357499.99999997,3872222500.0000005,80.0,100.0
APP_NLIU_1516,Rule_3_i_Passwords,1687954,SSRF,1,1,1,1,1,4726271200.0,168795399.99999997,4895066600.0,80.0,100.0
APP_NLIU_1517,Rule_3_iii_v_Health_Medical_Records,1933329,,0,1,1,1,1,3866658000.0,579998700.0,4446656700.0,40.0,60.0
APP_NLIU_1518,Multi_Category_SPDI,731262,,1,1,1,1,0,1462524000.0,73126199.99999999,1535650200.0,80.0,80.0
APP_NLIU_1519,Rule_3_ii_Financial_Data,817897,,1,1,1,1,1,1635794000.0,81789699.99999999,1717583700.0,80.0,100.0
APP_NLIU_1520,Multi_Category_SPDI,1872294,SSRF,1,1,1,1,0,5242423200.0,187229399.99999997,5429652600.0,80.0,80.0
APP_NLIU_1521,Rule_3_i_Passwords,1108371,SSRF,0,1,1,1,1,3103438800.0,332511300.0,3435950100.0,40.0,60.0
APP_NLIU_1522,Multi_Category_SPDI,1423859,SSRF,0,1,1,1,0,3986805199.9999995,427157700.0,4413962900.0,40.0,40.0
APP_NLIU_1523,Rule_3_ii_Financial_Data,739543,,0,1,1,0,1,1479086000.0,277328625.0,1756414625.0,25.0,45.0
APP_NLIU_1524,Rule_3_i_Passwords,108845,SSRF,1,1,0,1,0,304766000.0,19047875.0,323813875.0,65.0,65.0
APP_NLIU_1525,Rule_3_ii_Financial_Data,1365706,SQL_Injection,0,1,0,1,0,4097118000.0,512139750.0,4609257750.0,25.0,25.0
APP_NLIU_1526,Rule_3_ii_Financial_Data,965705,,1,0,0,1,0,1931410000.0,289711500.0,2221121500.0,40.0,40.0
APP_NLIU_1527,Rule_3_ii_Financial_Data,965819,SQL_Injection,1,1,1,1,1,2897457000.0,96581899.99999999,2994038900.0,80.0,100.0
APP_NLIU_1528,Rule_3_ii_Financial_Data,1391116,,1,0,1,0,0,2782232000.0,417334800.0,3199566800.0,40.0,40.0
APP_NLIU_1529,Rule_3_vi_Biometric_Information,1895186,CSRF,1,0,1,1,1,4548446400.0,426416849.99999994,4974863250.0,55.00000000000001,75.0
APP_NLIU_1530,Rule_3_iii_v_Health_Medical_Records,802177,,1,1,1,1,0,1604354000.0,80217699.99999999,1684571700.0,80.0,80.0
APP_NLIU_1531,Rule_3_ii_Financial_Data,1832096,XSS,1,0,1,0,1,4030611200.0000005,549628800.0,4580240000.0,40.0,60.0
APP_NLIU_1532,Rule_3_iii_v_Health_Medical_Records,1307306,,1,1,0,0,1,2614612000.0,228778550.0,2843390550.0,65.0,85.0
APP_NLIU_1533,Rule_3_iii_v_Health_Medical_Records,1257002,,1,0,1,1,0,2514004000.0,282825450.0,2796829450.0,55.00000000000001,55.00000000000001
APP_NLIU_1534,Rule_3_ii_Financial_Data,871069,SQL_Injection,1,1,1,1,0,2613207000.0,87106899.99999999,2700313900.0,80.0,80.0
APP_NLIU_1535,Rule_3_ii_Financial_Data,927532,SQL_Injection,0,0,0,1,0,2782596000.0,463766000.0,3246362000.0,0.0,0.0
APP_NLIU_1536,Rule_3_i_Passwords,234333,CSRF,1,0,0,1,1,562399200.0,70299900.0,632699100.0,40.0,60.0
APP_NLIU_1537,Rule_3_i_Passwords,577854,Exception_Handling_Failure,0,1,0,1,0,1560205800.0,216695250.0,1776901050.0,25.0,25.0
APP_NLIU_1538,Rule_3_iii_v_Health_Medical_Records,835154,,0,1,1,1,1,1670308000.0,250546200.0,1920854200.0,40.0,60.0
APP_NLIU_1539,Rule_3_i_Passwords,878055,XSS,0,1,0,1,0,1931721000.0000002,329270625.0,2260991625.0,25.0,25.0
APP_NLIU_1540,Rule_3_iii_v_Health_Medical_Records,378218,Exception_Handling_Failure,0,0,1,1,1,1021188600.0000001,160742650.0,1181931250.0,15.0,35.0
APP_NLIU_1541,Rule_3_iii_v_Health_Medical_Records,604262,SSRF,1,1,1,1,1,1691933600.0,60426199.999999985,1752359800.0,80.0,100.0
APP_NLIU_1542,Rule_3_i_Passwords,481908,,1,1,1,1,0,963816000.0,48190799.99999999,1012006800.0,80.0,80.0
APP_NLIU_1543,Rule_3_iii_v_Health_Medical_Records,351228,,1,0,1,1,1,702456000.0,79026299.99999999,781482300.0,55.00000000000001,75.0
APP_NLIU_1544,Rule_3_ii_Financial_Data,175951,CSRF,1,1,1,1,1,422282400.0,17595099.999999996,439877500.0,80.0,100.0
APP_NLIU_1545,Multi_Category_SPDI,1471559,XSS,0,1,1,1,0,3237429800.0000005,441467700.0,3678897500.0000005,40.0,40.0
APP_NLIU_1546,Rule_3_ii_Financial_Data,253595,SQL_Injection,0,1,0,1,1,760785000.0,95098125.0,855883125.0,25.0,45.0
APP_NLIU_1547,Rule_3_vi_Biometric_Information,1957361,XSS,1,1,0,0,0,4306194200.0,342538175.0,4648732375.0,65.0,65.0
APP_NLIU_1548,Rule_3_iii_v_Health_Medical_Records,1682281,XSS,1,1,1,1,1,3701018200.0000005,168228099.99999997,3869246300.0000005,80.0,100.0
APP_NLIU_1549,Rule_3_i_Passwords,1908107,SQL_Injection,0,1,1,1,0,5724321000.0,572432100.0,6296753100.0,40.0,40.0
APP_NLIU_1550,Rule_3_iii_v_Health_Medical_Records,184729,XSS,1,1,1,1,1,406403800.00000006,18472899.999999996,424876700.00000006,80.0,100.0
APP_NLIU_1551,Multi_Category_SPDI,1193146,CSRF,1,1,1,1,0,2863550400.0,119314599.99999997,2982865000.0,80.0,80.0
APP_NLIU_1552,Rule_3_iii_v_Health_Medical_Records,209739,XSS,1,1,0,0,1,461425800.00000006,36704325.0,498130125.00000006,65.0,85.0
APP_NLIU_1553,Rule_3_vi_Biometric_Information,1340827,XSS,1,1,1,1,1,2949819400.0,134082699.99999997,3083902100.0,80.0,100.0
APP_NLIU_1554,Multi_Category_SPDI,689153,SQL_Injection,1,1,0,0,0,2067459000.0,120601774.99999999,2188060775.0,65.0,65.0
APP_NLIU_1555,Rule_3_ii_Financial_Data,925200,,1,1,0,1,0,1850400000.0,161910000.0,2012310000.0,65.0,65.0
APP_NLIU_1556,Rule_3_ii_Financial_Data,845271,,1,1,1,0,1,1690542000.0,147922425.0,1838464425.0,65.0,85.0
APP_NLIU_1557,Rule_3_iii_v_Health_Medical_Records,1667105,CSRF,0,0,1,1,0,4001052000.0,708519625.0,4709571625.0,15.0,15.0
APP_NLIU_1558,Rule_3_ii_Financial_Data,1601261,SQL_Injection,1,1,0,1,1,4803783000.0,280220675.0,5084003675.0,65.0,85.0
APP_NLIU_1559,Rule_3_vi_Biometric_Information,1585568,,1,1,1,1,1,3171136000.0,158556799.99999997,3329692800.0,80.0,100.0
APP_NLIU_1560,Multi_Category_SPDI,1042763,,0,1,1,1,1,2085526000.0,312828900.0,2398354900.0,40.0,60.0
APP_NLIU_1561,Rule_3_ii_Financial_Data,1044528,SSRF,0,1,0,1,1,2924678400.0,391698000.0,3316376400.0,25.0,45.0
APP_NLIU_1562,Rule_3_ii_Financial_Data,1856450,CSRF,1,1,1,1,0,4455480000.0,185644999.99999997,4641125000.0,80.0,80.0
APP_NLIU_1563,Rule_3_vi_Biometric_Information,724148,SSRF,1,1,1,1,1,2027614399.9999998,72414799.99999999,2100029199.9999998,80.0,100.0
APP_NLIU_1564,Rule_3_ii_Financial_Data,1183152,XSS,1,1,1,1,0,2602934400.0,118315199.99999997,2721249600.0,80.0,80.0
APP_NLIU_1565,Rule_3_vi_Biometric_Information,14765,SSRF,0,1,1,1,0,41342000.0,4429500.0,45771500.0,40.0,40.0
APP_NLIU_1566,Rule_3_ii_Financial_Data,1431548,CSRF,1,1,0,0,0,3435715200.0,250520899.99999997,3686236100.0,65.0,65.0
APP_NLIU_1567,Rule_3_iii_v_Health_Medical_Records,15002,Exception_Handling_Failure,1,0,1,0,1,40505400.0,4500600.0,45006000.0,40.0,60.0
APP_NLIU_1568,Rule_3_i_Passwords,1837717,XSS,0,1,1,1,0,4042977400.0000005,551315100.0,4594292500.0,40.0,40.0
APP_NLIU_1569,Rule_3_iii_v_Health_Medical_Records,1851398,CSRF,1,1,1,0,1,4443355200.0,323994650.0,4767349850.0,65.0,85.0
APP_NLIU_1570,Rule_3_ii_Financial_Data,180508,XSS,0,1,0,1,1,397117600.00000006,67690500.0,464808100.00000006,25.0,45.0
APP_NLIU_1571,Rule_3_iii_v_Health_Medical_Records,1312022,XSS,0,1,1,1,0,2886448400.0,393606600.0,3280055000.0,40.0,40.0
APP_NLIU_1572,Rule_3_i_Passwords,482698,SQL_Injection,1,0,1,1,1,1448094000.0,108607049.99999999,1556701050.0,55.00000000000001,75.0
APP_NLIU_1573,Rule_3_iii_v_Health_Medical_Records,1040044,SQL_Injection,1,1,1,1,0,3120132000.0,104004399.99999997,3224136400.0,80.0,80.0
APP_NLIU_1574,Multi_Category_SPDI,250620,,0,1,1,1,0,501240000.0,75186000.0,576426000.0,40.0,40.0
APP_NLIU_1575,Rule_3_ii_Financial_Data,535929,SQL_Injection,1,1,1,1,1,1607787000.0,53592899.999999985,1661379900.0,80.0,100.0
APP_NLIU_1576,Rule_3_i_Passwords,1480501,,0,0,1,0,0,2961002000.0,740250500.0,3701252500.0,0.0,0.0
APP_NLIU_1577,Rule_3_i_Passwords,1164695,,0,1,1,1,0,2329390000.0,349408500.0,2678798500.0,40.0,40.0
APP_NLIU_1578,Rule_3_iii_v_Health_Medical_Records,437525,CSRF,1,0,1,1,0,1050060000.0,98443124.99999999,1148503125.0,55.00000000000001,55.00000000000001
APP_NLIU_1579,Rule_3_iii_v_Health_Medical_Records,1331344,CSRF,1,1,1,1,1,3195225600.0,133134399.99999997,3328360000.0,80.0,100.0
APP_NLIU_1580,Rule_3_iii_v_Health_Medical_Records,1063542,XSS,0,1,1,1,1,2339792400.0,319062600.0,2658855000.0,40.0,60.0
APP_NLIU_1581,Rule_3_ii_Financial_Data,225422,,1,0,1,1,0,450844000.0,50719949.99999999,501563950.0,55.00000000000001,55.00000000000001
APP_NLIU_1582,Rule_3_ii_Financial_Data,1218837,,0,1,0,1,0,2437674000.0,457063875.0,2894737875.0,25.0,25.0
APP_NLIU_1583,Rule_3_iii_v_Health_Medical_Records,1124877,,1,1,1,0,0,2249754000.0,196853475.0,2446607475.0,65.0,65.0
APP_NLIU_1584,Rule_3_ii_Financial_Data,644411,SQL_Injection,1,1,0,1,0,1933233000.0,112771925.0,2046004925.0,65.0,65.0
APP_NLIU_1585,Multi_Category_SPDI,1464015,Exception_Handling_Failure,1,1,1,1,1,3952840500.0000005,146401499.99999997,4099242000.0000005,80.0,100.0
APP_NLIU_1586,Rule_3_i_Passwords,500521,XSS,0,1,0,1,0,1101146200.0,187695375.0,1288841575.0,25.0,25.0
APP_NLIU_1587,Rule_3_iii_v_Health_Medical_Records,1393903,XSS,1,1,1,1,1,3066586600.0000005,139390299.99999997,3205976900.0000005,80.0,100.0
APP_NLIU_1588,Rule_3_ii_Financial_Data,763912,SQL_Injection,1,1,1,1,1,2291736000.0,76391199.99999999,2368127200.0,80.0,100.0
APP_NLIU_1589,Rule_3_ii_Financial_Data,1058535,SSRF,1,1,0,1,1,2963898000.0,185243625.0,3149141625.0,65.0,85.0
APP_NLIU_1590,Rule_3_iii_v_Health_Medical_Records,1998337,,1,1,1,1,0,3996674000.0,199833699.99999997,4196507700.0,80.0,80.0
APP_NLIU_1591,Rule_3_iii_v_Health_Medical_Records,1020024,XSS,1,0,0,1,1,2244052800.0,306007200.0,2550060000.0,40.0,60.0
APP_NLIU_1592,Multi_Category_SPDI,317946,CSRF,1,1,1,1,1,763070400.0,31794599.999999993,794865000.0,80.0,100.0
APP_NLIU_1593,Rule_3_i_Passwords,1010252,CSRF,1,1,1,1,0,2424604800.0,101025199.99999997,2525630000.0,80.0,80.0
APP_NLIU_1594,Rule_3_i_Passwords,1701989,,1,1,1,1,1,3403978000.0,170198899.99999997,3574176900.0,80.0,100.0
APP_NLIU_1595,Rule_3_iii_v_Health_Medical_Records,1439515,,1,0,1,1,1,2879030000.0,323890874.99999994,3202920875.0,55.00000000000001,75.0
APP_NLIU_1596,Rule_3_iii_v_Health_Medical_Records,32215,CSRF,1,1,1,1,0,77316000.0,3221499.999999999,80537500.0,80.0,80.0
APP_NLIU_1597,Rule_3_ii_Financial_Data,60046,SQL_Injection,1,0,1,1,1,180138000.0,13510349.999999998,193648350.0,55.00000000000001,75.0
APP_NLIU_1598,Rule_3_i_Passwords,1043470,CSRF,1,1,1,1,0,2504328000.0,104346999.99999997,2608675000.0,80.0,80.0
APP_NLIU_1599,Rule_3_i_Passwords,1811129,,1,1,1,0,0,3622258000.0,316947575.0,3939205575.0,65.0,65.0
APP_NLIU_1600,Multi_Category_SPDI,1044089,XSS,0,1,1,1,1,2296995800.0,313226700.0,2610222500.0,40.0,60.0
APP_NLIU_1601,Rule_3_i_Passwords,1410313,XSS,1,1,0,1,1,3102688600.0000005,246804774.99999997,3349493375.0000005,65.0,85.0
APP_NLIU_1602,Rule_3_ii_Financial_Data,432310,XSS,1,1,0,1,1,951082000.0000001,75654250.0,1026736250.0000001,65.0,85.0
APP_NLIU_1603,Rule_3_ii_Financial_Data,1747605,CSRF,0,1,0,1,0,4194252000.0,655351875.0,4849603875.0,25.0,25.0
APP_NLIU_1604,Rule_3_ii_Financial_Data,172198,,0,0,1,1,1,344396000.0,73184150.0,417580150.0,15.0,35.0
APP_NLIU_1605,Rule_3_i_Passwords,346180,XSS,1,1,1,1,1,761596000.0000001,34617999.99999999,796214000.0000001,80.0,100.0
APP_NLIU_1606,Rule_3_iii_v_Health_Medical_Records,1949872,SQL_Injection,1,1,0,0,1,5849616000.0,341227600.0,6190843600.0,65.0,85.0
APP_NLIU_1607,Rule_3_i_Passwords,1698197,SQL_Injection,0,1,1,1,1,5094591000.0,509459100.0,5604050100.0,40.0,60.0
APP_NLIU_1608,Rule_3_vi_Biometric_Information,1594636,XSS,1,1,1,0,1,3508199200.0000005,279061300.0,3787260500.0000005,65.0,85.0
APP_NLIU_1609,Rule_3_ii_Financial_Data,581231,,1,1,0,0,0,1162462000.0,101715425.0,1264177425.0,65.0,65.0
APP_NLIU_1610,Rule_3_iii_v_Health_Medical_Records,336012,CSRF,1,1,1,1,0,806428800.0,33601199.99999999,840030000.0,80.0,80.0
APP_NLIU_1611,Multi_Category_SPDI,1365575,,0,0,1,1,0,2731150000.0,580369375.0,3311519375.0,15.0,15.0
APP_NLIU_1612,Rule_3_iii_v_Health_Medical_Records,682578,,1,1,1,1,1,1365156000.0,68257799.99999999,1433413800.0,80.0,100.0
APP_NLIU_1613,Rule_3_iii_v_Health_Medical_Records,630412,SSRF,1,0,1,1,0,1765153600.0,141842700.0,1906996300.0,55.00000000000001,55.00000000000001
APP_NLIU_1614,Rule_3_ii_Financial_Data,1003512,SQL_Injection,0,1,1,1,1,3010536000.0,301053600.0,3311589600.0,40.0,60.0
APP_NLIU_1615,Rule_3_ii_Financial_Data,1372925,SQL_Injection,0,1,1,1,0,4118775000.0,411877500.0,4530652500.0,40.0,40.0
APP_NLIU_1616,Rule_3_iii_v_Health_Medical_Records,665319,,1,1,1,1,1,1330638000.0,66531899.999999985,1397169900.0,80.0,100.0
APP_NLIU_1617,Multi_Category_SPDI,219051,SSRF,1,1,1,0,0,613342800.0,38333925.0,651676725.0,65.0,65.0
APP_NLIU_1618,Rule_3_iii_v_Health_Medical_Records,443350,CSRF,0,1,1,1,0,1064040000.0,133005000.0,1197045000.0,40.0,40.0
APP_NLIU_1619,Rule_3_iii_v_Health_Medical_Records,555162,XSS,1,1,0,0,0,1221356400.0,97153350.0,1318509750.0,65.0,65.0
APP_NLIU_1620,Rule_3_iii_v_Health_Medical_Records,660295,,1,1,1,1,0,1320590000.0,66029499.999999985,1386619500.0,80.0,80.0
APP_NLIU_1621,Rule_3_ii_Financial_Data,530589,SQL_Injection,1,1,0,1,1,1591767000.0,92853075.0,1684620075.0,65.0,85.0
APP_NLIU_1622,Rule_3_i_Passwords,1373737,XSS,1,0,1,1,1,3022221400.0000005,309090824.99999994,3331312225.0000005,55.00000000000001,75.0
APP_NLIU_1623,Rule_3_iii_v_Health_Medical_Records,1621183,XSS,1,0,1,1,1,3566602600.0000005,364766174.99999994,3931368775.0000005,55.00000000000001,75.0
APP_NLIU_1624,Multi_Category_SPDI,749976,XSS,1,1,1,0,1,1649947200.0000002,131245799.99999999,1781193000.0000002,65.0,85.0
APP_NLIU_1625,Rule_3_i_Passwords,1270867,,0,1,0,1,0,2541734000.0,476575125.0,3018309125.0,25.0,25.0
APP_NLIU_1626,Rule_3_iii_v_Health_Medical_Records,1017696,SSRF,0,1,1,1,1,2849548800.0,305308800.0,3154857600.0,40.0,60.0
APP_NLIU_1627,Rule_3_ii_Financial_Data,289599,,1,1,1,1,1,579198000.0,28959899.999999993,608157900.0,80.0,100.0
APP_NLIU_1628,Rule_3_iii_v_Health_Medical_Records,664472,Exception_Handling_Failure,0,0,1,1,1,1794074400.0,282400600.0,2076475000.0,15.0,35.0
APP_NLIU_1629,Rule_3_i_Passwords,1372753,XSS,1,1,1,1,0,3020056600.0000005,137275299.99999997,3157331900.0000005,80.0,80.0
APP_NLIU_1630,Rule_3_ii_Financial_Data,1557859,Exception_Handling_Failure,0,1,1,1,0,4206219300.0000005,467357700.0,4673577000.0,40.0,40.0
APP_NLIU_1631,Rule_3_vi_Biometric_Information,1556870,XSS,0,1,0,1,1,3425114000.0000005,583826250.0,4008940250.0000005,25.0,45.0
APP_NLIU_1632,Rule_3_ii_Financial_Data,1243008,SQL_Injection,1,1,1,0,0,3729024000.0,217526400.0,3946550400.0,65.0,65.0
APP_NLIU_1633,Rule_3_iii_v_Health_Medical_Records,480634,Exception_Handling_Failure,1,1,1,1,0,1297711800.0,48063399.99999999,1345775200.0,80.0,80.0
APP_NLIU_1634,Rule_3_vi_Biometric_Information,374068,XSS,1,1,1,1,0,822949600.0000001,37406799.99999999,860356400.0000001,80.0,80.0
APP_NLIU_1635,Multi_Category_SPDI,1086311,Exception_Handling_Failure,0,0,0,1,1,2933039700.0,543155500.0,3476195200.0,0.0,20.0
APP_NLIU_1636,Rule_3_ii_Financial_Data,864213,CSRF,0,1,1,1,0,2074111200.0,259263900.0,2333375100.0,40.0,40.0
APP_NLIU_1637,Rule_3_ii_Financial_Data,1294783,,1,0,1,1,1,2589566000.0,291326175.0,2880892175.0,55.00000000000001,75.0
APP_NLIU_1638,Rule_3_i_Passwords,1966039,XSS,1,0,1,1,1,4325285800.0,442358774.99999994,4767644575.0,55.00000000000001,75.0
APP_NLIU_1639,Multi_Category_SPDI,133305,SQL_Injection,1,0,1,1,0,399915000.0,29993624.999999996,429908625.0,55.00000000000001,55.00000000000001
APP_NLIU_1640,Multi_Category_SPDI,1776577,XSS,0,0,1,0,1,3908469400.0000005,888288500.0,4796757900.0,0.0,20.0
APP_NLIU_1641,Rule_3_iii_v_Health_Medical_Records,1685913,,1,1,0,1,1,3371826000.0,295034775.0,3666860775.0,65.0,85.0
APP_NLIU_1642,Rule_3_vi_Biometric_Information,419927,,1,0,1,1,0,839854000.0,94483574.99999999,934337575.0,55.00000000000001,55.00000000000001
APP_NLIU_1643,Rule_3_iii_v_Health_Medical_Records,1321350,XSS,1,0,0,1,0,2906970000.0,396405000.0,3303375000.0,40.0,40.0
APP_NLIU_1644,Rule_3_iii_v_Health_Medical_Records,1119064,,1,1,0,1,0,2238128000.0,195836200.0,2433964200.0,65.0,65.0
APP_NLIU_1645,Rule_3_i_Passwords,139278,CSRF,1,1,1,1,1,334267200.0,13927799.999999996,348195000.0,80.0,100.0
APP_NLIU_1646,Rule_3_vi_Biometric_Information,527059,XSS,1,1,1,1,0,1159529800.0,52705899.999999985,1212235700.0,80.0,80.0
APP_NLIU_1647,Rule_3_i_Passwords,847721,,1,1,1,1,1,1695442000.0,84772099.99999999,1780214100.0,80.0,100.0
APP_NLIU_1648,Rule_3_vi_Biometric_Information,286097,,1,1,1,1,1,572194000.0,28609699.999999993,600803700.0,80.0,100.0
APP_NLIU_1649,Rule_3_vi_Biometric_Information,1416652,Exception_Handling_Failure,0,1,1,1,1,3824960400.0000005,424995600.0,4249956000.0000005,40.0,60.0
APP_NLIU_1650,Rule_3_iii_v_Health_Medical_Records,1719004,,0,0,1,1,0,3438008000.0,730576700.0,4168584700.0,15.0,15.0
APP_NLIU_1651,Rule_3_i_Passwords,263946,SQL_Injection,1,1,0,1,0,791838000.0,46190550.0,838028550.0,65.0,65.0
APP_NLIU_1652,Rule_3_ii_Financial_Data,83930,,0,0,1,0,0,167860000.0,41965000.0,209825000.0,0.0,0.0
APP_NLIU_1653,Rule_3_ii_Financial_Data,191988,CSRF,0,0,0,1,0,460771200.0,95994000.0,556765200.0,0.0,0.0
APP_NLIU_1654,Rule_3_ii_Financial_Data,1316787,SSRF,1,1,1,0,1,3687003600.0,230437725.0,3917441325.0,65.0,85.0
APP_NLIU_1655,Rule_3_i_Passwords,1366378,SSRF,1,1,1,1,1,3825858399.9999995,136637799.99999997,3962496199.9999995,80.0,100.0
APP_NLIU_1656,Multi_Category_SPDI,581453,XSS,1,1,0,1,1,1279196600.0,101754275.0,1380950875.0,65.0,85.0
APP_NLIU_1657,Rule_3_iii_v_Health_Medical_Records,347925,CSRF,1,1,0,1,0,835020000.0,60886874.99999999,895906875.0,65.0,65.0
APP_NLIU_1658,Rule_3_ii_Financial_Data,145931,CSRF,1,1,1,0,0,350234400.0,25537925.0,375772325.0,65.0,65.0
APP_NLIU_1659,Rule_3_ii_Financial_Data,1607028,SQL_Injection,1,1,1,1,1,4821084000.0,160702799.99999997,4981786800.0,80.0,100.0
APP_NLIU_1660,Rule_3_ii_Financial_Data,109946,CSRF,1,0,1,1,1,263870400.0,24737849.999999996,288608250.0,55.00000000000001,75.0
APP_NLIU_1661,Rule_3_iii_v_Health_Medical_Records,1265561,XSS,0,1,1,0,0,2784234200.0,474585375.0,3258819575.0,25.0,25.0
APP_NLIU_1662,Rule_3_iii_v_Health_Medical_Records,919012,XSS,0,1,1,1,1,2021826400.0000002,275703600.0,2297530000.0,40.0,60.0
APP_NLIU_1663,Multi_Category_SPDI,762730,CSRF,1,0,1,1,0,1830552000.0,171614249.99999997,2002166250.0,55.00000000000001,55.00000000000001
APP_NLIU_1664,Rule_3_ii_Financial_Data,366395,,0,1,1,1,0,732790000.0,109918500.0,842708500.0,40.0,40.0
APP_NLIU_1665,Multi_Category_SPDI,1598637,,0,1,0,1,1,3197274000.0,599488875.0,3796762875.0,25.0,45.0
APP_NLIU_1666,Multi_Category_SPDI,455511,,0,0,1,1,1,911022000.0,193592175.0,1104614175.0,15.0,35.0
APP_NLIU_1667,Rule_3_ii_Financial_Data,563227,CSRF,1,1,1,0,0,1351744800.0,98564725.0,1450309525.0,65.0,65.0
APP_NLIU_1668,Multi_Category_SPDI,928618,,1,1,1,0,1,1857236000.0,162508150.0,2019744150.0,65.0,85.0
APP_NLIU_1669,Rule_3_i_Passwords,889907,SSRF,1,0,1,0,1,2491739600.0,266972100.0,2758711700.0,40.0,60.0
APP_NLIU_1670,Rule_3_vi_Biometric_Information,256442,SQL_Injection,0,1,1,1,1,769326000.0,76932600.0,846258600.0,40.0,60.0
APP_NLIU_1671,Rule_3_ii_Financial_Data,1328538,CSRF,1,1,0,1,1,3188491200.0,232494150.0,3420985350.0,65.0,85.0
APP_NLIU_1672,Multi_Category_SPDI,1325055,,0,1,1,1,0,2650110000.0,397516500.0,3047626500.0,40.0,40.0
APP_NLIU_1673,Multi_Category_SPDI,1555147,SSRF,1,0,0,1,0,4354411600.0,466544100.0,4820955700.0,40.0,40.0
APP_NLIU_1674,Rule_3_vi_Biometric_Information,322152,SQL_Injection,1,1,0,1,1,966456000.0,56376600.0,1022832600.0,65.0,85.0
APP_NLIU_1675,Rule_3_vi_Biometric_Information,1649609,SQL_Injection,1,1,1,1,1,4948827000.0,164960899.99999997,5113787900.0,80.0,100.0
APP_NLIU_1676,Rule_3_ii_Financial_Data,703508,,1,1,1,1,0,1407016000.0,70350799.99999999,1477366800.0,80.0,80.0
APP_NLIU_1677,Rule_3_i_Passwords,1310021,Exception_Handling_Failure,1,1,1,1,1,3537056700.0,131002099.99999997,3668058800.0,80.0,100.0
APP_NLIU_1678,Rule_3_ii_Financial_Data,270721,CSRF,1,1,1,1,1,649730400.0,27072099.999999993,676802500.0,80.0,100.0
APP_NLIU_1679,Rule_3_i_Passwords,78916,XSS,1,0,1,1,1,173615200.0,17756100.0,191371300.0,55.00000000000001,75.0
APP_NLIU_1680,Rule_3_iii_v_Health_Medical_Records,1713012,XSS,1,0,1,1,1,3768626400.0000005,385427699.99999994,4154054100.0000005,55.00000000000001,75.0
APP_NLIU_1681,Rule_3_ii_Financial_Data,431141,Exception_Handling_Failure,1,1,1,0,1,1164080700.0,75449675.0,1239530375.0,65.0,85.0
APP_NLIU_1682,Multi_Category_SPDI,1028585,SSRF,1,1,1,0,0,2880038000.0,180002375.0,3060040375.0,65.0,65.0
APP_NLIU_1683,Rule_3_iii_v_Health_Medical_Records,64314,,1,1,1,1,1,128628000.0,6431399.999999998,135059400.0,80.0,100.0
APP_NLIU_1684,Rule_3_vi_Biometric_Information,1881213,CSRF,1,1,1,1,0,4514911200.0,188121299.99999997,4703032500.0,80.0,80.0
APP_NLIU_1685,Rule_3_i_Passwords,409311,Exception_Handling_Failure,0,1,1,1,1,1105139700.0,122793300.0,1227933000.0,40.0,60.0
APP_NLIU_1686,Multi_Category_SPDI,1691447,SQL_Injection,1,0,1,1,1,5074341000.0,380575574.99999994,5454916575.0,55.00000000000001,75.0
APP_NLIU_1687,Multi_Category_SPDI,614003,CSRF,1,1,1,0,0,1473607200.0,107450525.0,1581057725.0,65.0,65.0
APP_NLIU_1688,Rule_3_ii_Financial_Data,241576,CSRF,1,0,1,1,0,579782400.0,54354599.99999999,634137000.0,55.00000000000001,55.00000000000001
APP_NLIU_1689,Rule_3_iii_v_Health_Medical_Records,61680,XSS,0,0,1,1,0,135696000.0,26214000.0,161910000.0,15.0,15.0
APP_NLIU_1690,Rule_3_vi_Biometric_Information,1081976,SQL_Injection,1,1,1,1,1,3245928000.0,108197599.99999997,3354125600.0,80.0,100.0
APP_NLIU_1691,Rule_3_i_Passwords,511367,,1,1,1,1,0,1022734000.0,51136699.999999985,1073870700.0,80.0,80.0
APP_NLIU_1692,Rule_3_iii_v_Health_Medical_Records,636633,SSRF,1,0,1,1,0,1782572400.0,143242425.0,1925814825.0,55.00000000000001,55.00000000000001
APP_NLIU_1693,Rule_3_ii_Financial_Data,1776282,Exception_Handling_Failure,1,1,1,1,1,4795961400.0,177628199.99999997,4973589600.0,80.0,100.0
APP_NLIU_1694,Rule_3_i_Passwords,1140686,,1,0,0,1,0,2281372000.0,342205800.0,2623577800.0,40.0,40.0
APP_NLIU_1695,Rule_3_ii_Financial_Data,1697984,XSS,1,1,0,1,0,3735564800.0000005,297147200.0,4032712000.0000005,65.0,65.0
APP_NLIU_1696,Rule_3_i_Passwords,295706,,0,0,0,1,1,591412000.0,147853000.0,739265000.0,0.0,20.0
APP_NLIU_1697,Rule_3_i_Passwords,963167,Exception_Handling_Failure,1,1,1,1,1,2600550900.0,96316699.99999999,2696867600.0,80.0,100.0
APP_NLIU_1698,Rule_3_i_Passwords,23510,CSRF,0,1,0,0,0,56424000.0,8816250.0,65240250.0,25.0,25.0
APP_NLIU_1699,Multi_Category_SPDI,1639472,,1,1,0,0,1,3278944000.0,286907600.0,3565851600.0,65.0,85.0
APP_NLIU_1700,Rule_3_iii_v_Health_Medical_Records,470705,CSRF,1,0,1,1,1,1129692000.0,105908624.99999999,1235600625.0,55.00000000000001,75.0
APP_NLIU_1701,Multi_Category_SPDI,1367902,XSS,1,0,1,1,1,3009384400.0000005,307777949.99999994,3317162350.0000005,55.00000000000001,75.0
APP_NLIU_1702,Rule_3_ii_Financial_Data,764987,,1,1,1,1,1,1529974000.0,76498699.99999999,1606472700.0,80.0,100.0
APP_NLIU_1703,Rule_3_ii_Financial_Data,556171,CSRF,1,1,1,1,1,1334810400.0,55617099.999999985,1390427500.0,80.0,100.0
APP_NLIU_1704,Rule_3_iii_v_Health_Medical_Records,1550701,CSRF,1,0,1,1,1,3721682400.0,348907724.99999994,4070590125.0,55.00000000000001,75.0
APP_NLIU_1705,Rule_3_ii_Financial_Data,731787,XSS,1,1,1,1,0,1609931400.0000002,73178699.99999999,1683110100.0000002,80.0,80.0
APP_NLIU_1706,Rule_3_i_Passwords,696204,,1,1,0,1,1,1392408000.0,121835699.99999999,1514243700.0,65.0,85.0
APP_NLIU_1707,Rule_3_iii_v_Health_Medical_Records,941232,,1,1,1,1,0,1882464000.0,94123199.99999999,1976587200.0,80.0,80.0
APP_NLIU_1708,Rule_3_ii_Financial_Data,759283,XSS,0,0,0,1,1,1670422600.0000002,379641500.0,2050064100.0000002,0.0,20.0
APP_NLIU_1709,Rule_3_iii_v_Health_Medical_Records,540382,Exception_Handling_Failure,1,1,1,1,1,1459031400.0,54038199.999999985,1513069600.0,80.0,100.0
APP_NLIU_1710,Rule_3_iii_v_Health_Medical_Records,1973487,,1,1,0,1,0,3946974000.0,345360225.0,4292334225.0,65.0,65.0
APP_NLIU_1711,Rule_3_i_Passwords,977916,SQL_Injection,0,0,1,1,0,2933748000.0,415614300.0,3349362300.0,15.0,15.0
APP_NLIU_1712,Rule_3_i_Passwords,1590508,SSRF,1,1,0,1,0,4453422400.0,278338900.0,4731761300.0,65.0,65.0
APP_NLIU_1713,Rule_3_vi_Biometric_Information,1285956,,1,1,0,1,0,2571912000.0,225042300.0,2796954300.0,65.0,65.0
APP_NLIU_1714,Rule_3_ii_Financial_Data,90834,,1,1,1,1,1,181668000.0,9083399.999999998,190751400.0,80.0,100.0
APP_NLIU_1715,Rule_3_i_Passwords,1424702,,1,1,0,1,1,2849404000.0,249322849.99999997,3098726850.0,65.0,85.0
APP_NLIU_1716,Multi_Category_SPDI,1507538,XSS,1,0,1,1,1,3316583600.0000005,339196049.99999994,3655779650.0000005,55.00000000000001,75.0
APP_NLIU_1717,Rule_3_i_Passwords,57748,SQL_Injection,1,1,1,1,1,173244000.0,5774799.999999999,179018800.0,80.0,100.0
APP_NLIU_1718,Rule_3_iii_v_Health_Medical_Records,1899029,XSS,1,0,1,1,0,4177863800.0000005,427281524.99999994,4605145325.0,55.00000000000001,55.00000000000001
APP_NLIU_1719,Multi_Category_SPDI,1116227,SSRF,1,0,1,0,1,3125435600.0,334868100.0,3460303700.0,40.0,60.0
APP_NLIU_1720,Rule_3_ii_Financial_Data,1352527,CSRF,1,1,1,1,1,3246064800.0,135252699.99999997,3381317500.0,80.0,100.0
APP_NLIU_1721,Rule_3_i_Passwords,33669,,1,1,1,1,1,67338000.0,3366899.999999999,70704900.0,80.0,100.0
APP_NLIU_1722,Rule_3_i_Passwords,690521,SQL_Injection,1,1,1,1,0,2071563000.0,69052099.99999999,2140615100.0,80.0,80.0
APP_NLIU_1723,Rule_3_ii_Financial_Data,1454074,,0,0,0,1,0,2908148000.0,727037000.0,3635185000.0,0.0,0.0
APP_NLIU_1724,Rule_3_i_Passwords,293683,XSS,0,1,1,1,0,646102600.0,88104900.0,734207500.0,40.0,40.0
APP_NLIU_1725,Rule_3_iii_v_Health_Medical_Records,1974387,XSS,1,0,0,0,1,4343651400.0,592316100.0,4935967500.0,40.0,60.0
APP_NLIU_1726,Rule_3_i_Passwords,1857753,SQL_Injection,0,0,1,1,0,5573259000.0,789545025.0,6362804025.0,15.0,15.0
APP_NLIU_1727,Rule_3_iii_v_Health_Medical_Records,699793,CSRF,1,1,1,0,1,1679503200.0,122463774.99999999,1801966975.0,65.0,85.0
APP_NLIU_1728,Multi_Category_SPDI,238670,SQL_Injection,1,1,1,1,1,716010000.0,23866999.999999996,739877000.0,80.0,100.0
APP_NLIU_1729,Rule_3_vi_Biometric_Information,1874563,,0,0,1,1,1,3749126000.0,796689275.0,4545815275.0,15.0,35.0
APP_NLIU_1730,Rule_3_iii_v_Health_Medical_Records,1447865,,0,0,1,1,0,2895730000.0,615342625.0,3511072625.0,15.0,15.0
APP_NLIU_1731,Rule_3_ii_Financial_Data,1872691,XSS,1,0,1,1,1,4119920200.0000005,421355474.99999994,4541275675.0,55.00000000000001,75.0
APP_NLIU_1732,Rule_3_iii_v_Health_Medical_Records,30741,SSRF,1,1,1,1,1,86074800.0,3074099.9999999995,89148900.0,80.0,100.0
APP_NLIU_1733,Rule_3_iii_v_Health_Medical_Records,1206934,,1,1,1,1,0,2413868000.0,120693399.99999997,2534561400.0,80.0,80.0
APP_NLIU_1734,Rule_3_ii_Financial_Data,8599,CSRF,1,0,1,1,1,20637600.0,1934774.9999999998,22572375.0,55.00000000000001,75.0
APP_NLIU_1735,Rule_3_i_Passwords,1182089,SSRF,0,1,0,0,1,3309849200.0,443283375.0,3753132575.0,25.0,45.0
APP_NLIU_1736,Multi_Category_SPDI,818725,XSS,0,0,1,1,0,1801195000.0000002,347958125.0,2149153125.0,15.0,15.0
APP_NLIU_1737,Rule_3_ii_Financial_Data,1331109,,1,0,1,1,1,2662218000.0,299499525.0,2961717525.0,55.00000000000001,75.0
APP_NLIU_1738,Rule_3_i_Passwords,507865,SQL_Injection,1,1,0,1,0,1523595000.0,88876375.0,1612471375.0,65.0,65.0
APP_NLIU_1739,Rule_3_ii_Financial_Data,1328038,SSRF,1,1,1,0,0,3718506400.0,232406650.0,3950913050.0,65.0,65.0
APP_NLIU_1740,Rule_3_ii_Financial_Data,270199,,1,0,1,0,1,540398000.0,81059700.0,621457700.0,40.0,60.0
APP_NLIU_1741,Rule_3_vi_Biometric_Information,650452,SSRF,1,0,1,1,0,1821265600.0,146351700.0,1967617300.0,55.00000000000001,55.00000000000001
APP_NLIU_1742,Rule_3_iii_v_Health_Medical_Records,1660443,SQL_Injection,0,0,1,1,0,4981329000.0,705688275.0,5687017275.0,15.0,15.0
APP_NLIU_1743,Rule_3_vi_Biometric_Information,1715256,XSS,0,1,1,1,0,3773563200.0000005,514576800.0,4288140000.0000005,40.0,40.0
APP_NLIU_1744,Rule_3_i_Passwords,1158393,,1,0,1,0,0,2316786000.0,347517900.0,2664303900.0,40.0,40.0
APP_NLIU_1745,Rule_3_ii_Financial_Data,9642,XSS,0,1,1,0,0,21212400.0,3615750.0,24828150.0,25.0,25.0
APP_NLIU_1746,Rule_3_ii_Financial_Data,1539486,,0,1,1,1,1,3078972000.0,461845800.0,3540817800.0,40.0,60.0
APP_NLIU_1747,Rule_3_i_Passwords,1587185,Exception_Handling_Failure,1,0,1,1,0,4285399500.0000005,357116624.99999994,4642516125.0,55.00000000000001,55.00000000000001
APP_NLIU_1748,Rule_3_ii_Financial_Data,1395688,SQL_Injection,1,1,1,1,0,4187064000.0,139568799.99999997,4326632800.0,80.0,80.0
APP_NLIU_1749,Rule_3_vi_Biometric_Information,1797229,,1,0,1,0,0,3594458000.0,539168700.0,4133626700.0,40.0,40.0
APP_NLIU_1750,Rule_3_i_Passwords,457834,XSS,0,1,0,1,0,1007234800.0000001,171687750.0,1178922550.0,25.0,25.0
APP_NLIU_1751,Rule_3_iii_v_Health_Medical_Records,1680634,CSRF,1,1,1,1,0,4033521600.0,168063399.99999997,4201585000.0,80.0,80.0
APP_NLIU_1752,Rule_3_ii_Financial_Data,526315,XSS,1,1,1,1,1,1157893000.0,52631499.999999985,1210524500.0,80.0,100.0
APP_NLIU_1753,Rule_3_i_Passwords,1472836,CSRF,0,0,1,0,1,3534806400.0,736418000.0,4271224400.0,0.0,20.0
APP_NLIU_1754,Rule_3_ii_Financial_Data,1206619,SQL_Injection,0,1,1,1,1,3619857000.0,361985700.0,3981842700.0,40.0,60.0
APP_NLIU_1755,Multi_Category_SPDI,1833918,SQL_Injection,1,0,0,1,0,5501754000.0,550175400.0,6051929400.0,40.0,40.0
APP_NLIU_1756,Rule_3_vi_Biometric_Information,1425482,XSS,1,1,1,1,1,3136060400.0000005,142548199.99999997,3278608600.0000005,80.0,100.0
APP_NLIU_1757,Multi_Category_SPDI,1692047,,1,1,1,1,1,3384094000.0,169204699.99999997,3553298700.0,80.0,100.0
APP_NLIU_1758,Rule_3_ii_Financial_Data,646447,XSS,0,1,0,1,1,1422183400.0,242417625.0,1664601025.0,25.0,45.0
APP_NLIU_1759,Rule_3_i_Passwords,1051842,,1,1,1,1,0,2103684000.0,105184199.99999997,2208868200.0,80.0,80.0
APP_NLIU_1760,Rule_3_iii_v_Health_Medical_Records,1865735,CSRF,1,1,0,1,0,4477764000.0,326503625.0,4804267625.0,65.0,65.0
APP_NLIU_1761,Rule_3_ii_Financial_Data,1993639,CSRF,1,1,1,1,1,4784733600.0,199363899.99999997,4984097500.0,80.0,100.0
APP_NLIU_1762,Rule_3_vi_Biometric_Information,78820,SSRF,1,1,1,1,1,220696000.0,7881999.999999998,228578000.0,80.0,100.0
APP_NLIU_1763,Rule_3_i_Passwords,638350,SSRF,0,1,1,1,1,1787380000.0,191505000.0,1978885000.0,40.0,60.0
APP_NLIU_1764,Rule_3_ii_Financial_Data,1792137,CSRF,1,1,0,1,0,4301128800.0,313623975.0,4614752775.0,65.0,65.0
APP_NLIU_1765,Rule_3_i_Passwords,556764,,0,1,0,1,0,1113528000.0,208786500.0,1322314500.0,25.0,25.0
APP_NLIU_1766,Rule_3_ii_Financial_Data,527117,,0,0,1,1,1,1054234000.0,224024725.0,1278258725.0,15.0,35.0
APP_NLIU_1767,Rule_3_iii_v_Health_Medical_Records,1509475,,1,0,1,0,1,3018950000.0,452842500.0,3471792500.0,40.0,60.0
APP_NLIU_1768,Rule_3_ii_Financial_Data,1719927,SSRF,1,1,1,1,1,4815795600.0,171992699.99999997,4987788300.0,80.0,100.0
APP_NLIU_1769,Rule_3_ii_Financial_Data,1794033,,0,1,1,1,0,3588066000.0,538209900.0,4126275900.0,40.0,40.0
APP_NLIU_1770,Rule_3_ii_Financial_Data,1173931,CSRF,1,1,1,1,1,2817434400.0,117393099.99999997,2934827500.0,80.0,100.0
APP_NLIU_1771,Rule_3_ii_Financial_Data,1123623,SQL_Injection,0,0,0,1,0,3370869000.0,561811500.0,3932680500.0,0.0,0.0
APP_NLIU_1772,Rule_3_vi_Biometric_Information,146868,,1,1,0,1,0,293736000.0,25701900.0,319437900.0,65.0,65.0
APP_NLIU_1773,Multi_Category_SPDI,1057457,Exception_Handling_Failure,1,0,1,0,1,2855133900.0,317237100.0,3172371000.0,40.0,60.0
APP_NLIU_1774,Multi_Category_SPDI,544956,SSRF,0,1,1,1,1,1525876800.0,163486800.0,1689363600.0,40.0,60.0
APP_NLIU_1775,Rule_3_vi_Biometric_Information,236789,XSS,0,1,1,1,0,520935800.00000006,71036700.0,591972500.0,40.0,40.0
APP_NLIU_1776,Rule_3_ii_Financial_Data,170384,CSRF,1,0,1,1,1,408921600.0,38336399.99999999,447258000.0,55.00000000000001,75.0
APP_NLIU_1777,Rule_3_iii_v_Health_Medical_Records,33106,,0,1,0,1,1,66212000.0,12414750.0,78626750.0,25.0,45.0
APP_NLIU_1778,Rule_3_ii_Financial_Data,753118,XSS,0,1,1,0,1,1656859600.0000002,282419250.0,1939278850.0000002,25.0,45.0
APP_NLIU_1779,Rule_3_ii_Financial_Data,807161,,1,1,1,1,0,1614322000.0,80716099.99999999,1695038100.0,80.0,80.0
APP_NLIU_1780,Rule_3_vi_Biometric_Information,658642,SQL_Injection,1,0,1,1,0,1975926000.0,148194450.0,2124120450.0,55.00000000000001,55.00000000000001
APP_NLIU_1781,Rule_3_i_Passwords,599608,CSRF,1,0,1,1,1,1439059200.0,134911800.0,1573971000.0,55.00000000000001,75.0
APP_NLIU_1782,Multi_Category_SPDI,1894921,XSS,0,0,1,1,1,4168826200.0000005,805341425.0,4974167625.0,15.0,35.0
APP_NLIU_1783,Rule_3_ii_Financial_Data,326546,XSS,1,0,0,1,1,718401200.0,97963800.0,816365000.0,40.0,60.0
APP_NLIU_1784,Rule_3_iii_v_Health_Medical_Records,126649,CSRF,1,0,1,1,0,303957600.0,28496024.999999996,332453625.0,55.00000000000001,55.00000000000001
APP_NLIU_1785,Rule_3_iii_v_Health_Medical_Records,371074,,0,0,0,1,1,742148000.0,185537000.0,927685000.0,0.0,20.0
APP_NLIU_1786,Multi_Category_SPDI,1746218,,1,1,1,1,1,3492436000.0,174621799.99999997,3667057800.0,80.0,100.0
APP_NLIU_1787,Rule_3_iii_v_Health_Medical_Records,497665,,0,1,0,1,1,995330000.0,186624375.0,1181954375.0,25.0,45.0
APP_NLIU_1788,Rule_3_iii_v_Health_Medical_Records,1521430,,1,1,0,1,1,3042860000.0,266250249.99999997,3309110250.0,65.0,85.0
APP_NLIU_1789,Rule_3_i_Passwords,1032306,,1,1,0,0,1,2064612000.0,180653550.0,2245265550.0,65.0,85.0
APP_NLIU_1790,Rule_3_iii_v_Health_Medical_Records,698578,XSS,1,1,0,1,0,1536871600.0000002,122251149.99999999,1659122750.0000002,65.0,65.0
APP_NLIU_1791,Rule_3_i_Passwords,1989030,,0,1,1,1,1,3978060000.0,596709000.0,4574769000.0,40.0,60.0
APP_NLIU_1792,Rule_3_iii_v_Health_Medical_Records,589027,CSRF,0,0,1,0,1,1413664800.0,294513500.0,1708178300.0,0.0,20.0
APP_NLIU_1793,Rule_3_iii_v_Health_Medical_Records,1302341,CSRF,1,0,1,1,1,3125618400.0,293026725.0,3418645125.0,55.00000000000001,75.0
APP_NLIU_1794,Rule_3_iii_v_Health_Medical_Records,271651,CSRF,1,1,1,1,1,651962400.0,27165099.999999993,679127500.0,80.0,100.0
APP_NLIU_1795,Rule_3_i_Passwords,182375,XSS,0,1,0,0,0,401225000.00000006,68390625.0,469615625.00000006,25.0,25.0
APP_NLIU_1796,Rule_3_i_Passwords,1156128,CSRF,0,1,1,1,1,2774707200.0,346838400.0,3121545600.0,40.0,60.0
APP_NLIU_1797,Rule_3_iii_v_Health_Medical_Records,608347,,0,1,0,0,1,1216694000.0,228130125.0,1444824125.0,25.0,45.0
APP_NLIU_1798,Rule_3_i_Passwords,1209315,CSRF,1,0,0,1,0,2902356000.0,362794500.0,3265150500.0,40.0,40.0
APP_NLIU_1799,Rule_3_i_Passwords,1712928,SQL_Injection,0,1,0,1,1,5138784000.0,642348000.0,5781132000.0,25.0,45.0
APP_NLIU_1800,Rule_3_i_Passwords,1815762,XSS,1,1,1,1,1,3994676400.0000005,181576199.99999997,4176252600.0000005,80.0,100.0
APP_NLIU_1801,Multi_Category_SPDI,135514,SQL_Injection,0,1,0,1,0,406542000.0,50817750.0,457359750.0,25.0,25.0
APP_NLIU_1802,Rule_3_iii_v_Health_Medical_Records,1520355,SQL_Injection,1,1,1,0,0,4561065000.0,266062124.99999997,4827127125.0,65.0,65.0
APP_NLIU_1803,Rule_3_ii_Financial_Data,1927688,SSRF,0,1,1,1,0,5397526400.0,578306400.0,5975832800.0,40.0,40.0
APP_NLIU_1804,Rule_3_ii_Financial_Data,1079106,XSS,1,0,1,0,0,2374033200.0,323731800.0,2697765000.0,40.0,40.0
APP_NLIU_1805,Rule_3_ii_Financial_Data,246348,XSS,0,0,1,1,0,541965600.0,104697900.0,646663500.0,15.0,15.0
APP_NLIU_1806,Rule_3_vi_Biometric_Information,1068881,,0,1,1,1,1,2137762000.0,320664300.0,2458426300.0,40.0,60.0
APP_NLIU_1807,Rule_3_iii_v_Health_Medical_Records,114097,,1,1,1,1,0,228194000.0,11409699.999999998,239603700.0,80.0,80.0
APP_NLIU_1808,Rule_3_i_Passwords,1831669,XSS,1,0,0,1,1,4029671800.0000005,549500700.0,4579172500.0,40.0,60.0
APP_NLIU_1809,Rule_3_i_Passwords,1796203,CSRF,1,0,1,0,0,4310887200.0,538860900.0,4849748100.0,40.0,40.0
APP_NLIU_1810,Rule_3_i_Passwords,1533001,CSRF,1,1,1,1,1,3679202400.0,153300099.99999997,3832502500.0,80.0,100.0
APP_NLIU_1811,Rule_3_iii_v_Health_Medical_Records,497049,,1,1,1,0,0,994098000.0,86983575.0,1081081575.0,65.0,65.0
APP_NLIU_1812,Rule_3_vi_Biometric_Information,1105620,SQL_Injection,0,1,1,1,1,3316860000.0,331686000.0,3648546000.0,40.0,60.0
APP_NLIU_1813,Rule_3_ii_Financial_Data,1013882,SQL_Injection,1,1,1,0,0,3041646000.0,177429350.0,3219075350.0,65.0,65.0
APP_NLIU_1814,Rule_3_i_Passwords,135436,,1,1,1,1,0,270872000.0,13543599.999999996,284415600.0,80.0,80.0
APP_NLIU_1815,Rule_3_i_Passwords,94363,XSS,0,0,0,1,0,207598600.00000003,47181500.0,254780100.00000003,0.0,0.0
APP_NLIU_1816,Multi_Category_SPDI,325961,SQL_Injection,1,0,1,1,1,977883000.0,73341225.0,1051224225.0,55.00000000000001,75.0
APP_NLIU_1817,Rule_3_ii_Financial_Data,1680902,SSRF,1,1,1,1,0,4706525600.0,168090199.99999997,4874615800.0,80.0,80.0
APP_NLIU_1818,Rule_3_vi_Biometric_Information,1624530,,1,1,1,1,1,3249060000.0,162452999.99999997,3411513000.0,80.0,100.0
APP_NLIU_1819,Rule_3_iii_v_Health_Medical_Records,1472965,,0,1,0,0,0,2945930000.0,552361875.0,3498291875.0,25.0,25.0
APP_NLIU_1820,Rule_3_ii_Financial_Data,1858917,,0,1,1,1,0,3717834000.0,557675100.0,4275509100.0,40.0,40.0
APP_NLIU_1821,Rule_3_ii_Financial_Data,1510759,XSS,1,1,1,0,0,3323669800.0000005,264382824.99999997,3588052625.0000005,65.0,65.0
APP_NLIU_1822,Rule_3_i_Passwords,953511,XSS,1,1,1,1,1,2097724200.0000002,95351099.99999999,2193075300.0,80.0,100.0
APP_NLIU_1823,Rule_3_iii_v_Health_Medical_Records,411201,,0,0,1,1,0,822402000.0,174760425.0,997162425.0,15.0,15.0
APP_NLIU_1824,Rule_3_vi_Biometric_Information,1040953,,1,1,1,1,0,2081906000.0,104095299.99999997,2186001300.0,80.0,80.0
APP_NLIU_1825,Rule_3_iii_v_Health_Medical_Records,1076101,SSRF,1,1,1,1,1,3013082800.0,107610099.99999997,3120692900.0,80.0,100.0
APP_NLIU_1826,Rule_3_iii_v_Health_Medical_Records,1165869,,1,1,1,0,0,2331738000.0,204027075.0,2535765075.0,65.0,65.0
APP_NLIU_1827,Rule_3_i_Passwords,1154622,SSRF,1,1,1,1,1,3232941600.0,115462199.99999997,3348403800.0,80.0,100.0
APP_NLIU_1828,Multi_Category_SPDI,42403,SSRF,1,1,1,1,0,118728399.99999999,4240299.999999999,122968699.99999999,80.0,80.0
APP_NLIU_1829,Rule_3_vi_Biometric_Information,1221841,Exception_Handling_Failure,0,0,1,1,1,3298970700.0,519282425.0,3818253125.0,15.0,35.0
APP_NLIU_1830,Rule_3_ii_Financial_Data,1553757,XSS,1,1,0,1,1,3418265400.0000005,271907475.0,3690172875.0000005,65.0,85.0
APP_NLIU_1831,Multi_Category_SPDI,402046,,1,1,1,1,0,804092000.0,40204599.99999999,844296600.0,80.0,80.0
APP_NLIU_1832,Rule_3_iii_v_Health_Medical_Records,978648,SQL_Injection,0,1,1,1,0,2935944000.0,293594400.0,3229538400.0,40.0,40.0
APP_NLIU_1833,Rule_3_iii_v_Health_Medical_Records,1185181,XSS,1,1,1,0,1,2607398200.0,207406675.0,2814804875.0,65.0,85.0
APP_NLIU_1834,Rule_3_iii_v_Health_Medical_Records,1821490,,1,1,1,1,1,3642980000.0,182148999.99999997,3825129000.0,80.0,100.0
APP_NLIU_1835,Rule_3_vi_Biometric_Information,157018,,1,1,1,1,1,314036000.0,15701799.999999996,329737800.0,80.0,100.0
APP_NLIU_1836,Rule_3_iii_v_Health_Medical_Records,290648,SSRF,1,1,1,1,1,813814400.0,29064799.999999993,842879200.0,80.0,100.0
APP_NLIU_1837,Rule_3_i_Passwords,1688415,CSRF,1,1,1,0,0,4052196000.0,295472625.0,4347668625.0,65.0,65.0
APP_NLIU_1838,Rule_3_ii_Financial_Data,1371435,Exception_Handling_Failure,1,0,0,1,1,3702874500.0000005,411430500.0,4114305000.0000005,40.0,60.0
APP_NLIU_1839,Multi_Category_SPDI,1737191,SSRF,0,1,1,1,1,4864134800.0,521157300.0,5385292100.0,40.0,60.0
APP_NLIU_1840,Rule_3_ii_Financial_Data,978945,,1,1,1,1,1,1957890000.0,97894499.99999999,2055784500.0,80.0,100.0
APP_NLIU_1841,Rule_3_ii_Financial_Data,1614719,,1,1,1,1,1,3229438000.0,161471899.99999997,3390909900.0,80.0,100.0
APP_NLIU_1842,Rule_3_ii_Financial_Data,1095297,SSRF,0,1,1,1,1,3066831600.0,328589100.0,3395420700.0,40.0,60.0
APP_NLIU_1843,Rule_3_ii_Financial_Data,116597,SQL_Injection,1,0,1,1,1,349791000.0,26234324.999999996,376025325.0,55.00000000000001,75.0
APP_NLIU_1844,Rule_3_iii_v_Health_Medical_Records,177922,SQL_Injection,1,1,1,1,1,533766000.0,17792199.999999996,551558200.0,80.0,100.0
APP_NLIU_1845,Multi_Category_SPDI,1416379,,1,1,1,1,0,2832758000.0,141637899.99999997,2974395900.0,80.0,80.0
APP_NLIU_1846,Rule_3_ii_Financial_Data,301867,SSRF,0,1,0,1,0,845227600.0,113200125.0,958427725.0,25.0,25.0
APP_NLIU_1847,Rule_3_i_Passwords,1744675,XSS,1,1,0,1,0,3838285000.0000005,305318125.0,4143603125.0000005,65.0,65.0
APP_NLIU_1848,Rule_3_i_Passwords,789717,XSS,0,1,1,1,1,1737377400.0000002,236915100.0,1974292500.0000002,40.0,60.0
APP_NLIU_1849,Multi_Category_SPDI,1583403,XSS,1,1,1,1,1,3483486600.0000005,158340299.99999997,3641826900.0000005,80.0,100.0
APP_NLIU_1850,Rule_3_iii_v_Health_Medical_Records,995533,SQL_Injection,1,0,1,0,0,2986599000.0,298659900.0,3285258900.0,40.0,40.0
APP_NLIU_1851,Rule_3_ii_Financial_Data,1694224,SSRF,1,1,1,0,0,4743827200.0,296489200.0,5040316400.0,65.0,65.0
APP_NLIU_1852,Rule_3_vi_Biometric_Information,368284,,1,1,1,1,0,736568000.0,36828399.99999999,773396400.0,80.0,80.0
APP_NLIU_1853,Multi_Category_SPDI,1205959,,0,1,1,1,0,2411918000.0,361787700.0,2773705700.0,40.0,40.0
APP_NLIU_1854,Rule_3_vi_Biometric_Information,1812179,,1,0,1,0,1,3624358000.0,543653700.0,4168011700.0,40.0,60.0
APP_NLIU_1855,Multi_Category_SPDI,1909188,SQL_Injection,1,0,0,1,1,5727564000.0,572756400.0,6300320400.0,40.0,60.0
APP_NLIU_1856,Rule_3_ii_Financial_Data,1432705,CSRF,1,0,1,0,1,3438492000.0,429811500.0,3868303500.0,40.0,60.0
APP_NLIU_1857,Rule_3_vi_Biometric_Information,353125,Exception_Handling_Failure,1,1,1,1,0,953437500.0000001,35312499.99999999,988750000.0000001,80.0,80.0
APP_NLIU_1858,Rule_3_ii_Financial_Data,1875942,CSRF,0,0,1,1,1,4502260800.0,797275350.0,5299536150.0,15.0,35.0
APP_NLIU_1859,Rule_3_vi_Biometric_Information,1980591,,0,1,1,1,1,3961182000.0,594177300.0,4555359300.0,40.0,60.0
APP_NLIU_1860,Rule_3_iii_v_Health_Medical_Records,1446975,Exception_Handling_Failure,0,1,1,0,1,3906832500.0000005,542615625.0,4449448125.0,25.0,45.0
APP_NLIU_1861,Rule_3_vi_Biometric_Information,800907,SQL_Injection,1,1,1,1,1,2402721000.0,80090699.99999999,2482811700.0,80.0,100.0
APP_NLIU_1862,Rule_3_iii_v_Health_Medical_Records,1531558,,0,1,1,1,1,3063116000.0,459467400.0,3522583400.0,40.0,60.0
APP_NLIU_1863,Rule_3_i_Passwords,199202,,0,1,0,1,1,398404000.0,74700750.0,473104750.0,25.0,45.0
APP_NLIU_1864,Rule_3_iii_v_Health_Medical_Records,326721,SQL_Injection,1,1,1,1,0,980163000.0,32672099.999999993,1012835100.0,80.0,80.0
APP_NLIU_1865,Multi_Category_SPDI,1835904,XSS,0,0,0,1,1,4038988800.0000005,917952000.0,4956940800.0,0.0,20.0
APP_NLIU_1866,Multi_Category_SPDI,1341728,CSRF,1,1,1,0,0,3220147200.0,234802400.0,3454949600.0,65.0,65.0
APP_NLIU_1867,Rule_3_i_Passwords,737228,CSRF,1,1,1,1,0,1769347200.0,73722799.99999999,1843070000.0,80.0,80.0
APP_NLIU_1868,Rule_3_i_Passwords,446157,SSRF,1,0,1,1,0,1249239600.0,100385324.99999999,1349624925.0,55.00000000000001,55.00000000000001
APP_NLIU_1869,Rule_3_i_Passwords,1620620,XSS,1,1,0,1,0,3565364000.0000005,283608500.0,3848972500.0000005,65.0,65.0
APP_NLIU_1870,Rule_3_iii_v_Health_Medical_Records,1779194,,1,1,1,1,1,3558388000.0,177919399.99999997,3736307400.0,80.0,100.0
APP_NLIU_1871,Rule_3_vi_Biometric_Information,1658594,XSS,0,1,1,1,0,3648906800.0000005,497578200.0,4146485000.0000005,40.0,40.0
APP_NLIU_1872,Rule_3_ii_Financial_Data,426128,SQL_Injection,0,1,0,1,1,1278384000.0,159798000.0,1438182000.0,25.0,45.0
APP_NLIU_1873,Rule_3_iii_v_Health_Medical_Records,611990,Exception_Handling_Failure,0,1,1,1,0,1652373000.0,183597000.0,1835970000.0,40.0,40.0
APP_NLIU_1874,Rule_3_vi_Biometric_Information,1235307,CSRF,0,1,1,0,1,2964736800.0,463240125.0,3427976925.0,25.0,45.0
APP_NLIU_1875,Rule_3_iii_v_Health_Medical_Records,838272,,1,1,1,1,1,1676544000.0,83827199.99999999,1760371200.0,80.0,100.0
APP_NLIU_1876,Rule_3_iii_v_Health_Medical_Records,1266160,XSS,1,1,1,0,0,2785552000.0,221578000.0,3007130000.0,65.0,65.0
APP_NLIU_1877,Rule_3_iii_v_Health_Medical_Records,1050254,SSRF,1,1,1,0,1,2940711200.0,183794450.0,3124505650.0,65.0,85.0
APP_NLIU_1878,Rule_3_iii_v_Health_Medical_Records,305767,SSRF,0,1,0,0,1,856147600.0,114662625.0,970810225.0,25.0,45.0
APP_NLIU_1879,Rule_3_ii_Financial_Data,854735,,1,1,1,1,1,1709470000.0,85473499.99999999,1794943500.0,80.0,100.0
APP_NLIU_1880,Rule_3_iii_v_Health_Medical_Records,1886070,CSRF,0,0,1,1,1,4526568000.0,801579750.0,5328147750.0,15.0,35.0
APP_NLIU_1881,Rule_3_iii_v_Health_Medical_Records,61690,,1,1,1,1,1,123380000.0,6168999.999999999,129549000.0,80.0,100.0
APP_NLIU_1882,Multi_Category_SPDI,1786518,SSRF,0,1,1,1,0,5002250400.0,535955400.0,5538205800.0,40.0,40.0
APP_NLIU_1883,Rule_3_iii_v_Health_Medical_Records,1152556,CSRF,0,0,1,1,1,2766134400.0,489836300.0,3255970700.0,15.0,35.0
APP_NLIU_1884,Rule_3_vi_Biometric_Information,1470426,XSS,1,0,1,0,1,3234937200.0000005,441127800.0,3676065000.0000005,40.0,60.0
APP_NLIU_1885,Rule_3_i_Passwords,522926,,1,0,1,1,0,1045852000.0,117658349.99999999,1163510350.0,55.00000000000001,55.00000000000001
APP_NLIU_1886,Rule_3_ii_Financial_Data,520717,,0,1,1,1,1,1041434000.0,156215100.0,1197649100.0,40.0,60.0
APP_NLIU_1887,Rule_3_i_Passwords,926594,SSRF,0,1,1,1,1,2594463200.0,277978200.0,2872441400.0,40.0,60.0
APP_NLIU_1888,Rule_3_ii_Financial_Data,1360986,CSRF,1,0,1,1,0,3266366400.0,306221849.99999994,3572588250.0,55.00000000000001,55.00000000000001
APP_NLIU_1889,Rule_3_iii_v_Health_Medical_Records,166080,SQL_Injection,1,1,1,1,1,498240000.0,16607999.999999996,514848000.0,80.0,100.0
APP_NLIU_1890,Multi_Category_SPDI,879075,XSS,0,1,1,1,1,1933965000.0000002,263722500.0,2197687500.0,40.0,60.0
APP_NLIU_1891,Rule_3_i_Passwords,587992,XSS,1,0,0,0,0,1293582400.0,176397600.0,1469980000.0,40.0,40.0
APP_NLIU_1892,Rule_3_ii_Financial_Data,1820017,,0,0,1,1,1,3640034000.0,773507225.0,4413541225.0,15.0,35.0
APP_NLIU_1893,Rule_3_vi_Biometric_Information,461082,,1,1,1,0,1,922164000.0,80689350.0,1002853350.0,65.0,85.0
APP_NLIU_1894,Rule_3_ii_Financial_Data,1433094,CSRF,1,0,0,1,0,3439425600.0,429928200.0,3869353800.0,40.0,40.0
APP_NLIU_1895,Rule_3_iii_v_Health_Medical_Records,799814,XSS,1,0,1,1,1,1759590800.0000002,179958149.99999997,1939548950.0000002,55.00000000000001,75.0
APP_NLIU_1896,Rule_3_iii_v_Health_Medical_Records,445990,,1,1,1,1,1,891980000.0,44598999.99999999,936579000.0,80.0,100.0
APP_NLIU_1897,Rule_3_iii_v_Health_Medical_Records,1521362,,1,1,1,1,1,3042724000.0,152136199.99999997,3194860200.0,80.0,100.0
APP_NLIU_1898,Rule_3_i_Passwords,1782998,SQL_Injection,1,1,1,0,0,5348994000.0,312024650.0,5661018650.0,65.0,65.0
APP_NLIU_1899,Rule_3_ii_Financial_Data,1929617,CSRF,1,1,0,1,1,4631080800.0,337682975.0,4968763775.0,65.0,85.0
APP_NLIU_1900,Rule_3_vi_Biometric_Information,1624562,XSS,1,1,1,1,1,3574036400.0000005,162456199.99999997,3736492600.0000005,80.0,100.0
APP_NLIU_1901,Rule_3_iii_v_Health_Medical_Records,268254,SSRF,1,0,1,0,1,751111200.0,80476200.0,831587400.0,40.0,60.0
APP_NLIU_1902,Rule_3_i_Passwords,1955274,SSRF,0,0,1,1,1,5474767200.0,830991450.0,6305758650.0,15.0,35.0
APP_NLIU_1903,Rule_3_vi_Biometric_Information,480197,SQL_Injection,1,1,1,1,0,1440591000.0,48019699.99999999,1488610700.0,80.0,80.0
APP_NLIU_1904,Rule_3_i_Passwords,1185034,Exception_Handling_Failure,1,1,1,1,0,3199591800.0,118503399.99999997,3318095200.0,80.0,80.0
APP_NLIU_1905,Rule_3_iii_v_Health_Medical_Records,220192,CSRF,1,1,1,1,0,528460800.0,22019199.999999996,550480000.0,80.0,80.0
APP_NLIU_1906,Rule_3_ii_Financial_Data,1295858,SQL_Injection,1,0,1,1,1,3887574000.0,291568050.0,4179142050.0,55.00000000000001,75.0
APP_NLIU_1907,Multi_Category_SPDI,1887809,SSRF,0,0,1,1,1,5285865200.0,802318825.0,6088184025.0,15.0,35.0
APP_NLIU_1908,Rule_3_ii_Financial_Data,1954020,,1,0,1,1,1,3908040000.0,439654499.99999994,4347694500.0,55.00000000000001,75.0
APP_NLIU_1909,Rule_3_ii_Financial_Data,887517,,0,1,0,1,1,1775034000.0,332818875.0,2107852875.0,25.0,45.0
APP_NLIU_1910,Rule_3_i_Passwords,1256505,XSS,1,0,1,1,0,2764311000.0,282713625.0,3047024625.0,55.00000000000001,55.00000000000001
APP_NLIU_1911,Rule_3_ii_Financial_Data,1012480,XSS,1,1,1,1,0,2227456000.0,101247999.99999997,2328704000.0,80.0,80.0
APP_NLIU_1912,Multi_Category_SPDI,1085142,,0,1,1,1,0,2170284000.0,325542600.0,2495826600.0,40.0,40.0
APP_NLIU_1913,Multi_Category_SPDI,1294876,SSRF,1,0,1,1,1,3625652800.0,291347100.0,3916999900.0,55.00000000000001,75.0
APP_NLIU_1914,Rule_3_ii_Financial_Data,1077374,SSRF,1,0,1,1,1,3016647200.0,242409149.99999997,3259056350.0,55.00000000000001,75.0
APP_NLIU_1915,Rule_3_ii_Financial_Data,1460357,CSRF,0,1,1,1,1,3504856800.0,438107100.0,3942963900.0,40.0,60.0
APP_NLIU_1916,Rule_3_iii_v_Health_Medical_Records,28027,SSRF,1,0,1,1,1,78475600.0,6306074.999999999,84781675.0,55.00000000000001,75.0
APP_NLIU_1917,Multi_Category_SPDI,505252,CSRF,1,0,1,1,1,1212604800.0,113681699.99999999,1326286500.0,55.00000000000001,75.0
APP_NLIU_1918,Rule_3_iii_v_Health_Medical_Records,495847,,1,0,1,1,0,991694000.0,111565574.99999999,1103259575.0,55.00000000000001,55.00000000000001
APP_NLIU_1919,Rule_3_ii_Financial_Data,1845639,Exception_Handling_Failure,0,1,1,1,1,4983225300.0,553691700.0,5536917000.0,40.0,60.0
APP_NLIU_1920,Rule_3_ii_Financial_Data,1798801,XSS,1,1,1,1,0,3957362200.0000005,179880099.99999997,4137242300.0000005,80.0,80.0
APP_NLIU_1921,Rule_3_iii_v_Health_Medical_Records,1293204,,1,0,1,1,0,2586408000.0,290970900.0,2877378900.0,55.00000000000001,55.00000000000001
APP_NLIU_1922,Rule_3_i_Passwords,1634742,SQL_Injection,1,1,0,0,1,4904226000.0,286079850.0,5190305850.0,65.0,85.0
APP_NLIU_1923,Rule_3_iii_v_Health_Medical_Records,1623070,SSRF,1,1,1,1,1,4544596000.0,162306999.99999997,4706903000.0,80.0,100.0
APP_NLIU_1924,Rule_3_ii_Financial_Data,632761,XSS,1,1,1,1,0,1392074200.0,63276099.999999985,1455350300.0,80.0,80.0
APP_NLIU_1925,Rule_3_vi_Biometric_Information,981086,Exception_Handling_Failure,1,0,0,1,0,2648932200.0,294325800.0,2943258000.0,40.0,40.0
APP_NLIU_1926,Rule_3_i_Passwords,63334,SQL_Injection,1,1,1,1,0,190002000.0,6333399.999999998,196335400.0,80.0,80.0
APP_NLIU_1927,Rule_3_iii_v_Health_Medical_Records,1388043,XSS,1,1,1,0,0,3053694600.0000005,242907524.99999997,3296602125.0000005,65.0,65.0
APP_NLIU_1928,Rule_3_ii_Financial_Data,582907,Exception_Handling_Failure,0,1,1,1,1,1573848900.0,174872100.0,1748721000.0,40.0,60.0
APP_NLIU_1929,Rule_3_iii_v_Health_Medical_Records,1681400,Exception_Handling_Failure,1,1,1,1,1,4539780000.0,168139999.99999997,4707920000.0,80.0,100.0
APP_NLIU_1930,Rule_3_i_Passwords,425091,Exception_Handling_Failure,1,1,1,1,1,1147745700.0,42509099.99999999,1190254800.0,80.0,100.0
APP_NLIU_1931,Rule_3_iii_v_Health_Medical_Records,684874,CSRF,1,1,0,1,0,1643697600.0,119852949.99999999,1763550550.0,65.0,65.0
APP_NLIU_1932,Rule_3_iii_v_Health_Medical_Records,1577180,SQL_Injection,1,1,1,1,0,4731540000.0,157717999.99999997,4889258000.0,80.0,80.0
APP_NLIU_1933,Rule_3_iii_v_Health_Medical_Records,1207228,XSS,1,1,1,1,0,2655901600.0,120722799.99999997,2776624400.0,80.0,80.0
APP_NLIU_1934,Rule_3_iii_v_Health_Medical_Records,264201,SQL_Injection,0,1,1,1,1,792603000.0,79260300.0,871863300.0,40.0,60.0
APP_NLIU_1935,Rule_3_iii_v_Health_Medical_Records,746187,,0,0,1,1,1,1492374000.0,317129475.0,1809503475.0,15.0,35.0
APP_NLIU_1936,Rule_3_vi_Biometric_Information,1975368,XSS,0,0,0,0,0,4345809600.0,987684000.0,5333493600.0,0.0,0.0
APP_NLIU_1937,Rule_3_ii_Financial_Data,536022,CSRF,1,1,1,1,0,1286452800.0,53602199.999999985,1340055000.0,80.0,80.0
APP_NLIU_1938,Rule_3_vi_Biometric_Information,1791936,,0,1,1,1,0,3583872000.0,537580800.0,4121452800.0,40.0,40.0
APP_NLIU_1939,Rule_3_ii_Financial_Data,830440,XSS,1,1,1,0,0,1826968000.0000002,145327000.0,1972295000.0000002,65.0,65.0
APP_NLIU_1940,Rule_3_i_Passwords,316493,CSRF,1,1,0,1,0,759583200.0,55386275.0,814969475.0,65.0,65.0
APP_NLIU_1941,Rule_3_i_Passwords,1192462,,1,0,1,1,1,2384924000.0,268303949.99999997,2653227950.0,55.00000000000001,75.0
APP_NLIU_1942,Rule_3_ii_Financial_Data,1489946,,1,1,0,1,1,2979892000.0,260740549.99999997,3240632550.0,65.0,85.0
APP_NLIU_1943,Rule_3_vi_Biometric_Information,143923,Exception_Handling_Failure,1,0,1,1,0,388592100.0,32382674.999999996,420974775.0,55.00000000000001,55.00000000000001
APP_NLIU_1944,Rule_3_iii_v_Health_Medical_Records,1964486,SQL_Injection,0,1,1,1,0,5893458000.0,589345800.0,6482803800.0,40.0,40.0
APP_NLIU_1945,Rule_3_vi_Biometric_Information,137672,XSS,1,1,1,1,0,302878400.0,13767199.999999996,316645600.0,80.0,80.0
APP_NLIU_1946,Rule_3_iii_v_Health_Medical_Records,61614,,0,0,1,1,0,123228000.0,26185950.0,149413950.0,15.0,15.0
APP_NLIU_1947,Rule_3_ii_Financial_Data,208474,SQL_Injection,0,0,1,1,1,625422000.0,88601450.0,714023450.0,15.0,35.0
APP_NLIU_1948,Rule_3_i_Passwords,795124,SSRF,0,0,0,1,1,2226347200.0,397562000.0,2623909200.0,0.0,20.0
APP_NLIU_1949,Rule_3_ii_Financial_Data,131745,,0,0,1,1,0,263490000.0,55991625.0,319481625.0,15.0,15.0
APP_NLIU_1950,Rule_3_ii_Financial_Data,1242675,SQL_Injection,0,1,1,1,1,3728025000.0,372802500.0,4100827500.0,40.0,60.0
APP_NLIU_1951,Rule_3_i_Passwords,778131,,0,0,1,1,1,1556262000.0,330705675.0,1886967675.0,15.0,35.0
APP_NLIU_1952,Rule_3_ii_Financial_Data,1860381,XSS,0,0,0,1,0,4092838200.0000005,930190500.0,5023028700.0,0.0,0.0
APP_NLIU_1953,Rule_3_iii_v_Health_Medical_Records,1807572,XSS,1,0,1,1,0,3976658400.0000005,406703699.99999994,4383362100.0,55.00000000000001,55.00000000000001
APP_NLIU_1954,Rule_3_iii_v_Health_Medical_Records,1575011,SQL_Injection,1,1,1,0,0,4725033000.0,275626925.0,5000659925.0,65.0,65.0
APP_NLIU_1955,Multi_Category_SPDI,1034517,,1,1,1,1,1,2069034000.0,103451699.99999997,2172485700.0,80.0,100.0
APP_NLIU_1956,Multi_Category_SPDI,461021,CSRF,0,0,1,1,1,1106450400.0,195933925.0,1302384325.0,15.0,35.0
APP_NLIU_1957,Rule_3_iii_v_Health_Medical_Records,379557,XSS,1,1,1,1,1,835025400.0000001,37955699.99999999,872981100.0000001,80.0,100.0
APP_NLIU_1958,Rule_3_ii_Financial_Data,1002887,Exception_Handling_Failure,1,1,1,1,1,2707794900.0,100288699.99999999,2808083600.0,80.0,100.0
APP_NLIU_1959,Rule_3_iii_v_Health_Medical_Records,543795,,0,1,0,1,1,1087590000.0,203923125.0,1291513125.0,25.0,45.0
APP_NLIU_1960,Rule_3_vi_Biometric_Information,1378651,,1,1,1,1,1,2757302000.0,137865099.99999997,2895167100.0,80.0,100.0
APP_NLIU_1961,Rule_3_i_Passwords,604787,XSS,1,0,1,1,1,1330531400.0,136077075.0,1466608475.0,55.00000000000001,75.0
APP_NLIU_1962,Rule_3_ii_Financial_Data,1780578,CSRF,1,1,1,1,1,4273387200.0,178057799.99999997,4451445000.0,80.0,100.0
APP_NLIU_1963,Rule_3_vi_Biometric_Information,733229,,1,1,1,0,0,1466458000.0,128315074.99999999,1594773075.0,65.0,65.0
APP_NLIU_1964,Rule_3_ii_Financial_Data,905794,Exception_Handling_Failure,1,1,1,1,0,2445643800.0,90579399.99999999,2536223200.0,80.0,80.0
APP_NLIU_1965,Rule_3_iii_v_Health_Medical_Records,1937457,CSRF,1,0,1,0,0,4649896800.0,581237100.0,5231133900.0,40.0,40.0
APP_NLIU_1966,Rule_3_iii_v_Health_Medical_Records,1412539,SQL_Injection,0,1,1,1,1,4237617000.0,423761700.0,4661378700.0,40.0,60.0
APP_NLIU_1967,Rule_3_i_Passwords,1879431,,0,1,1,1,1,3758862000.0,563829300.0,4322691300.0,40.0,60.0
APP_NLIU_1968,Rule_3_ii_Financial_Data,1157188,CSRF,1,0,0,1,0,2777251200.0,347156400.0,3124407600.0,40.0,40.0
APP_NLIU_1969,Rule_3_ii_Financial_Data,91120,Exception_Handling_Failure,0,0,1,1,1,246024000.00000003,38726000.0,284750000.0,15.0,35.0
APP_NLIU_1970,Rule_3_i_Passwords,908841,XSS,0,1,0,1,0,1999450200.0000002,340815375.0,2340265575.0,25.0,25.0
APP_NLIU_1971,Rule_3_i_Passwords,882350,SSRF,0,1,0,1,1,2470580000.0,330881250.0,2801461250.0,25.0,45.0
APP_NLIU_1972,Rule_3_vi_Biometric_Information,595888,Exception_Handling_Failure,1,1,1,1,1,1608897600.0,59588799.999999985,1668486400.0,80.0,100.0
APP_NLIU_1973,Rule_3_ii_Financial_Data,571136,SQL_Injection,0,1,1,1,1,1713408000.0,171340800.0,1884748800.0,40.0,60.0
APP_NLIU_1974,Rule_3_iii_v_Health_Medical_Records,1031923,XSS,0,1,1,1,0,2270230600.0,309576900.0,2579807500.0,40.0,40.0
APP_NLIU_1975,Rule_3_ii_Financial_Data,536108,XSS,1,0,1,1,1,1179437600.0,120624299.99999999,1300061900.0,55.00000000000001,75.0
APP_NLIU_1976,Multi_Category_SPDI,799944,XSS,1,1,0,1,0,1759876800.0000002,139990200.0,1899867000.0000002,65.0,65.0
APP_NLIU_1977,Rule_3_ii_Financial_Data,1221373,,0,1,0,1,1,2442746000.0,458014875.0,2900760875.0,25.0,45.0
APP_NLIU_1978,Rule_3_ii_Financial_Data,318678,,1,1,0,1,0,637356000.0,55768650.0,693124650.0,65.0,65.0
APP_NLIU_1979,Multi_Category_SPDI,1794087,,1,0,1,1,1,3588174000.0,403669574.99999994,3991843575.0,55.00000000000001,75.0
APP_NLIU_1980,Rule_3_vi_Biometric_Information,1440911,SQL_Injection,1,0,0,1,1,4322733000.0,432273300.0,4755006300.0,40.0,60.0
APP_NLIU_1981,Rule_3_i_Passwords,1748712,SSRF,0,0,1,1,1,4896393600.0,743202600.0,5639596200.0,15.0,35.0
APP_NLIU_1982,Rule_3_vi_Biometric_Information,590233,XSS,1,1,1,1,1,1298512600.0,59023299.999999985,1357535900.0,80.0,100.0
APP_NLIU_1983,Rule_3_ii_Financial_Data,1823284,,1,1,0,1,0,3646568000.0,319074700.0,3965642700.0,65.0,65.0
APP_NLIU_1984,Rule_3_ii_Financial_Data,350564,,0,0,0,1,0,701128000.0,175282000.0,876410000.0,0.0,0.0
APP_NLIU_1985,Rule_3_i_Passwords,1232103,,1,1,1,1,0,2464206000.0,123210299.99999997,2587416300.0,80.0,80.0
APP_NLIU_1986,Rule_3_i_Passwords,1399208,CSRF,0,1,1,1,0,3358099200.0,419762400.0,3777861600.0,40.0,40.0
APP_NLIU_1987,Rule_3_iii_v_Health_Medical_Records,518796,XSS,1,1,1,1,1,1141351200.0,51879599.999999985,1193230800.0,80.0,100.0
APP_NLIU_1988,Rule_3_ii_Financial_Data,188505,XSS,0,1,1,1,1,414711000.00000006,56551500.0,471262500.00000006,40.0,60.0
APP_NLIU_1989,Rule_3_ii_Financial_Data,1325431,SSRF,1,0,1,1,1,3711206800.0,298221975.0,4009428775.0,55.00000000000001,75.0
APP_NLIU_1990,Rule_3_iii_v_Health_Medical_Records,1768198,SQL_Injection,0,0,1,0,0,5304594000.0,884099000.0,6188693000.0,0.0,0.0
APP_NLIU_1991,Rule_3_vi_Biometric_Information,1139585,,1,1,1,1,1,2279170000.0,113958499.99999997,2393128500.0,80.0,100.0
APP_NLIU_1992,Rule_3_i_Passwords,744145,SSRF,1,1,1,1,1,2083605999.9999998,74414499.99999999,2158020499.9999995,80.0,100.0
APP_NLIU_1993,Rule_3_iii_v_Health_Medical_Records,538885,SSRF,0,0,1,1,1,1508878000.0,229026125.0,1737904125.0,15.0,35.0
APP_NLIU_1994,Rule_3_i_Passwords,1113643,SQL_Injection,1,1,1,1,0,3340929000.0,111364299.99999997,3452293300.0,80.0,80.0
APP_NLIU_1995,Rule_3_vi_Biometric_Information,1796456,,0,1,1,1,1,3592912000.0,538936800.0,4131848800.0,40.0,60.0
APP_NLIU_1996,Rule_3_iii_v_Health_Medical_Records,577310,XSS,0,1,1,1,0,1270082000.0,173193000.0,1443275000.0,40.0,40.0
APP_NLIU_1997,Multi_Category_SPDI,518959,Exception_Handling_Failure,1,0,1,1,1,1401189300.0,116765774.99999999,1517955075.0,55.00000000000001,75.0
APP_NLIU_1998,Rule_3_i_Passwords,217996,,0,1,1,1,1,435992000.0,65398800.0,501390800.0,40.0,60.0
APP_NLIU_1999,Rule_3_i_Passwords,904105,CSRF,1,1,1,1,1,2169852000.0,90410499.99999999,2260262500.0,80.0,100.0
APP_NLIU_2000,Rule_3_ii_Financial_Data,1553055,Exception_Handling_Failure,0,1,1,0,1,4193248500.0000005,582395625.0,4775644125.0,25.0,45.0
APP_NLIU_2001,Rule_3_ii_Financial_Data,1038360,SQL_Injection,0,1,1,1,0,3115080000.0,311508000.0,3426588000.0,40.0,40.0
APP_NLIU_2002,Rule_3_ii_Financial_Data,416998,SSRF,1,1,1,1,0,1167594400.0,41699799.99999999,1209294200.0,80.0,80.0
APP_NLIU_2003,Multi_Category_SPDI,581070,,1,1,1,1,0,1162140000.0,58106999.999999985,1220247000.0,80.0,80.0
APP_NLIU_2004,Rule_3_ii_Financial_Data,470360,,0,1,0,1,1,940720000.0,176385000.0,1117105000.0,25.0,45.0
APP_NLIU_2005,Rule_3_ii_Financial_Data,1763949,CSRF,1,1,0,1,0,4233477600.0,308691075.0,4542168675.0,65.0,65.0
APP_NLIU_2006,Rule_3_vi_Biometric_Information,1950724,CSRF,0,1,1,1,1,4681737600.0,585217200.0,5266954800.0,40.0,60.0
APP_NLIU_2007,Rule_3_ii_Financial_Data,506525,XSS,1,0,1,0,1,1114355000.0,151957500.0,1266312500.0,40.0,60.0
APP_NLIU_2008,Rule_3_vi_Biometric_Information,909462,SQL_Injection,0,1,0,1,1,2728386000.0,341048250.0,3069434250.0,25.0,45.0
APP_NLIU_2009,Rule_3_i_Passwords,863468,SSRF,0,1,1,1,0,2417710400.0,259040400.0,2676750800.0,40.0,40.0
APP_NLIU_2010,Rule_3_ii_Financial_Data,1351062,SSRF,1,1,1,1,0,3782973599.9999995,135106199.99999997,3918079799.9999995,80.0,80.0
APP_NLIU_2011,Rule_3_i_Passwords,1139321,CSRF,0,1,1,1,1,2734370400.0,341796300.0,3076166700.0,40.0,60.0
APP_NLIU_2012,Rule_3_i_Passwords,943481,,0,0,0,0,1,1886962000.0,471740500.0,2358702500.0,0.0,20.0
APP_NLIU_2013,Multi_Category_SPDI,1288224,CSRF,1,1,1,1,1,3091737600.0,128822399.99999997,3220560000.0,80.0,100.0
APP_NLIU_2014,Rule_3_i_Passwords,1373116,SSRF,1,1,1,1,0,3844724799.9999995,137311599.99999997,3982036399.9999995,80.0,80.0
APP_NLIU_2015,Rule_3_iii_v_Health_Medical_Records,1168412,XSS,1,1,1,1,1,2570506400.0,116841199.99999997,2687347600.0,80.0,100.0
APP_NLIU_2016,Rule_3_ii_Financial_Data,111998,,1,1,1,0,1,223996000.0,19599650.0,243595650.0,65.0,85.0
APP_NLIU_2017,Rule_3_ii_Financial_Data,55021,SSRF,1,1,1,1,0,154058800.0,5502099.999999999,159560900.0,80.0,80.0
APP_NLIU_2018,Multi_Category_SPDI,1515849,SQL_Injection,1,1,0,1,1,4547547000.0,265273574.99999997,4812820575.0,65.0,85.0
APP_NLIU_2019,Rule_3_i_Passwords,525410,CSRF,1,1,1,1,1,1260984000.0,52540999.999999985,1313525000.0,80.0,100.0
APP_NLIU_2020,Rule_3_iii_v_Health_Medical_Records,1184248,,0,1,1,1,0,2368496000.0,355274400.0,2723770400.0,40.0,40.0
APP_NLIU_2021,Multi_Category_SPDI,385703,XSS,1,1,0,1,0,848546600.0000001,67498025.0,916044625.0000001,65.0,65.0
APP_NLIU_2022,Rule_3_iii_v_Health_Medical_Records,1906844,,0,1,1,0,1,3813688000.0,715066500.0,4528754500.0,25.0,45.0
APP_NLIU_2023,Multi_Category_SPDI,1998155,,0,1,1,1,1,3996310000.0,599446500.0,4595756500.0,40.0,60.0
APP_NLIU_2024,Rule_3_i_Passwords,749875,,1,1,1,1,0,1499750000.0,74987499.99999999,1574737500.0,80.0,80.0
APP_NLIU_2025,Rule_3_ii_Financial_Data,429018,Exception_Handling_Failure,1,1,0,0,0,1158348600.0,75078150.0,1233426750.0,65.0,65.0
APP_NLIU_2026,Rule_3_ii_Financial_Data,738121,XSS,0,0,1,1,1,1623866200.0000002,313701425.0,1937567625.0000002,15.0,35.0
APP_NLIU_2027,Rule_3_iii_v_Health_Medical_Records,606305,SQL_Injection,0,0,1,0,1,1818915000.0,303152500.0,2122067500.0,0.0,20.0
APP_NLIU_2028,Multi_Category_SPDI,1533545,,1,1,1,0,1,3067090000.0,268370374.99999997,3335460375.0,65.0,85.0
APP_NLIU_2029,Rule_3_ii_Financial_Data,1819285,CSRF,1,1,1,0,0,4366284000.0,318374875.0,4684658875.0,65.0,65.0
APP_NLIU_2030,Rule_3_iii_v_Health_Medical_Records,716182,SSRF,1,1,1,1,0,2005309599.9999998,71618199.99999999,2076927799.9999998,80.0,80.0
APP_NLIU_2031,Rule_3_i_Passwords,1498395,Exception_Handling_Failure,0,1,1,1,1,4045666500.0000005,449518500.0,4495185000.0,40.0,60.0
APP_NLIU_2032,Rule_3_iii_v_Health_Medical_Records,369833,CSRF,1,1,1,0,0,887599200.0,64720774.99999999,952319975.0,65.0,65.0
APP_NLIU_2033,Rule_3_ii_Financial_Data,85291,XSS,0,1,1,1,1,187640200.00000003,25587300.0,213227500.00000003,40.0,60.0
APP_NLIU_2034,Multi_Category_SPDI,1930458,XSS,1,1,1,1,0,4247007600.0000005,193045799.99999997,4440053400.0,80.0,80.0
APP_NLIU_2035,Rule_3_iii_v_Health_Medical_Records,1744528,XSS,1,1,0,1,0,3837961600.0000005,305292400.0,4143254000.0000005,65.0,65.0
APP_NLIU_2036,Rule_3_ii_Financial_Data,585294,,0,1,1,0,1,1170588000.0,219485250.0,1390073250.0,25.0,45.0
APP_NLIU_2037,Rule_3_i_Passwords,1997349,CSRF,0,0,1,0,1,4793637600.0,998674500.0,5792312100.0,0.0,20.0
APP_NLIU_2038,Rule_3_i_Passwords,633556,XSS,1,1,1,1,1,1393823200.0,63355599.999999985,1457178800.0,80.0,100.0
APP_NLIU_2039,Rule_3_ii_Financial_Data,1365858,XSS,1,0,1,1,1,3004887600.0000005,307318049.99999994,3312205650.0000005,55.00000000000001,75.0
APP_NLIU_2040,Rule_3_ii_Financial_Data,591686,Exception_Handling_Failure,0,1,1,1,1,1597552200.0,177505800.0,1775058000.0,40.0,60.0
APP_NLIU_2041,Multi_Category_SPDI,226163,,1,0,1,1,0,452326000.0,50886674.99999999,503212675.0,55.00000000000001,55.00000000000001
APP_NLIU_2042,Rule_3_iii_v_Health_Medical_Records,680234,CSRF,0,1,0,0,0,1632561600.0,255087750.0,1887649350.0,25.0,25.0
APP_NLIU_2043,Rule_3_iii_v_Health_Medical_Records,1897236,Exception_Handling_Failure,1,0,0,1,1,5122537200.0,569170800.0,5691708000.0,40.0,60.0
APP_NLIU_2044,Rule_3_i_Passwords,1902678,SSRF,0,0,1,1,0,5327498400.0,808638150.0,6136136550.0,15.0,15.0
APP_NLIU_2045,Multi_Category_SPDI,1179189,,1,1,1,1,1,2358378000.0,117918899.99999997,2476296900.0,80.0,100.0
APP_NLIU_2046,Rule_3_iii_v_Health_Medical_Records,107071,CSRF,0,0,1,1,1,256970400.0,45505175.0,302475575.0,15.0,35.0
APP_NLIU_2047,Rule_3_i_Passwords,1558672,,1,0,1,1,1,3117344000.0,350701199.99999994,3468045200.0,55.00000000000001,75.0
APP_NLIU_2048,Rule_3_iii_v_Health_Medical_Records,115572,SQL_Injection,1,1,1,1,1,346716000.0,11557199.999999998,358273200.0,80.0,100.0
APP_NLIU_2049,Rule_3_iii_v_Health_Medical_Records,777054,SSRF,0,0,1,1,0,2175751200.0,330247950.0,2505999150.0,15.0,15.0
APP_NLIU_2050,Rule_3_i_Passwords,143997,XSS,1,0,1,0,1,316793400.0,43199100.0,359992500.0,40.0,60.0
APP_NLIU_2051,Rule_3_ii_Financial_Data,1843115,,0,0,0,1,1,3686230000.0,921557500.0,4607787500.0,0.0,20.0
APP_NLIU_2052,Rule_3_ii_Financial_Data,91388,XSS,1,1,1,1,1,201053600.00000003,9138799.999999998,210192400.00000003,80.0,100.0
APP_NLIU_2053,Rule_3_i_Passwords,625007,,0,1,1,0,1,1250014000.0,234377625.0,1484391625.0,25.0,45.0
APP_NLIU_2054,Multi_Category_SPDI,1695882,XSS,1,1,1,1,0,3730940400.0000005,169588199.99999997,3900528600.0000005,80.0,80.0
APP_NLIU_2055,Rule_3_vi_Biometric_Information,1867625,XSS,1,1,1,1,1,4108775000.0000005,186762499.99999997,4295537500.0,80.0,100.0
APP_NLIU_2056,Rule_3_iii_v_Health_Medical_Records,1127834,SQL_Injection,0,0,1,1,0,3383502000.0,479329450.0,3862831450.0,15.0,15.0
APP_NLIU_2057,Rule_3_ii_Financial_Data,841507,,0,1,1,1,1,1683014000.0,252452100.0,1935466100.0,40.0,60.0
APP_NLIU_2058,Rule_3_ii_Financial_Data,1704862,SSRF,1,1,1,1,1,4773613600.0,170486199.99999997,4944099800.0,80.0,100.0
APP_NLIU_2059,Rule_3_iii_v_Health_Medical_Records,814063,,1,1,1,1,0,1628126000.0,81406299.99999999,1709532300.0,80.0,80.0
APP_NLIU_2060,Rule_3_iii_v_Health_Medical_Records,652408,,1,1,1,1,1,1304816000.0,65240799.999999985,1370056800.0,80.0,100.0
APP_NLIU_2061,Rule_3_i_Passwords,722804,,0,1,0,1,1,1445608000.0,271051500.0,1716659500.0,25.0,45.0
APP_NLIU_2062,Rule_3_iii_v_Health_Medical_Records,1937166,XSS,1,0,1,0,1,4261765200.0000005,581149800.0,4842915000.0,40.0,60.0
APP_NLIU_2063,Rule_3_vi_Biometric_Information,514800,Exception_Handling_Failure,1,1,1,1,1,1389960000.0,51479999.999999985,1441440000.0,80.0,100.0
APP_NLIU_2064,Rule_3_ii_Financial_Data,406099,,1,1,1,1,1,812198000.0,40609899.99999999,852807900.0,80.0,100.0
APP_NLIU_2065,Rule_3_i_Passwords,1990788,SQL_Injection,1,1,1,0,0,5972364000.0,348387900.0,6320751900.0,65.0,65.0
APP_NLIU_2066,Rule_3_vi_Biometric_Information,1624085,Exception_Handling_Failure,0,1,1,1,1,4385029500.0,487225500.0,4872255000.0,40.0,60.0
APP_NLIU_2067,Rule_3_ii_Financial_Data,1201845,SQL_Injection,0,0,1,1,1,3605535000.0,510784125.0,4116319125.0,15.0,35.0
APP_NLIU_2068,Rule_3_ii_Financial_Data,1992214,XSS,0,1,1,1,1,4382870800.0,597664200.0,4980535000.0,40.0,60.0
APP_NLIU_2069,Rule_3_i_Passwords,1421642,SSRF,1,0,1,0,1,3980597599.9999995,426492600.0,4407090200.0,40.0,60.0
APP_NLIU_2070,Rule_3_ii_Financial_Data,38550,SSRF,0,0,1,1,1,107940000.0,16383750.0,124323750.0,15.0,35.0
APP_NLIU_2071,Rule_3_vi_Biometric_Information,281786,CSRF,1,1,1,0,1,676286400.0,49312550.0,725598950.0,65.0,85.0
APP_NLIU_2072,Rule_3_iii_v_Health_Medical_Records,1991519,XSS,1,1,1,1,1,4381341800.0,199151899.99999997,4580493700.0,80.0,100.0
APP_NLIU_2073,Rule_3_ii_Financial_Data,635381,Exception_Handling_Failure,1,1,1,1,1,1715528700.0,63538099.999999985,1779066800.0,80.0,100.0
APP_NLIU_2074,Multi_Category_SPDI,422799,SQL_Injection,1,1,1,1,1,1268397000.0,42279899.99999999,1310676900.0,80.0,100.0
APP_NLIU_2075,Multi_Category_SPDI,1314764,XSS,1,1,1,1,1,2892480800.0,131476399.99999997,3023957200.0,80.0,100.0
APP_NLIU_2076,Multi_Category_SPDI,1671749,SSRF,1,0,1,1,0,4680897200.0,376143524.99999994,5057040725.0,55.00000000000001,55.00000000000001
APP_NLIU_2077,Rule_3_ii_Financial_Data,608826,XSS,0,1,1,1,0,1339417200.0,182647800.0,1522065000.0,40.0,40.0
APP_NLIU_2078,Rule_3_ii_Financial_Data,329158,Exception_Handling_Failure,1,1,1,1,0,888726600.0,32915799.999999993,921642400.0,80.0,80.0
APP_NLIU_2079,Multi_Category_SPDI,810955,XSS,1,1,1,1,0,1784101000.0000002,81095499.99999999,1865196500.0000002,80.0,80.0
APP_NLIU_2080,Rule_3_vi_Biometric_Information,377429,,1,1,1,1,0,754858000.0,37742899.99999999,792600900.0,80.0,80.0
APP_NLIU_2081,Rule_3_i_Passwords,730903,CSRF,1,1,1,1,1,1754167200.0,73090299.99999999,1827257500.0,80.0,100.0
APP_NLIU_2082,Rule_3_i_Passwords,635167,,1,1,1,1,1,1270334000.0,63516699.999999985,1333850700.0,80.0,100.0
APP_NLIU_2083,Rule_3_ii_Financial_Data,95629,XSS,1,1,0,1,0,210383800.00000003,16735074.999999998,227118875.00000003,65.0,65.0
APP_NLIU_2084,Multi_Category_SPDI,1561280,XSS,1,1,0,1,0,3434816000.0000005,273224000.0,3708040000.0000005,65.0,65.0
APP_NLIU_2085,Rule_3_iii_v_Health_Medical_Records,343974,Exception_Handling_Failure,1,1,1,1,1,928729800.0000001,34397399.99999999,963127200.0000001,80.0,100.0
APP_NLIU_2086,Rule_3_ii_Financial_Data,1026445,SQL_Injection,1,1,1,1,1,3079335000.0,102644499.99999997,3181979500.0,80.0,100.0
APP_NLIU_2087,Rule_3_i_Passwords,1361258,Exception_Handling_Failure,0,1,0,1,0,3675396600.0000005,510471750.0,4185868350.0000005,25.0,25.0
APP_NLIU_2088,Rule_3_iii_v_Health_Medical_Records,314454,Exception_Handling_Failure,1,1,1,0,0,849025800.0,55029450.0,904055250.0,65.0,65.0
APP_NLIU_2089,Rule_3_vi_Biometric_Information,933412,CSRF,1,1,0,0,0,2240188800.0,163347100.0,2403535900.0,65.0,65.0
APP_NLIU_2090,Rule_3_ii_Financial_Data,1168842,SQL_Injection,1,1,1,1,1,3506526000.0,116884199.99999997,3623410200.0,80.0,100.0
APP_NLIU_2091,Rule_3_vi_Biometric_Information,1241938,SQL_Injection,1,1,0,1,1,3725814000.0,217339150.0,3943153150.0,65.0,85.0
APP_NLIU_2092,Multi_Category_SPDI,451850,,0,1,1,1,0,903700000.0,135555000.0,1039255000.0,40.0,40.0
APP_NLIU_2093,Rule_3_ii_Financial_Data,804131,Exception_Handling_Failure,1,1,1,1,0,2171153700.0,80413099.99999999,2251566800.0,80.0,80.0
APP_NLIU_2094,Rule_3_iii_v_Health_Medical_Records,1284817,SQL_Injection,1,1,1,0,1,3854451000.0,224842975.0,4079293975.0,65.0,85.0
APP_NLIU_2095,Rule_3_ii_Financial_Data,1304825,CSRF,0,1,1,1,1,3131580000.0,391447500.0,3523027500.0,40.0,60.0
APP_NLIU_2096,Rule_3_vi_Biometric_Information,71912,XSS,1,1,1,1,0,158206400.0,7191199.999999998,165397600.0,80.0,80.0
APP_NLIU_2097,Rule_3_iii_v_Health_Medical_Records,1723191,,0,0,1,1,1,3446382000.0,732356175.0,4178738175.0,15.0,35.0
APP_NLIU_2098,Rule_3_iii_v_Health_Medical_Records,84183,SQL_Injection,0,0,0,1,0,252549000.0,42091500.0,294640500.0,0.0,0.0
APP_NLIU_2099,Rule_3_vi_Biometric_Information,65282,SSRF,1,1,1,0,1,182789600.0,11424350.0,194213950.0,65.0,85.0
APP_NLIU_2100,Rule_3_ii_Financial_Data,63249,,1,1,1,1,0,126498000.0,6324899.999999998,132822900.0,80.0,80.0
APP_NLIU_2101,Multi_Category_SPDI,1616040,SQL_Injection,0,1,1,1,0,4848120000.0,484812000.0,5332932000.0,40.0,40.0
APP_NLIU_2102,Rule_3_iii_v_Health_Medical_Records,537451,SSRF,1,0,0,1,1,1504862800.0,161235300.0,1666098100.0,40.0,60.0
APP_NLIU_2103,Rule_3_i_Passwords,1894218,,1,0,1,1,0,3788436000.0,426199049.99999994,4214635050.0,55.00000000000001,55.00000000000001
APP_NLIU_2104,Rule_3_iii_v_Health_Medical_Records,128844,Exception_Handling_Failure,0,1,1,1,0,347878800.0,38653200.0,386532000.0,40.0,40.0
APP_NLIU_2105,Rule_3_vi_Biometric_Information,371731,CSRF,0,0,1,1,1,892154400.0,157985675.0,1050140075.0,15.0,35.0
APP_NLIU_2106,Rule_3_ii_Financial_Data,760640,SQL_Injection,1,1,0,1,0,2281920000.0,133111999.99999999,2415032000.0,65.0,65.0
APP_NLIU_2107,Multi_Category_SPDI,339123,SQL_Injection,1,1,1,1,1,1017369000.0,33912299.99999999,1051281300.0,80.0,100.0
APP_NLIU_2108,Multi_Category_SPDI,608148,SSRF,0,1,1,1,0,1702814400.0,182444400.0,1885258800.0,40.0,40.0
APP_NLIU_2109,Rule_3_ii_Financial_Data,1205791,,0,0,0,1,1,2411582000.0,602895500.0,3014477500.0,0.0,20.0
APP_NLIU_2110,Multi_Category_SPDI,1844928,XSS,1,0,1,1,1,4058841600.0000005,415108799.99999994,4473950400.0,55.00000000000001,75.0
APP_NLIU_2111,Rule_3_i_Passwords,1660775,,0,1,0,1,0,3321550000.0,622790625.0,3944340625.0,25.0,25.0
APP_NLIU_2112,Rule_3_ii_Financial_Data,829428,,1,0,1,0,1,1658856000.0,248828400.0,1907684400.0,40.0,60.0
APP_NLIU_2113,Rule_3_i_Passwords,1458540,XSS,1,1,1,1,1,3208788000.0000005,145853999.99999997,3354642000.0000005,80.0,100.0
APP_NLIU_2114,Multi_Category_SPDI,361215,SSRF,0,1,1,1,0,1011401999.9999999,108364500.0,1119766500.0,40.0,40.0
APP_NLIU_2115,Rule_3_iii_v_Health_Medical_Records,52252,XSS,1,0,1,1,1,114954400.00000001,11756699.999999998,126711100.00000001,55.00000000000001,75.0
APP_NLIU_2116,Rule_3_i_Passwords,914166,,1,0,1,1,1,1828332000.0,205687349.99999997,2034019350.0,55.00000000000001,75.0
APP_NLIU_2117,Rule_3_ii_Financial_Data,461395,,1,0,1,0,0,922790000.0,138418500.0,1061208500.0,40.0,40.0
APP_NLIU_2118,Rule_3_iii_v_Health_Medical_Records,1977530,SQL_Injection,1,1,1,1,1,5932590000.0,197752999.99999997,6130343000.0,80.0,100.0
APP_NLIU_2119,Rule_3_i_Passwords,1106332,Exception_Handling_Failure,1,0,0,1,0,2987096400.0,331899600.0,3318996000.0,40.0,40.0
APP_NLIU_2120,Multi_Category_SPDI,1890243,XSS,1,1,1,1,1,4158534600.0000005,189024299.99999997,4347558900.0,80.0,100.0
APP_NLIU_2121,Rule_3_vi_Biometric_Information,357690,,1,1,1,1,0,715380000.0,35768999.99999999,751149000.0,80.0,80.0
APP_NLIU_2122,Rule_3_iii_v_Health_Medical_Records,398236,SQL_Injection,1,1,1,1,1,1194708000.0,39823599.99999999,1234531600.0,80.0,100.0
APP_NLIU_2123,Multi_Category_SPDI,917234,XSS,1,0,1,0,0,2017914800.0000002,275170200.0,2293085000.0,40.0,40.0
APP_NLIU_2124,Rule_3_ii_Financial_Data,1264901,,0,1,1,1,0,2529802000.0,379470300.0,2909272300.0,40.0,40.0
APP_NLIU_2125,Multi_Category_SPDI,375565,XSS,0,1,0,1,1,826243000.0000001,140836875.0,967079875.0000001,25.0,45.0
APP_NLIU_2126,Rule_3_iii_v_Health_Medical_Records,932168,XSS,0,1,1,1,0,2050769600.0000002,279650400.0,2330420000.0,40.0,40.0
APP_NLIU_2127,Rule_3_iii_v_Health_Medical_Records,1382355,SQL_Injection,1,1,0,1,0,4147065000.0,241912124.99999997,4388977125.0,65.0,65.0
APP_NLIU_2128,Rule_3_i_Passwords,814657,CSRF,1,1,1,1,0,1955176800.0,81465699.99999999,2036642500.0,80.0,80.0
APP_NLIU_2129,Multi_Category_SPDI,204245,CSRF,1,1,0,1,0,490188000.0,35742875.0,525930875.0,65.0,65.0
APP_NLIU_2130,Rule_3_ii_Financial_Data,898317,,0,1,1,1,1,1796634000.0,269495100.0,2066129100.0,40.0,60.0
APP_NLIU_2131,Rule_3_i_Passwords,1552840,CSRF,1,1,1,0,0,3726816000.0,271747000.0,3998563000.0,65.0,65.0
APP_NLIU_2132,Rule_3_i_Passwords,1138909,XSS,0,1,1,0,1,2505599800.0,427090875.0,2932690675.0,25.0,45.0
APP_NLIU_2133,Rule_3_iii_v_Health_Medical_Records,1749161,Exception_Handling_Failure,1,0,1,1,1,4722734700.0,393561224.99999994,5116295925.0,55.00000000000001,75.0
APP_NLIU_2134,Rule_3_iii_v_Health_Medical_Records,277951,SSRF,1,1,1,1,1,778262800.0,27795099.999999993,806057900.0,80.0,100.0
APP_NLIU_2135,Rule_3_iii_v_Health_Medical_Records,1005778,XSS,1,1,1,1,0,2212711600.0,100577799.99999999,2313289400.0,80.0,80.0
APP_NLIU_2136,Multi_Category_SPDI,1059978,,1,0,1,1,1,2119956000.0,238495049.99999997,2358451050.0,55.00000000000001,75.0
APP_NLIU_2137,Rule_3_i_Passwords,1058097,,1,1,1,0,0,2116194000.0,185166975.0,2301360975.0,65.0,65.0
APP_NLIU_2138,Rule_3_iii_v_Health_Medical_Records,723525,Exception_Handling_Failure,1,0,0,1,0,1953517500.0000002,217057500.0,2170575000.0,40.0,40.0
APP_NLIU_2139,Rule_3_i_Passwords,780173,Exception_Handling_Failure,1,0,1,1,1,2106467100.0000002,175538924.99999997,2282006025.0,55.00000000000001,75.0
APP_NLIU_2140,Multi_Category_SPDI,906125,SQL_Injection,0,1,1,1,1,2718375000.0,271837500.0,2990212500.0,40.0,60.0
APP_NLIU_2141,Rule_3_vi_Biometric_Information,13382,,1,1,1,1,0,26764000.0,1338199.9999999998,28102200.0,80.0,80.0
APP_NLIU_2142,Rule_3_iii_v_Health_Medical_Records,521243,SQL_Injection,1,1,0,1,1,1563729000.0,91217525.0,1654946525.0,65.0,85.0
APP_NLIU_2143,Rule_3_iii_v_Health_Medical_Records,902428,,1,1,1,0,1,1804856000.0,157924900.0,1962780900.0,65.0,85.0
APP_NLIU_2144,Rule_3_ii_Financial_Data,1549449,CSRF,1,0,1,1,0,3718677600.0,348626024.99999994,4067303625.0,55.00000000000001,55.00000000000001
APP_NLIU_2145,Rule_3_ii_Financial_Data,544353,,1,1,1,1,0,1088706000.0,54435299.999999985,1143141300.0,80.0,80.0
APP_NLIU_2146,Rule_3_vi_Biometric_Information,352614,,1,0,1,1,0,705228000.0,79338149.99999999,784566150.0,55.00000000000001,55.00000000000001
APP_NLIU_2147,Rule_3_ii_Financial_Data,19425,,1,1,0,1,0,38850000.0,3399375.0,42249375.0,65.0,65.0
APP_NLIU_2148,Rule_3_ii_Financial_Data,804543,SSRF,1,1,1,1,0,2252720400.0,80454299.99999999,2333174700.0,80.0,80.0
APP_NLIU_2149,Rule_3_ii_Financial_Data,1225447,XSS,1,1,0,1,0,2695983400.0,214453225.0,2910436625.0,65.0,65.0
APP_NLIU_2150,Rule_3_vi_Biometric_Information,582545,Exception_Handling_Failure,1,1,1,1,0,1572871500.0,58254499.999999985,1631126000.0,80.0,80.0
APP_NLIU_2151,Rule_3_ii_Financial_Data,1963998,,1,1,1,1,0,3927996000.0,196399799.99999997,4124395800.0,80.0,80.0
APP_NLIU_2152,Rule_3_i_Passwords,1770113,SQL_Injection,1,1,1,1,0,5310339000.0,177011299.99999997,5487350300.0,80.0,80.0
APP_NLIU_2153,Rule_3_iii_v_Health_Medical_Records,1967821,,1,0,1,1,0,3935642000.0,442759724.99999994,4378401725.0,55.00000000000001,55.00000000000001
APP_NLIU_2154,Rule_3_vi_Biometric_Information,348190,,0,1,0,1,0,696380000.0,130571250.0,826951250.0,25.0,25.0
APP_NLIU_2155,Rule_3_i_Passwords,829283,CSRF,1,0,0,0,1,1990279200.0,248784900.0,2239064100.0,40.0,60.0
APP_NLIU_2156,Rule_3_ii_Financial_Data,1586680,,1,1,1,1,1,3173360000.0,158667999.99999997,3332028000.0,80.0,100.0
APP_NLIU_2157,Rule_3_i_Passwords,1524645,XSS,1,1,1,1,1,3354219000.0000005,152464499.99999997,3506683500.0000005,80.0,100.0
APP_NLIU_2158,Rule_3_ii_Financial_Data,7175,XSS,1,1,1,0,1,15785000.000000002,1255625.0,17040625.0,65.0,85.0
APP_NLIU_2159,Rule_3_ii_Financial_Data,1327061,CSRF,1,1,0,1,0,3184946400.0,232235675.0,3417182075.0,65.0,65.0
APP_NLIU_2160,Rule_3_iii_v_Health_Medical_Records,855340,XSS,0,1,1,0,0,1881748000.0000002,320752500.0,2202500500.0,25.0,25.0
APP_NLIU_2161,Rule_3_iii_v_Health_Medical_Records,1734590,,1,0,0,1,1,3469180000.0,520377000.0,3989557000.0,40.0,60.0
APP_NLIU_2162,Rule_3_iii_v_Health_Medical_Records,1507687,XSS,1,0,1,1,0,3316911400.0000005,339229574.99999994,3656140975.0000005,55.00000000000001,55.00000000000001
APP_NLIU_2163,Rule_3_ii_Financial_Data,1637560,Exception_Handling_Failure,1,1,1,1,0,4421412000.0,163755999.99999997,4585168000.0,80.0,80.0
APP_NLIU_2164,Rule_3_vi_Biometric_Information,193961,Exception_Handling_Failure,0,1,1,1,0,523694700.00000006,58188300.0,581883000.0,40.0,40.0
APP_NLIU_2165,Rule_3_ii_Financial_Data,1271792,,1,1,1,1,0,2543584000.0,127179199.99999997,2670763200.0,80.0,80.0
APP_NLIU_2166,Multi_Category_SPDI,350259,SQL_Injection,0,1,1,1,0,1050777000.0,105077700.0,1155854700.0,40.0,40.0
APP_NLIU_2167,Rule_3_iii_v_Health_Medical_Records,297338,,1,0,0,1,1,594676000.0,89201400.0,683877400.0,40.0,60.0
APP_NLIU_2168,Rule_3_i_Passwords,433053,XSS,1,1,0,1,1,952716600.0000001,75784275.0,1028500875.0000001,65.0,85.0
APP_NLIU_2169,Rule_3_iii_v_Health_Medical_Records,1515686,CSRF,1,0,1,1,1,3637646400.0,341029349.99999994,3978675750.0,55.00000000000001,75.0
APP_NLIU_2170,Rule_3_ii_Financial_Data,1137934,SSRF,0,0,1,1,1,3186215200.0,483621950.0,3669837150.0,15.0,35.0
APP_NLIU_2171,Rule_3_iii_v_Health_Medical_Records,1226224,XSS,0,0,0,1,0,2697692800.0,613112000.0,3310804800.0,0.0,0.0
APP_NLIU_2172,Rule_3_i_Passwords,1418268,,1,1,1,1,0,2836536000.0,141826799.99999997,2978362800.0,80.0,80.0
APP_NLIU_2173,Rule_3_i_Passwords,1728663,CSRF,1,1,1,1,1,4148791200.0,172866299.99999997,4321657500.0,80.0,100.0
APP_NLIU_2174,Multi_Category_SPDI,563867,,1,0,1,1,0,1127734000.0,126870074.99999999,1254604075.0,55.00000000000001,55.00000000000001
APP_NLIU_2175,Rule_3_ii_Financial_Data,1150130,SQL_Injection,0,1,1,1,0,3450390000.0,345039000.0,3795429000.0,40.0,40.0
APP_NLIU_2176,Rule_3_vi_Biometric_Information,676915,XSS,0,1,1,1,0,1489213000.0000002,203074500.0,1692287500.0000002,40.0,40.0
APP_NLIU_2177,Rule_3_ii_Financial_Data,1893302,,1,1,1,1,0,3786604000.0,189330199.99999997,3975934200.0,80.0,80.0
APP_NLIU_2178,Rule_3_iii_v_Health_Medical_Records,579065,,0,1,1,1,0,1158130000.0,173719500.0,1331849500.0,40.0,40.0
APP_NLIU_2179,Rule_3_iii_v_Health_Medical_Records,1452698,SSRF,0,0,0,0,1,4067554399.9999995,726349000.0,4793903400.0,0.0,20.0
APP_NLIU_2180,Rule_3_iii_v_Health_Medical_Records,45751,XSS,1,1,1,1,0,100652200.00000001,4575099.999999999,105227300.00000001,80.0,80.0
APP_NLIU_2181,Rule_3_ii_Financial_Data,1254247,SSRF,0,0,1,0,0,3511891600.0,627123500.0,4139015100.0,0.0,0.0
APP_NLIU_2182,Rule_3_ii_Financial_Data,1162326,XSS,0,1,1,0,1,2557117200.0,435872250.0,2992989450.0,25.0,45.0
APP_NLIU_2183,Rule_3_i_Passwords,1127756,,0,1,1,1,1,2255512000.0,338326800.0,2593838800.0,40.0,60.0
APP_NLIU_2184,Rule_3_ii_Financial_Data,768274,,1,0,1,0,1,1536548000.0,230482200.0,1767030200.0,40.0,60.0
APP_NLIU_2185,Rule_3_iii_v_Health_Medical_Records,209750,SSRF,1,1,1,1,1,587300000.0,20974999.999999996,608275000.0,80.0,100.0
APP_NLIU_2186,Multi_Category_SPDI,1871652,,1,0,0,1,0,3743304000.0,561495600.0,4304799600.0,40.0,40.0
APP_NLIU_2187,Multi_Category_SPDI,1087097,XSS,0,1,0,1,1,2391613400.0,407661375.0,2799274775.0,25.0,45.0
APP_NLIU_2188,Rule_3_vi_Biometric_Information,540852,CSRF,1,0,1,0,1,1298044800.0,162255600.0,1460300400.0,40.0,60.0
APP_NLIU_2189,Rule_3_vi_Biometric_Information,634443,XSS,0,1,1,1,1,1395774600.0,190332900.0,1586107500.0,40.0,60.0
APP_NLIU_2190,Rule_3_iii_v_Health_Medical_Records,993144,Exception_Handling_Failure,1,1,1,1,1,2681488800.0,99314399.99999999,2780803200.0,80.0,100.0
APP_NLIU_2191,Rule_3_ii_Financial_Data,425515,XSS,1,0,1,1,1,936133000.0000001,95740874.99999999,1031873875.0000001,55.00000000000001,75.0
APP_NLIU_2192,Multi_Category_SPDI,1044535,XSS,1,1,1,1,1,2297977000.0,104453499.99999997,2402430500.0,80.0,100.0
APP_NLIU_2193,Rule_3_iii_v_Health_Medical_Records,1494750,XSS,1,1,1,1,1,3288450000.0000005,149474999.99999997,3437925000.0000005,80.0,100.0
APP_NLIU_2194,Rule_3_iii_v_Health_Medical_Records,192150,SSRF,1,1,0,1,1,538020000.0,33626250.0,571646250.0,65.0,85.0
APP_NLIU_2195,Rule_3_i_Passwords,1460213,,0,1,1,0,1,2920426000.0,547579875.0,3468005875.0,25.0,45.0
APP_NLIU_2196,Rule_3_ii_Financial_Data,1404467,XSS,1,1,0,1,0,3089827400.0000005,245781724.99999997,3335609125.0000005,65.0,65.0
APP_NLIU_2197,Rule_3_ii_Financial_Data,802634,SQL_Injection,1,1,1,1,0,2407902000.0,80263399.99999999,2488165400.0,80.0,80.0
APP_NLIU_2198,Multi_Category_SPDI,376551,,1,0,1,1,1,753102000.0,84723974.99999999,837825975.0,55.00000000000001,75.0
APP_NLIU_2199,Rule_3_iii_v_Health_Medical_Records,1712621,,0,1,1,1,1,3425242000.0,513786300.0,3939028300.0,40.0,60.0
APP_NLIU_2200,Rule_3_ii_Financial_Data,1143773,,1,0,1,1,0,2287546000.0,257348924.99999997,2544894925.0,55.00000000000001,55.00000000000001
APP_NLIU_2201,Multi_Category_SPDI,1096213,CSRF,1,1,1,1,1,2630911200.0,109621299.99999997,2740532500.0,80.0,100.0
APP_NLIU_2202,Rule_3_i_Passwords,678726,SQL_Injection,1,1,1,1,1,2036178000.0,67872599.99999999,2104050600.0,80.0,100.0
APP_NLIU_2203,Rule_3_ii_Financial_Data,1550040,XSS,0,1,1,1,1,3410088000.0000005,465012000.0,3875100000.0000005,40.0,60.0
APP_NLIU_2204,Rule_3_i_Passwords,1077852,SQL_Injection,1,1,0,1,1,3233556000.0,188624100.0,3422180100.0,65.0,85.0
APP_NLIU_2205,Rule_3_iii_v_Health_Medical_Records,1920954,,1,0,1,0,1,3841908000.0,576286200.0,4418194200.0,40.0,60.0
APP_NLIU_2206,Multi_Category_SPDI,1915222,SSRF,1,0,0,1,1,5362621600.0,574566600.0,5937188200.0,40.0,60.0
APP_NLIU_2207,Rule_3_ii_Financial_Data,160647,CSRF,1,0,1,1,0,385552800.0,36145575.0,421698375.0,55.00000000000001,55.00000000000001
APP_NLIU_2208,Multi_Category_SPDI,1488193,XSS,1,1,1,0,0,3274024600.0000005,260433774.99999997,3534458375.0000005,65.0,65.0
APP_NLIU_2209,Rule_3_ii_Financial_Data,308374,CSRF,1,1,0,0,0,740097600.0,53965450.0,794063050.0,65.0,65.0
APP_NLIU_2210,Multi_Category_SPDI,1788360,,1,1,0,1,1,3576720000.0,312963000.0,3889683000.0,65.0,85.0
APP_NLIU_2211,Rule_3_vi_Biometric_Information,1004767,XSS,1,1,0,1,1,2210487400.0,175834225.0,2386321625.0,65.0,85.0
APP_NLIU_2212,Rule_3_vi_Biometric_Information,391230,SSRF,1,1,1,0,0,1095444000.0,68465250.0,1163909250.0,65.0,65.0
APP_NLIU_2213,Rule_3_i_Passwords,1183102,CSRF,0,1,1,1,0,2839444800.0,354930600.0,3194375400.0,40.0,40.0
APP_NLIU_2214,Multi_Category_SPDI,1561299,XSS,1,0,1,1,1,3434857800.0000005,351292274.99999994,3786150075.0000005,55.00000000000001,75.0
APP_NLIU_2215,Rule_3_iii_v_Health_Medical_Records,466833,SQL_Injection,1,0,1,0,1,1400499000.0,140049900.0,1540548900.0,40.0,60.0
APP_NLIU_2216,Rule_3_ii_Financial_Data,683381,Exception_Handling_Failure,1,1,1,1,1,1845128700.0000002,68338099.99999999,1913466800.0000002,80.0,100.0
APP_NLIU_2217,Rule_3_vi_Biometric_Information,1980529,XSS,0,1,1,1,1,4357163800.0,594158700.0,4951322500.0,40.0,60.0
APP_NLIU_2218,Rule_3_ii_Financial_Data,1462449,,0,1,1,1,0,2924898000.0,438734700.0,3363632700.0,40.0,40.0
APP_NLIU_2219,Multi_Category_SPDI,1350779,,1,1,1,1,0,2701558000.0,135077899.99999997,2836635900.0,80.0,80.0
APP_NLIU_2220,Rule_3_i_Passwords,1055108,,0,1,1,0,1,2110216000.0,395665500.0,2505881500.0,25.0,45.0
APP_NLIU_2221,Rule_3_iii_v_Health_Medical_Records,524518,,1,1,1,1,0,1049036000.0,52451799.999999985,1101487800.0,80.0,80.0
APP_NLIU_2222,Rule_3_iii_v_Health_Medical_Records,1156242,SSRF,1,0,1,1,0,3237477600.0,260154449.99999997,3497632050.0,55.00000000000001,55.00000000000001
APP_NLIU_2223,Rule_3_i_Passwords,1759741,SQL_Injection,1,0,1,1,0,5279223000.0,395941724.99999994,5675164725.0,55.00000000000001,55.00000000000001
APP_NLIU_2224,Rule_3_ii_Financial_Data,1135127,CSRF,1,0,1,0,0,2724304800.0,340538100.0,3064842900.0,40.0,40.0
APP_NLIU_2225,Rule_3_i_Passwords,173828,,1,0,1,1,0,347656000.0,39111299.99999999,386767300.0,55.00000000000001,55.00000000000001
APP_NLIU_2226,Rule_3_ii_Financial_Data,1649744,,1,1,0,1,1,3299488000.0,288705200.0,3588193200.0,65.0,85.0
APP_NLIU_2227,Rule_3_ii_Financial_Data,111734,,0,1,0,1,1,223468000.0,41900250.0,265368250.0,25.0,45.0
APP_NLIU_2228,Rule_3_iii_v_Health_Medical_Records,905429,SQL_Injection,1,1,1,1,0,2716287000.0,90542899.99999999,2806829900.0,80.0,80.0
APP_NLIU_2229,Rule_3_ii_Financial_Data,735002,,1,1,1,1,1,1470004000.0,73500199.99999999,1543504200.0,80.0,100.0
APP_NLIU_2230,Rule_3_ii_Financial_Data,956710,XSS,0,0,1,0,0,2104762000.0000002,478355000.0,2583117000.0,0.0,0.0
APP_NLIU_2231,Rule_3_iii_v_Health_Medical_Records,843600,SQL_Injection,1,1,0,1,0,2530800000.0,147630000.0,2678430000.0,65.0,65.0
APP_NLIU_2232,Rule_3_i_Passwords,118123,XSS,0,1,1,1,1,259870600.00000003,35436900.0,295307500.0,40.0,60.0
APP_NLIU_2233,Multi_Category_SPDI,735548,SQL_Injection,0,1,0,0,1,2206644000.0,275830500.0,2482474500.0,25.0,45.0
APP_NLIU_2234,Multi_Category_SPDI,947054,XSS,0,1,1,1,1,2083518800.0000002,284116200.0,2367635000.0,40.0,60.0
APP_NLIU_2235,Rule_3_iii_v_Health_Medical_Records,1453181,CSRF,0,1,1,1,0,3487634400.0,435954300.0,3923588700.0,40.0,40.0
APP_NLIU_2236,Rule_3_iii_v_Health_Medical_Records,1141473,XSS,1,1,0,1,0,2511240600.0,199757775.0,2710998375.0,65.0,65.0
APP_NLIU_2237,Multi_Category_SPDI,1744783,Exception_Handling_Failure,1,0,1,0,1,4710914100.0,523434900.0,5234349000.0,40.0,60.0
APP_NLIU_2238,Rule_3_i_Passwords,633887,,0,0,0,1,0,1267774000.0,316943500.0,1584717500.0,0.0,0.0
APP_NLIU_2239,Rule_3_i_Passwords,1919247,Exception_Handling_Failure,1,1,1,1,1,5181966900.0,191924699.99999997,5373891600.0,80.0,100.0
APP_NLIU_2240,Rule_3_ii_Financial_Data,1334362,XSS,0,1,1,1,0,2935596400.0,400308600.0,3335905000.0,40.0,40.0
APP_NLIU_2241,Rule_3_vi_Biometric_Information,1422582,,1,1,1,0,1,2845164000.0,248951849.99999997,3094115850.0,65.0,85.0
APP_NLIU_2242,Rule_3_i_Passwords,1302327,,0,1,1,1,1,2604654000.0,390698100.0,2995352100.0,40.0,60.0
APP_NLIU_2243,Rule_3_iii_v_Health_Medical_Records,1090085,SQL_Injection,0,1,1,1,1,3270255000.0,327025500.0,3597280500.0,40.0,60.0
APP_NLIU_2244,Multi_Category_SPDI,1919425,XSS,1,0,0,0,1,4222735000.0000005,575827500.0,4798562500.0,40.0,60.0
APP_NLIU_2245,Multi_Category_SPDI,840669,CSRF,0,0,1,1,0,2017605600.0,357284325.0,2374889925.0,15.0,15.0
APP_NLIU_2246,Rule_3_iii_v_Health_Medical_Records,675774,SQL_Injection,1,0,1,1,0,2027322000.0,152049149.99999997,2179371150.0,55.00000000000001,55.00000000000001
APP_NLIU_2247,Rule_3_i_Passwords,1903184,Exception_Handling_Failure,1,1,1,1,0,5138596800.0,190318399.99999997,5328915200.0,80.0,80.0
APP_NLIU_2248,Rule_3_vi_Biometric_Information,1182209,,0,1,0,1,0,2364418000.0,443328375.0,2807746375.0,25.0,25.0
APP_NLIU_2249,Rule_3_iii_v_Health_Medical_Records,871297,SSRF,1,1,0,1,0,2439631600.0,152476975.0,2592108575.0,65.0,65.0
APP_NLIU_2250,Rule_3_i_Passwords,1695045,,1,1,0,1,0,3390090000.0,296632875.0,3686722875.0,65.0,65.0
APP_NLIU_2251,Rule_3_i_Passwords,591347,,0,0,1,1,0,1182694000.0,251322475.0,1434016475.0,15.0,15.0
APP_NLIU_2252,Multi_Category_SPDI,316294,,0,0,0,1,1,632588000.0,158147000.0,790735000.0,0.0,20.0
APP_NLIU_2253,Rule_3_iii_v_Health_Medical_Records,879799,CSRF,0,1,0,1,1,2111517600.0,329924625.0,2441442225.0,25.0,45.0
APP_NLIU_2254,Rule_3_vi_Biometric_Information,1618955,,1,1,0,1,1,3237910000.0,283317125.0,3521227125.0,65.0,85.0
APP_NLIU_2255,Multi_Category_SPDI,209196,CSRF,1,0,1,1,1,502070400.0,47069099.99999999,549139500.0,55.00000000000001,75.0
APP_NLIU_2256,Rule_3_iii_v_Health_Medical_Records,5903,XSS,0,1,0,0,1,12986600.000000002,2213625.0,15200225.000000002,25.0,45.0
APP_NLIU_2257,Rule_3_iii_v_Health_Medical_Records,1294600,SQL_Injection,1,1,1,1,1,3883800000.0,129459999.99999997,4013260000.0,80.0,100.0
APP_NLIU_2258,Rule_3_ii_Financial_Data,845667,SQL_Injection,0,0,1,1,0,2537001000.0,359408475.0,2896409475.0,15.0,15.0
APP_NLIU_2259,Rule_3_ii_Financial_Data,194637,,0,1,1,1,0,389274000.0,58391100.0,447665100.0,40.0,40.0
APP_NLIU_2260,Rule_3_ii_Financial_Data,846774,XSS,0,0,0,1,0,1862902800.0000002,423387000.0,2286289800.0,0.0,0.0
APP_NLIU_2261,Rule_3_vi_Biometric_Information,1227371,CSRF,1,1,1,1,1,2945690400.0,122737099.99999997,3068427500.0,80.0,100.0
APP_NLIU_2262,Rule_3_iii_v_Health_Medical_Records,1089148,SSRF,0,0,1,1,1,3049614400.0,462887900.0,3512502300.0,15.0,35.0
APP_NLIU_2263,Multi_Category_SPDI,1857618,Exception_Handling_Failure,1,1,0,1,1,5015568600.0,325083150.0,5340651750.0,65.0,85.0
APP_NLIU_2264,Rule_3_ii_Financial_Data,1874060,SQL_Injection,1,1,1,1,0,5622180000.0,187405999.99999997,5809586000.0,80.0,80.0
APP_NLIU_2265,Rule_3_iii_v_Health_Medical_Records,1152569,,0,1,1,1,1,2305138000.0,345770700.0,2650908700.0,40.0,60.0
APP_NLIU_2266,Rule_3_iii_v_Health_Medical_Records,354207,SQL_Injection,0,0,0,1,1,1062621000.0,177103500.0,1239724500.0,0.0,20.0
APP_NLIU_2267,Rule_3_iii_v_Health_Medical_Records,960054,SSRF,1,0,1,1,0,2688151200.0,216012149.99999997,2904163350.0,55.00000000000001,55.00000000000001
APP_NLIU_2268,Rule_3_iii_v_Health_Medical_Records,976537,CSRF,1,1,1,0,0,2343688800.0,170893975.0,2514582775.0,65.0,65.0
APP_NLIU_2269,Rule_3_ii_Financial_Data,427227,XSS,1,0,1,1,1,939899400.0000001,96126074.99999999,1036025475.0000001,55.00000000000001,75.0
APP_NLIU_2270,Rule_3_iii_v_Health_Medical_Records,1549603,CSRF,1,1,1,1,1,3719047200.0,154960299.99999997,3874007500.0,80.0,100.0
APP_NLIU_2271,Rule_3_i_Passwords,626828,CSRF,0,1,0,1,0,1504387200.0,235060500.0,1739447700.0,25.0,25.0
APP_NLIU_2272,Rule_3_ii_Financial_Data,58533,,0,0,0,0,0,117066000.0,29266500.0,146332500.0,0.0,0.0
APP_NLIU_2273,Rule_3_ii_Financial_Data,684424,Exception_Handling_Failure,0,1,1,1,0,1847944800.0000002,205327200.0,2053272000.0000002,40.0,40.0
APP_NLIU_2274,Rule_3_iii_v_Health_Medical_Records,1963997,SQL_Injection,1,1,1,1,1,5891991000.0,196399699.99999997,6088390700.0,80.0,100.0
APP_NLIU_2275,Multi_Category_SPDI,788185,XSS,0,1,1,0,1,1734007000.0000002,295569375.0,2029576375.0000002,25.0,45.0
APP_NLIU_2276,Rule_3_iii_v_Health_Medical_Records,1234229,,0,1,1,1,1,2468458000.0,370268700.0,2838726700.0,40.0,60.0
APP_NLIU_2277,Rule_3_iii_v_Health_Medical_Records,1173964,CSRF,1,1,1,0,1,2817513600.0,205443700.0,3022957300.0,65.0,85.0
APP_NLIU_2278,Rule_3_iii_v_Health_Medical_Records,1868710,SQL_Injection,0,0,1,0,1,5606130000.0,934355000.0,6540485000.0,0.0,20.0
APP_NLIU_2279,Rule_3_iii_v_Health_Medical_Records,1177058,,1,0,1,1,1,2354116000.0,264838049.99999997,2618954050.0,55.00000000000001,75.0
APP_NLIU_2280,Rule_3_i_Passwords,800063,Exception_Handling_Failure,0,1,0,1,0,2160170100.0,300023625.0,2460193725.0,25.0,25.0
APP_NLIU_2281,Rule_3_ii_Financial_Data,1308512,XSS,1,1,1,1,0,2878726400.0,130851199.99999997,3009577600.0,80.0,80.0
APP_NLIU_2282,Rule_3_ii_Financial_Data,1140964,SQL_Injection,0,0,1,1,0,3422892000.0,484909700.0,3907801700.0,15.0,15.0
APP_NLIU_2283,Rule_3_ii_Financial_Data,1702662,SQL_Injection,1,0,1,1,0,5107986000.0,383098949.99999994,5491084950.0,55.00000000000001,55.00000000000001
APP_NLIU_2284,Rule_3_i_Passwords,1647907,Exception_Handling_Failure,0,0,1,1,1,4449348900.0,700360475.0,5149709375.0,15.0,35.0
APP_NLIU_2285,Rule_3_i_Passwords,1737917,SSRF,1,0,0,1,0,4866167600.0,521375100.0,5387542700.0,40.0,40.0
APP_NLIU_2286,Rule_3_ii_Financial_Data,1875772,XSS,0,0,1,1,1,4126698400.0000005,797203100.0,4923901500.0,15.0,35.0
APP_NLIU_2287,Multi_Category_SPDI,1810707,XSS,1,1,1,1,1,3983555400.0000005,181070699.99999997,4164626100.0000005,80.0,100.0
APP_NLIU_2288,Rule_3_ii_Financial_Data,1837723,CSRF,0,1,1,1,0,4410535200.0,551316900.0,4961852100.0,40.0,40.0
APP_NLIU_2289,Rule_3_ii_Financial_Data,1497305,,1,0,0,1,1,2994610000.0,449191500.0,3443801500.0,40.0,60.0
APP_NLIU_2290,Rule_3_i_Passwords,658302,,1,0,0,0,0,1316604000.0,197490600.0,1514094600.0,40.0,40.0
APP_NLIU_2291,Rule_3_iii_v_Health_Medical_Records,118076,,1,1,1,0,0,236152000.0,20663300.0,256815300.0,65.0,65.0
APP_NLIU_2292,Rule_3_ii_Financial_Data,1676871,SQL_Injection,1,1,1,1,1,5030613000.0,167687099.99999997,5198300100.0,80.0,100.0
APP_NLIU_2293,Rule_3_ii_Financial_Data,726558,SQL_Injection,0,0,1,0,1,2179674000.0,363279000.0,2542953000.0,0.0,20.0
APP_NLIU_2294,Rule_3_iii_v_Health_Medical_Records,1864948,XSS,0,1,1,1,0,4102885600.0000005,559484400.0,4662370000.0,40.0,40.0
APP_NLIU_2295,Rule_3_i_Passwords,898850,SSRF,1,1,1,1,1,2516780000.0,89884999.99999999,2606665000.0,80.0,100.0
APP_NLIU_2296,Rule_3_i_Passwords,1125368,,0,1,0,0,0,2250736000.0,422013000.0,2672749000.0,25.0,25.0
APP_NLIU_2297,Rule_3_ii_Financial_Data,426648,SSRF,0,1,0,1,0,1194614400.0,159993000.0,1354607400.0,25.0,25.0
APP_NLIU_2298,Rule_3_i_Passwords,1061943,XSS,0,1,1,1,0,2336274600.0,318582900.0,2654857500.0,40.0,40.0
APP_NLIU_2299,Rule_3_i_Passwords,1951772,CSRF,0,1,0,0,0,4684252800.0,731914500.0,5416167300.0,25.0,25.0
APP_NLIU_2300,Rule_3_ii_Financial_Data,763961,Exception_Handling_Failure,1,1,1,0,0,2062694700.0000002,133693174.99999999,2196387875.0,65.0,65.0
APP_NLIU_2301,Rule_3_vi_Biometric_Information,948015,SQL_Injection,1,0,0,0,1,2844045000.0,284404500.0,3128449500.0,40.0,60.0
APP_NLIU_2302,Rule_3_iii_v_Health_Medical_Records,800005,XSS,1,1,1,1,1,1760011000.0000002,80000499.99999999,1840011500.0000002,80.0,100.0
APP_NLIU_2303,Rule_3_iii_v_Health_Medical_Records,1593446,CSRF,1,0,1,1,1,3824270400.0,358525349.99999994,4182795750.0,55.00000000000001,75.0
APP_NLIU_2304,Rule_3_ii_Financial_Data,1190026,,1,0,1,1,1,2380052000.0,267755849.99999997,2647807850.0,55.00000000000001,75.0
APP_NLIU_2305,Multi_Category_SPDI,856728,SQL_Injection,1,1,1,1,1,2570184000.0,85672799.99999999,2655856800.0,80.0,100.0
APP_NLIU_2306,Rule_3_ii_Financial_Data,1722436,,1,1,1,1,1,3444872000.0,172243599.99999997,3617115600.0,80.0,100.0
APP_NLIU_2307,Rule_3_i_Passwords,332985,,1,1,1,1,0,665970000.0,33298499.999999993,699268500.0,80.0,80.0
APP_NLIU_2308,Rule_3_iii_v_Health_Medical_Records,1599745,CSRF,1,0,1,0,1,3839388000.0,479923500.0,4319311500.0,40.0,60.0
APP_NLIU_2309,Rule_3_i_Passwords,861665,,1,1,1,1,1,1723330000.0,86166499.99999999,1809496500.0,80.0,100.0
APP_NLIU_2310,Rule_3_ii_Financial_Data,1760478,SQL_Injection,0,1,1,1,0,5281434000.0,528143400.0,5809577400.0,40.0,40.0
APP_NLIU_2311,Rule_3_iii_v_Health_Medical_Records,594573,,0,0,1,1,0,1189146000.0,252693525.0,1441839525.0,15.0,15.0
APP_NLIU_2312,Multi_Category_SPDI,1113123,XSS,1,1,1,1,0,2448870600.0,111312299.99999997,2560182900.0,80.0,80.0
APP_NLIU_2313,Rule_3_ii_Financial_Data,1771087,CSRF,1,1,1,0,0,4250608800.0,309940225.0,4560549025.0,65.0,65.0
APP_NLIU_2314,Rule_3_iii_v_Health_Medical_Records,667582,CSRF,1,0,0,1,1,1602196800.0,200274600.0,1802471400.0,40.0,60.0
APP_NLIU_2315,Multi_Category_SPDI,1061509,SQL_Injection,1,0,1,0,1,3184527000.0,318452700.0,3502979700.0,40.0,60.0
APP_NLIU_2316,Rule_3_i_Passwords,1399105,,1,1,0,0,0,2798210000.0,244843374.99999997,3043053375.0,65.0,65.0
APP_NLIU_2317,Rule_3_ii_Financial_Data,770127,SQL_Injection,1,1,1,1,0,2310381000.0,77012699.99999999,2387393700.0,80.0,80.0
APP_NLIU_2318,Rule_3_ii_Financial_Data,1676570,Exception_Handling_Failure,1,0,0,1,1,4526739000.0,502971000.0,5029710000.0,40.0,60.0
APP_NLIU_2319,Rule_3_ii_Financial_Data,476653,XSS,1,1,1,1,1,1048636600.0000001,47665299.99999999,1096301900.0,80.0,100.0
APP_NLIU_2320,Rule_3_ii_Financial_Data,1978020,,1,0,1,1,1,3956040000.0,445054499.99999994,4401094500.0,55.00000000000001,75.0
APP_NLIU_2321,Multi_Category_SPDI,1036830,SSRF,0,1,1,1,0,2903124000.0,311049000.0,3214173000.0,40.0,40.0
APP_NLIU_2322,Rule_3_iii_v_Health_Medical_Records,876022,XSS,1,1,1,1,0,1927248400.0000002,87602199.99999999,2014850600.0000002,80.0,80.0
APP_NLIU_2323,Rule_3_iii_v_Health_Medical_Records,1422119,XSS,1,0,1,1,0,3128661800.0000005,319976774.99999994,3448638575.0000005,55.00000000000001,55.00000000000001
APP_NLIU_2324,Rule_3_ii_Financial_Data,326289,,1,1,1,0,0,652578000.0,57100575.0,709678575.0,65.0,65.0
APP_NLIU_2325,Rule_3_vi_Biometric_Information,179682,SQL_Injection,1,1,0,1,0,539046000.0,31444349.999999996,570490350.0,65.0,65.0
APP_NLIU_2326,Multi_Category_SPDI,1373240,SSRF,0,1,1,1,0,3845071999.9999995,411972000.0,4257043999.9999995,40.0,40.0
APP_NLIU_2327,Rule_3_vi_Biometric_Information,1582408,SSRF,0,1,1,1,1,4430742400.0,474722400.0,4905464800.0,40.0,60.0
APP_NLIU_2328,Rule_3_i_Passwords,1013358,,1,1,1,1,0,2026716000.0,101335799.99999997,2128051800.0,80.0,80.0
APP_NLIU_2329,Rule_3_iii_v_Health_Medical_Records,846244,SSRF,1,1,1,0,1,2369483200.0,148092700.0,2517575900.0,65.0,85.0
APP_NLIU_2330,Rule_3_i_Passwords,1256258,XSS,0,0,1,1,0,2763767600.0,533909650.0,3297677250.0,15.0,15.0
APP_NLIU_2331,Rule_3_ii_Financial_Data,1236148,SSRF,1,1,1,1,0,3461214400.0,123614799.99999997,3584829200.0,80.0,80.0
APP_NLIU_2332,Rule_3_i_Passwords,962122,,1,0,1,1,0,1924244000.0,216477449.99999997,2140721450.0,55.00000000000001,55.00000000000001
APP_NLIU_2333,Rule_3_iii_v_Health_Medical_Records,1434810,,1,0,1,1,1,2869620000.0,322832249.99999994,3192452250.0,55.00000000000001,75.0
APP_NLIU_2334,Rule_3_iii_v_Health_Medical_Records,1939062,XSS,1,0,1,1,1,4265936400.0000005,436288949.99999994,4702225350.0,55.00000000000001,75.0
APP_NLIU_2335,Rule_3_i_Passwords,1996524,CSRF,0,1,1,1,0,4791657600.0,598957200.0,5390614800.0,40.0,40.0
APP_NLIU_2336,Rule_3_ii_Financial_Data,1270630,SSRF,1,1,1,1,0,3557764000.0,127062999.99999997,3684827000.0,80.0,80.0
APP_NLIU_2337,Rule_3_ii_Financial_Data,1540871,SQL_Injection,1,0,0,1,1,4622613000.0,462261300.0,5084874300.0,40.0,60.0
APP_NLIU_2338,Rule_3_ii_Financial_Data,979090,CSRF,1,0,0,1,1,2349816000.0,293727000.0,2643543000.0,40.0,60.0
APP_NLIU_2339,Rule_3_i_Passwords,1471581,Exception_Handling_Failure,1,1,0,1,0,3973268700.0000005,257526674.99999997,4230795375.0000005,65.0,65.0
APP_NLIU_2340,Rule_3_ii_Financial_Data,399833,XSS,0,1,0,1,1,879632600.0000001,149937375.0,1029569975.0000001,25.0,45.0
APP_NLIU_2341,Rule_3_vi_Biometric_Information,264711,,1,1,0,1,0,529422000.0,46324425.0,575746425.0,65.0,65.0
APP_NLIU_2342,Rule_3_i_Passwords,630122,CSRF,1,1,1,1,0,1512292800.0,63012199.999999985,1575305000.0,80.0,80.0
APP_NLIU_2343,Rule_3_i_Passwords,1187981,Exception_Handling_Failure,1,1,1,0,1,3207548700.0,207896675.0,3415445375.0,65.0,85.0
APP_NLIU_2344,Rule_3_ii_Financial_Data,45002,XSS,0,0,1,1,1,99004400.00000001,19125850.0,118130250.00000001,15.0,35.0
APP_NLIU_2345,Multi_Category_SPDI,260549,XSS,1,1,1,1,1,573207800.0,26054899.999999993,599262700.0,80.0,100.0
APP_NLIU_2346,Rule_3_iii_v_Health_Medical_Records,986124,CSRF,1,1,1,1,0,2366697600.0,98612399.99999999,2465310000.0,80.0,80.0
APP_NLIU_2347,Rule_3_iii_v_Health_Medical_Records,1796624,XSS,1,1,0,1,0,3952572800.0000005,314409200.0,4266982000.0000005,65.0,65.0
APP_NLIU_2348,Rule_3_ii_Financial_Data,487843,XSS,1,0,1,1,1,1073254600.0000001,109764674.99999999,1183019275.0,55.00000000000001,75.0
APP_NLIU_2349,Rule_3_iii_v_Health_Medical_Records,398727,,0,0,1,1,0,797454000.0,169458975.0,966912975.0,15.0,15.0
APP_NLIU_2350,Rule_3_i_Passwords,379994,,0,0,1,1,1,759988000.0,161497450.0,921485450.0,15.0,35.0
APP_NLIU_2351,Rule_3_iii_v_Health_Medical_Records,1707875,CSRF,1,1,1,1,1,4098900000.0,170787499.99999997,4269687500.0,80.0,100.0
APP_NLIU_2352,Multi_Category_SPDI,698210,SQL_Injection,1,1,1,1,1,2094630000.0,69820999.99999999,2164451000.0,80.0,100.0
APP_NLIU_2353,Rule_3_iii_v_Health_Medical_Records,650836,XSS,1,0,1,1,0,1431839200.0,146438100.0,1578277300.0,55.00000000000001,55.00000000000001
APP_NLIU_2354,Multi_Category_SPDI,1528964,XSS,1,1,1,1,0,3363720800.0000005,152896399.99999997,3516617200.0000005,80.0,80.0
APP_NLIU_2355,Rule_3_iii_v_Health_Medical_Records,1085362,SSRF,1,1,1,1,1,3039013600.0,108536199.99999997,3147549800.0,80.0,100.0
APP_NLIU_2356,Rule_3_i_Passwords,1521148,,0,1,1,1,1,3042296000.0,456344400.0,3498640400.0,40.0,60.0
APP_NLIU_2357,Multi_Category_SPDI,303388,,0,1,0,1,0,606776000.0,113770500.0,720546500.0,25.0,25.0
APP_NLIU_2358,Rule_3_i_Passwords,1783650,,1,1,1,1,1,3567300000.0,178364999.99999997,3745665000.0,80.0,100.0
APP_NLIU_2359,Rule_3_iii_v_Health_Medical_Records,1120837,SSRF,1,1,1,1,1,3138343600.0,112083699.99999997,3250427300.0,80.0,100.0
APP_NLIU_2360,Rule_3_i_Passwords,1334197,,1,1,1,1,1,2668394000.0,133419699.99999997,2801813700.0,80.0,100.0
APP_NLIU_2361,Rule_3_i_Passwords,706893,,1,1,1,1,1,1413786000.0,70689299.99999999,1484475300.0,80.0,100.0
APP_NLIU_2362,Rule_3_ii_Financial_Data,275640,XSS,1,0,1,1,1,606408000.0,62018999.99999999,668427000.0,55.00000000000001,75.0
APP_NLIU_2363,Rule_3_ii_Financial_Data,1174098,XSS,0,1,1,1,1,2583015600.0,352229400.0,2935245000.0,40.0,60.0
APP_NLIU_2364,Rule_3_ii_Financial_Data,410486,,1,0,0,1,0,820972000.0,123145800.0,944117800.0,40.0,40.0
APP_NLIU_2365,Rule_3_iii_v_Health_Medical_Records,736368,XSS,1,0,1,0,1,1620009600.0000002,220910400.0,1840920000.0000002,40.0,60.0
APP_NLIU_2366,Rule_3_i_Passwords,287868,CSRF,1,0,1,1,1,690883200.0,64770299.99999999,755653500.0,55.00000000000001,75.0
APP_NLIU_2367,Rule_3_i_Passwords,297560,XSS,0,1,0,1,1,654632000.0,111585000.0,766217000.0,25.0,45.0
APP_NLIU_2368,Rule_3_iii_v_Health_Medical_Records,1613439,XSS,1,1,0,1,0,3549565800.0000005,282351825.0,3831917625.0000005,65.0,65.0
APP_NLIU_2369,Rule_3_ii_Financial_Data,479406,SSRF,1,0,1,1,1,1342336800.0,107866349.99999999,1450203150.0,55.00000000000001,75.0
APP_NLIU_2370,Rule_3_iii_v_Health_Medical_Records,1654478,,0,1,0,1,0,3308956000.0,620429250.0,3929385250.0,25.0,25.0
APP_NLIU_2371,Rule_3_iii_v_Health_Medical_Records,1147142,Exception_Handling_Failure,1,1,0,0,0,3097283400.0,200749850.0,3298033250.0,65.0,65.0
APP_NLIU_2372,Rule_3_vi_Biometric_Information,1305637,Exception_Handling_Failure,0,1,1,1,0,3525219900.0,391691100.0,3916911000.0,40.0,40.0
APP_NLIU_2373,Rule_3_iii_v_Health_Medical_Records,1782044,SQL_Injection,1,0,1,1,1,5346132000.0,400959899.99999994,5747091900.0,55.00000000000001,75.0
APP_NLIU_2374,Rule_3_ii_Financial_Data,1988488,Exception_Handling_Failure,1,0,1,0,1,5368917600.0,596546400.0,5965464000.0,40.0,60.0
APP_NLIU_2375,Rule_3_iii_v_Health_Medical_Records,1180768,SQL_Injection,1,1,1,1,1,3542304000.0,118076799.99999997,3660380800.0,80.0,100.0
APP_NLIU_2376,Rule_3_ii_Financial_Data,1597223,SQL_Injection,1,1,1,1,1,4791669000.0,159722299.99999997,4951391300.0,80.0,100.0
APP_NLIU_2377,Rule_3_ii_Financial_Data,406914,XSS,0,1,1,0,1,895210800.0000001,152592750.0,1047803550.0000001,25.0,45.0
APP_NLIU_2378,Rule_3_vi_Biometric_Information,1255040,XSS,1,1,1,0,1,2761088000.0,219632000.0,2980720000.0,65.0,85.0
APP_NLIU_2379,Rule_3_ii_Financial_Data,1801999,XSS,1,1,1,1,0,3964397800.0000005,180199899.99999997,4144597700.0000005,80.0,80.0
APP_NLIU_2380,Rule_3_vi_Biometric_Information,961996,SQL_Injection,1,0,0,1,0,2885988000.0,288598800.0,3174586800.0,40.0,40.0
APP_NLIU_2381,Rule_3_vi_Biometric_Information,1521573,XSS,1,1,1,1,1,3347460600.0000005,152157299.99999997,3499617900.0000005,80.0,100.0
APP_NLIU_2382,Multi_Category_SPDI,572922,SSRF,1,1,1,1,0,1604181600.0,57292199.999999985,1661473800.0,80.0,80.0
APP_NLIU_2383,Multi_Category_SPDI,1170831,,0,0,1,0,1,2341662000.0,585415500.0,2927077500.0,0.0,20.0
APP_NLIU_2384,Rule_3_ii_Financial_Data,1620728,XSS,0,0,1,0,0,3565601600.0000005,810364000.0,4375965600.0,0.0,0.0
APP_NLIU_2385,Rule_3_ii_Financial_Data,1934490,Exception_Handling_Failure,0,1,0,1,1,5223123000.0,725433750.0,5948556750.0,25.0,45.0
APP_NLIU_2386,Rule_3_iii_v_Health_Medical_Records,42355,CSRF,1,1,1,1,1,101652000.0,4235499.999999999,105887500.0,80.0,100.0
APP_NLIU_2387,Rule_3_ii_Financial_Data,1091266,SQL_Injection,1,0,1,1,0,3273798000.0,245534849.99999997,3519332850.0,55.00000000000001,55.00000000000001
APP_NLIU_2388,Rule_3_iii_v_Health_Medical_Records,1484606,,1,0,1,1,0,2969212000.0,334036349.99999994,3303248350.0,55.00000000000001,55.00000000000001
APP_NLIU_2389,Rule_3_iii_v_Health_Medical_Records,1740581,CSRF,1,0,1,1,0,4177394400.0,391630724.99999994,4569025125.0,55.00000000000001,55.00000000000001
APP_NLIU_2390,Rule_3_iii_v_Health_Medical_Records,745174,XSS,1,1,0,0,1,1639382800.0000002,130405449.99999999,1769788250.0000002,65.0,85.0
APP_NLIU_2391,Rule_3_ii_Financial_Data,208811,Exception_Handling_Failure,1,1,1,1,0,563789700.0,20881099.999999996,584670800.0,80.0,80.0
APP_NLIU_2392,Rule_3_i_Passwords,1634494,SQL_Injection,0,1,1,1,1,4903482000.0,490348200.0,5393830200.0,40.0,60.0
APP_NLIU_2393,Rule_3_ii_Financial_Data,184243,,1,1,1,1,1,368486000.0,18424299.999999996,386910300.0,80.0,100.0
APP_NLIU_2394,Rule_3_i_Passwords,1599522,XSS,0,1,1,1,1,3518948400.0000005,479856600.0,3998805000.0000005,40.0,60.0
APP_NLIU_2395,Multi_Category_SPDI,522196,CSRF,1,0,1,1,0,1253270400.0,117494099.99999999,1370764500.0,55.00000000000001,55.00000000000001
APP_NLIU_2396,Rule_3_ii_Financial_Data,1573333,SQL_Injection,0,1,0,1,0,4719999000.0,589999875.0,5309998875.0,25.0,25.0
APP_NLIU_2397,Rule_3_i_Passwords,1292780,SSRF,0,0,0,1,1,3619784000.0,646390000.0,4266174000.0,0.0,20.0
APP_NLIU_2398,Rule_3_i_Passwords,282941,,1,0,1,0,0,565882000.0,84882300.0,650764300.0,40.0,40.0
APP_NLIU_2399,Rule_3_iii_v_Health_Medical_Records,850231,Exception_Handling_Failure,0,0,1,1,1,2295623700.0,361348175.0,2656971875.0,15.0,35.0
APP_NLIU_2400,Rule_3_iii_v_Health_Medical_Records,1434021,SSRF,1,1,1,1,0,4015258799.9999995,143402099.99999997,4158660899.9999995,80.0,80.0
APP_NLIU_2401,Rule_3_ii_Financial_Data,758702,SQL_Injection,1,1,1,1,1,2276106000.0,75870199.99999999,2351976200.0,80.0,100.0
APP_NLIU_2402,Rule_3_i_Passwords,1367956,Exception_Handling_Failure,1,1,1,1,1,3693481200.0000005,136795599.99999997,3830276800.0000005,80.0,100.0
APP_NLIU_2403,Rule_3_ii_Financial_Data,535553,XSS,1,1,0,0,1,1178216600.0,93721775.0,1271938375.0,65.0,85.0
APP_NLIU_2404,Rule_3_ii_Financial_Data,1573911,XSS,1,0,1,0,1,3462604200.0000005,472173300.0,3934777500.0000005,40.0,60.0
APP_NLIU_2405,Rule_3_iii_v_Health_Medical_Records,1703475,CSRF,1,1,1,1,0,4088340000.0,170347499.99999997,4258687500.0,80.0,80.0
APP_NLIU_2406,Rule_3_iii_v_Health_Medical_Records,1256782,SSRF,0,1,0,1,1,3518989600.0,471293250.0,3990282850.0,25.0,45.0
APP_NLIU_2407,Rule_3_ii_Financial_Data,1005182,Exception_Handling_Failure,0,0,0,0,0,2713991400.0,502591000.0,3216582400.0,0.0,0.0
APP_NLIU_2408,Rule_3_ii_Financial_Data,451710,,0,1,1,0,0,903420000.0,169391250.0,1072811250.0,25.0,25.0
APP_NLIU_2409,Multi_Category_SPDI,388898,SSRF,1,1,1,1,0,1088914400.0,38889799.99999999,1127804200.0,80.0,80.0
APP_NLIU_2410,Rule_3_ii_Financial_Data,974772,XSS,1,0,1,1,1,2144498400.0000002,219323699.99999997,2363822100.0,55.00000000000001,75.0
APP_NLIU_2411,Rule_3_iii_v_Health_Medical_Records,1037956,XSS,0,0,1,1,1,2283503200.0,441131300.0,2724634500.0,15.0,35.0
APP_NLIU_2412,Rule_3_i_Passwords,1735934,XSS,1,1,1,1,1,3819054800.0000005,173593399.99999997,3992648200.0000005,80.0,100.0
APP_NLIU_2413,Rule_3_ii_Financial_Data,1145002,CSRF,0,0,1,1,1,2748004800.0,486625850.0,3234630650.0,15.0,35.0
APP_NLIU_2414,Rule_3_i_Passwords,1016918,,0,1,1,1,1,2033836000.0,305075400.0,2338911400.0,40.0,60.0
APP_NLIU_2415,Rule_3_iii_v_Health_Medical_Records,1461098,XSS,1,1,1,1,1,3214415600.0000005,146109799.99999997,3360525400.0000005,80.0,100.0
APP_NLIU_2416,Multi_Category_SPDI,1772942,XSS,0,1,0,1,0,3900472400.0000005,664853250.0,4565325650.0,25.0,25.0
APP_NLIU_2417,Rule_3_ii_Financial_Data,516933,CSRF,1,0,1,1,0,1240639200.0,116309924.99999999,1356949125.0,55.00000000000001,55.00000000000001
APP_NLIU_2418,Rule_3_i_Passwords,1231993,SSRF,1,1,0,1,0,3449580400.0,215598775.0,3665179175.0,65.0,65.0
APP_NLIU_2419,Rule_3_i_Passwords,1196533,SQL_Injection,1,1,1,1,0,3589599000.0,119653299.99999997,3709252300.0,80.0,80.0
APP_NLIU_2420,Rule_3_ii_Financial_Data,1687545,,1,1,0,1,0,3375090000.0,295320375.0,3670410375.0,65.0,65.0
APP_NLIU_2421,Rule_3_i_Passwords,835258,SSRF,1,1,1,1,0,2338722400.0,83525799.99999999,2422248200.0,80.0,80.0
APP_NLIU_2422,Rule_3_i_Passwords,1633461,Exception_Handling_Failure,1,1,1,1,1,4410344700.0,163346099.99999997,4573690800.0,80.0,100.0
APP_NLIU_2423,Rule_3_vi_Biometric_Information,1978523,CSRF,0,1,1,1,1,4748455200.0,593556900.0,5342012100.0,40.0,60.0
APP_NLIU_2424,Rule_3_ii_Financial_Data,102375,XSS,1,1,0,1,1,225225000.00000003,17915625.0,243140625.00000003,65.0,85.0
APP_NLIU_2425,Rule_3_ii_Financial_Data,1824941,XSS,0,1,1,1,1,4014870200.0000005,547482300.0,4562352500.0,40.0,60.0
APP_NLIU_2426,Multi_Category_SPDI,1857092,CSRF,0,1,0,0,1,4457020800.0,696409500.0,5153430300.0,25.0,45.0
APP_NLIU_2427,Rule_3_i_Passwords,1405167,SQL_Injection,1,1,1,1,0,4215501000.0,140516699.99999997,4356017700.0,80.0,80.0
APP_NLIU_2428,Multi_Category_SPDI,533671,CSRF,1,1,1,1,1,1280810400.0,53367099.999999985,1334177500.0,80.0,100.0
APP_NLIU_2429,Rule_3_ii_Financial_Data,97313,Exception_Handling_Failure,0,1,1,1,0,262745100.00000003,29193900.0,291939000.0,40.0,40.0
APP_NLIU_2430,Multi_Category_SPDI,825793,Exception_Handling_Failure,0,0,1,1,0,2229641100.0,350962025.0,2580603125.0,15.0,15.0
APP_NLIU_2431,Rule_3_iii_v_Health_Medical_Records,85294,CSRF,0,1,1,0,0,204705600.0,31985250.0,236690850.0,25.0,25.0
APP_NLIU_2432,Rule_3_vi_Biometric_Information,1639195,XSS,1,0,0,0,0,3606229000.0000005,491758500.0,4097987500.0000005,40.0,40.0
APP_NLIU_2433,Multi_Category_SPDI,100057,SSRF,1,1,1,0,1,280159600.0,17509975.0,297669575.0,65.0,85.0
APP_NLIU_2434,Rule_3_ii_Financial_Data,156601,SSRF,0,0,1,1,1,438482800.0,66555425.0,505038225.0,15.0,35.0
APP_NLIU_2435,Multi_Category_SPDI,1767510,SQL_Injection,1,1,1,1,0,5302530000.0,176750999.99999997,5479281000.0,80.0,80.0
APP_NLIU_2436,Rule_3_ii_Financial_Data,1797563,,1,1,1,1,0,3595126000.0,179756299.99999997,3774882300.0,80.0,80.0
APP_NLIU_2437,Rule_3_ii_Financial_Data,388829,SSRF,1,1,0,1,0,1088721200.0,68045075.0,1156766275.0,65.0,65.0
APP_NLIU_2438,Rule_3_ii_Financial_Data,1150493,SSRF,1,1,1,1,1,3221380400.0,115049299.99999997,3336429700.0,80.0,100.0
APP_NLIU_2439,Rule_3_iii_v_Health_Medical_Records,1547708,CSRF,1,0,0,1,0,3714499200.0,464312400.0,4178811600.0,40.0,40.0
APP_NLIU_2440,Rule_3_i_Passwords,298076,SQL_Injection,1,1,1,0,1,894228000.0,52163300.0,946391300.0,65.0,85.0
APP_NLIU_2441,Rule_3_iii_v_Health_Medical_Records,520303,Exception_Handling_Failure,1,1,1,1,0,1404818100.0,52030299.999999985,1456848400.0,80.0,80.0
APP_NLIU_2442,Rule_3_iii_v_Health_Medical_Records,1317628,SQL_Injection,0,1,1,0,1,3952884000.0,494110500.0,4446994500.0,25.0,45.0
APP_NLIU_2443,Rule_3_vi_Biometric_Information,1027762,SQL_Injection,1,0,1,1,0,3083286000.0,231246449.99999997,3314532450.0,55.00000000000001,55.00000000000001
APP_NLIU_2444,Rule_3_vi_Biometric_Information,511705,Exception_Handling_Failure,1,0,0,1,1,1381603500.0,153511500.0,1535115000.0,40.0,60.0
APP_NLIU_2445,Rule_3_ii_Financial_Data,1477150,CSRF,0,1,1,1,0,3545160000.0,443145000.0,3988305000.0,40.0,40.0
APP_NLIU_2446,Rule_3_ii_Financial_Data,559700,,0,0,0,0,1,1119400000.0,279850000.0,1399250000.0,0.0,20.0
APP_NLIU_2447,Rule_3_ii_Financial_Data,1968327,XSS,0,0,1,1,0,4330319400.0,836538975.0,5166858375.0,15.0,15.0
APP_NLIU_2448,Rule_3_i_Passwords,1923718,CSRF,1,0,0,1,1,4616923200.0,577115400.0,5194038600.0,40.0,60.0
APP_NLIU_2449,Rule_3_i_Passwords,258928,Exception_Handling_Failure,0,1,1,1,0,699105600.0,77678400.0,776784000.0,40.0,40.0
APP_NLIU_2450,Rule_3_ii_Financial_Data,1265680,SQL_Injection,1,0,1,1,1,3797040000.0,284778000.0,4081818000.0,55.00000000000001,75.0
APP_NLIU_2451,Rule_3_ii_Financial_Data,7928,XSS,1,1,0,0,0,17441600.0,1387400.0,18829000.0,65.0,65.0
APP_NLIU_2452,Multi_Category_SPDI,856590,XSS,1,1,1,1,0,1884498000.0000002,85658999.99999999,1970157000.0000002,80.0,80.0
APP_NLIU_2453,Rule_3_iii_v_Health_Medical_Records,1215280,CSRF,1,1,0,1,0,2916672000.0,212674000.0,3129346000.0,65.0,65.0
APP_NLIU_2454,Rule_3_ii_Financial_Data,37309,Exception_Handling_Failure,1,1,1,1,1,100734300.0,3730899.999999999,104465200.0,80.0,100.0
APP_NLIU_2455,Rule_3_iii_v_Health_Medical_Records,800712,,0,1,0,1,0,1601424000.0,300267000.0,1901691000.0,25.0,25.0
APP_NLIU_2456,Rule_3_i_Passwords,45449,,1,0,1,0,0,90898000.0,13634700.0,104532700.0,40.0,40.0
APP_NLIU_2457,Rule_3_ii_Financial_Data,1009675,Exception_Handling_Failure,0,0,1,1,0,2726122500.0,429111875.0,3155234375.0,15.0,15.0
APP_NLIU_2458,Rule_3_iii_v_Health_Medical_Records,818389,XSS,1,0,0,1,1,1800455800.0000002,245516700.0,2045972500.0000002,40.0,60.0
APP_NLIU_2459,Rule_3_ii_Financial_Data,1745831,SSRF,1,1,1,1,0,4888326800.0,174583099.99999997,5062909900.0,80.0,80.0
APP_NLIU_2460,Rule_3_ii_Financial_Data,1386219,CSRF,1,1,0,1,1,3326925600.0,242588324.99999997,3569513925.0,65.0,85.0
APP_NLIU_2461,Multi_Category_SPDI,622345,XSS,1,1,1,1,1,1369159000.0,62234499.999999985,1431393500.0,80.0,100.0
APP_NLIU_2462,Multi_Category_SPDI,1807087,CSRF,0,1,1,1,1,4337008800.0,542126100.0,4879134900.0,40.0,60.0
APP_NLIU_2463,Rule_3_iii_v_Health_Medical_Records,1425785,,1,0,1,1,0,2851570000.0,320801624.99999994,3172371625.0,55.00000000000001,55.00000000000001
APP_NLIU_2464,Rule_3_iii_v_Health_Medical_Records,510074,CSRF,1,1,1,1,1,1224177600.0,51007399.999999985,1275185000.0,80.0,100.0
APP_NLIU_2465,Rule_3_iii_v_Health_Medical_Records,682055,CSRF,0,0,1,1,0,1636932000.0,289873375.0,1926805375.0,15.0,15.0
APP_NLIU_2466,Rule_3_ii_Financial_Data,604181,CSRF,1,1,1,1,0,1450034400.0,60418099.999999985,1510452500.0,80.0,80.0
APP_NLIU_2467,Rule_3_ii_Financial_Data,1509915,,1,0,1,1,0,3019830000.0,339730874.99999994,3359560875.0,55.00000000000001,55.00000000000001
APP_NLIU_2468,Rule_3_i_Passwords,816608,Exception_Handling_Failure,1,1,0,1,1,2204841600.0,142906400.0,2347748000.0,65.0,85.0
APP_NLIU_2469,Rule_3_ii_Financial_Data,678769,Exception_Handling_Failure,1,1,1,1,0,1832676300.0000002,67876899.99999999,1900553200.0000002,80.0,80.0
APP_NLIU_2470,Rule_3_iii_v_Health_Medical_Records,784824,CSRF,0,0,0,0,0,1883577600.0,392412000.0,2275989600.0,0.0,0.0
APP_NLIU_2471,Rule_3_ii_Financial_Data,848399,,1,1,1,0,1,1696798000.0,148469825.0,1845267825.0,65.0,85.0
APP_NLIU_2472,Multi_Category_SPDI,1578851,SQL_Injection,1,1,1,0,0,4736553000.0,276298925.0,5012851925.0,65.0,65.0
APP_NLIU_2473,Multi_Category_SPDI,1252149,,0,1,1,1,1,2504298000.0,375644700.0,2879942700.0,40.0,60.0
APP_NLIU_2474,Rule_3_iii_v_Health_Medical_Records,241692,XSS,1,1,1,1,1,531722400.00000006,24169199.999999996,555891600.0,80.0,100.0
APP_NLIU_2475,Rule_3_iii_v_Health_Medical_Records,888286,CSRF,0,1,1,1,0,2131886400.0,266485800.0,2398372200.0,40.0,40.0
APP_NLIU_2476,Multi_Category_SPDI,1079591,XSS,1,1,1,1,0,2375100200.0,107959099.99999997,2483059300.0,80.0,80.0
APP_NLIU_2477,Rule_3_i_Passwords,1541519,Exception_Handling_Failure,0,1,1,1,0,4162101300.0000005,462455700.0,4624557000.0,40.0,40.0
APP_NLIU_2478,Rule_3_vi_Biometric_Information,379494,SQL_Injection,1,1,1,1,1,1138482000.0,37949399.99999999,1176431400.0,80.0,100.0
APP_NLIU_2479,Rule_3_i_Passwords,1906412,,1,1,0,1,1,3812824000.0,333622100.0,4146446100.0,65.0,85.0
APP_NLIU_2480,Rule_3_vi_Biometric_Information,121751,XSS,1,1,1,0,0,267852200.00000003,21306425.0,289158625.0,65.0,65.0
APP_NLIU_2481,Rule_3_ii_Financial_Data,1968815,CSRF,0,1,1,1,1,4725156000.0,590644500.0,5315800500.0,40.0,60.0
APP_NLIU_2482,Multi_Category_SPDI,1759217,SQL_Injection,1,0,1,1,1,5277651000.0,395823824.99999994,5673474825.0,55.00000000000001,75.0
APP_NLIU_2483,Multi_Category_SPDI,53231,XSS,1,1,1,1,1,117108200.00000001,5323099.999999999,122431300.00000001,80.0,100.0
APP_NLIU_2484,Rule_3_i_Passwords,1737968,XSS,0,1,1,1,1,3823529600.0000005,521390400.0,4344920000.0,40.0,60.0
APP_NLIU_2485,Rule_3_ii_Financial_Data,1344025,XSS,1,0,1,0,0,2956855000.0000005,403207500.0,3360062500.0000005,40.0,40.0
APP_NLIU_2486,Multi_Category_SPDI,1107882,Exception_Handling_Failure,1,1,0,1,0,2991281400.0,193879350.0,3185160750.0,65.0,65.0
APP_NLIU_2487,Rule_3_ii_Financial_Data,224248,XSS,1,0,0,1,1,493345600.00000006,67274400.0,560620000.0,40.0,60.0
APP_NLIU_2488,Multi_Category_SPDI,1174715,,0,1,0,1,1,2349430000.0,440518125.0,2789948125.0,25.0,45.0
APP_NLIU_2489,Rule_3_iii_v_Health_Medical_Records,1596182,XSS,0,1,1,1,0,3511600400.0000005,478854600.0,3990455000.0000005,40.0,40.0
APP_NLIU_2490,Rule_3_ii_Financial_Data,1197894,,0,1,1,1,0,2395788000.0,359368200.0,2755156200.0,40.0,40.0
APP_NLIU_2491,Rule_3_ii_Financial_Data,956348,SQL_Injection,1,1,1,1,0,2869044000.0,95634799.99999999,2964678800.0,80.0,80.0
APP_NLIU_2492,Rule_3_ii_Financial_Data,1217250,CSRF,0,1,1,1,1,2921400000.0,365175000.0,3286575000.0,40.0,60.0
APP_NLIU_2493,Rule_3_vi_Biometric_Information,1337304,CSRF,1,0,0,1,1,3209529600.0,401191200.0,3610720800.0,40.0,60.0
APP_NLIU_2494,Rule_3_ii_Financial_Data,776687,XSS,1,1,1,0,1,1708711400.0000002,135920225.0,1844631625.0000002,65.0,85.0
APP_NLIU_2495,Rule_3_iii_v_Health_Medical_Records,1593033,,0,1,1,1,0,3186066000.0,477909900.0,3663975900.0,40.0,40.0
APP_NLIU_2496,Rule_3_ii_Financial_Data,1079544,SQL_Injection,1,1,1,1,0,3238632000.0,107954399.99999997,3346586400.0,80.0,80.0
APP_NLIU_2497,Rule_3_iii_v_Health_Medical_Records,1977465,SQL_Injection,1,1,0,1,0,5932395000.0,346056375.0,6278451375.0,65.0,65.0
APP_NLIU_2498,Multi_Category_SPDI,209830,,0,1,1,1,0,419660000.0,62949000.0,482609000.0,40.0,40.0
APP_NLIU_2499,Multi_Category_SPDI,1962692,SSRF,1,1,1,1,0,5495537600.0,196269199.99999997,5691806800.0,80.0,80.0
APP_NLIU_2500,Rule_3_ii_Financial_Data,1693255,Exception_Handling_Failure,1,1,1,1,0,4571788500.0,169325499.99999997,4741114000.0,80.0,80.0
APP_NLIU_2501,Rule_3_vi_Biometric_Information,1341164,XSS,1,1,0,1,0,2950560800.0,234703700.0,3185264500.0,65.0,65.0
APP_NLIU_2502,Rule_3_vi_Biometric_Information,239856,,1,0,1,1,1,479712000.0,53967599.99999999,533679600.0,55.00000000000001,75.0
APP_NLIU_2503,Rule_3_iii_v_Health_Medical_Records,1569904,SQL_Injection,1,1,0,1,0,4709712000.0,274733200.0,4984445200.0,65.0,65.0
APP_NLIU_2504,Multi_Category_SPDI,1421801,SQL_Injection,1,1,1,1,0,4265403000.0,142180099.99999997,4407583100.0,80.0,80.0
APP_NLIU_2505,Rule_3_ii_Financial_Data,1116073,XSS,1,1,1,0,1,2455360600.0,195312775.0,2650673375.0,65.0,85.0
APP_NLIU_2506,Rule_3_i_Passwords,1583226,,1,1,0,1,0,3166452000.0,277064550.0,3443516550.0,65.0,65.0
APP_NLIU_2507,Multi_Category_SPDI,890686,XSS,1,1,1,0,0,1959509200.0000002,155870050.0,2115379250.0000002,65.0,65.0
APP_NLIU_2508,Rule_3_ii_Financial_Data,1717186,CSRF,0,1,0,1,1,4121246400.0,643944750.0,4765191150.0,25.0,45.0
APP_NLIU_2509,Rule_3_vi_Biometric_Information,1646218,Exception_Handling_Failure,1,1,1,0,1,4444788600.0,288088150.0,4732876750.0,65.0,85.0
APP_NLIU_2510,Multi_Category_SPDI,41368,,1,1,1,1,1,82736000.0,4136799.999999999,86872800.0,80.0,100.0
APP_NLIU_2511,Rule_3_i_Passwords,49109,,0,1,1,0,0,98218000.0,18415875.0,116633875.0,25.0,25.0
APP_NLIU_2512,Multi_Category_SPDI,1242293,,0,1,1,1,1,2484586000.0,372687900.0,2857273900.0,40.0,60.0
APP_NLIU_2513,Rule_3_ii_Financial_Data,979501,SQL_Injection,1,1,0,1,0,2938503000.0,171412675.0,3109915675.0,65.0,65.0
APP_NLIU_2514,Rule_3_iii_v_Health_Medical_Records,32426,SQL_Injection,0,1,1,0,1,97278000.0,12159750.0,109437750.0,25.0,45.0
APP_NLIU_2515,Rule_3_iii_v_Health_Medical_Records,909064,Exception_Handling_Failure,1,0,1,1,1,2454472800.0,204539399.99999997,2659012200.0,55.00000000000001,75.0
APP_NLIU_2516,Multi_Category_SPDI,641925,,0,1,1,1,1,1283850000.0,192577500.0,1476427500.0,40.0,60.0
APP_NLIU_2517,Rule_3_i_Passwords,1616887,CSRF,0,0,1,1,1,3880528800.0,687176975.0,4567705775.0,15.0,35.0
APP_NLIU_2518,Rule_3_ii_Financial_Data,1437988,SSRF,0,0,0,1,1,4026366399.9999995,718994000.0,4745360400.0,0.0,20.0
APP_NLIU_2519,Rule_3_iii_v_Health_Medical_Records,1506059,,1,1,1,1,0,3012118000.0,150605899.99999997,3162723900.0,80.0,80.0
APP_NLIU_2520,Rule_3_iii_v_Health_Medical_Records,1209540,SQL_Injection,0,1,1,1,1,3628620000.0,362862000.0,3991482000.0,40.0,60.0
APP_NLIU_2521,Rule_3_iii_v_Health_Medical_Records,518168,CSRF,1,0,1,1,1,1243603200.0,116587799.99999999,1360191000.0,55.00000000000001,75.0
APP_NLIU_2522,Rule_3_i_Passwords,1949219,XSS,1,1,1,1,0,4288281800.0000005,194921899.99999997,4483203700.0,80.0,80.0
APP_NLIU_2523,Rule_3_ii_Financial_Data,1672761,XSS,1,1,0,1,1,3680074200.0000005,292733175.0,3972807375.0000005,65.0,85.0
APP_NLIU_2524,Rule_3_ii_Financial_Data,981729,,1,1,1,1,1,1963458000.0,98172899.99999999,2061630900.0,80.0,100.0
APP_NLIU_2525,Rule_3_vi_Biometric_Information,676367,CSRF,1,0,1,0,1,1623280800.0,202910100.0,1826190900.0,40.0,60.0
APP_NLIU_2526,Rule_3_ii_Financial_Data,1657641,Exception_Handling_Failure,1,1,0,1,0,4475630700.0,290087175.0,4765717875.0,65.0,65.0
APP_NLIU_2527,Rule_3_ii_Financial_Data,49858,XSS,1,1,1,1,0,109687600.00000001,4985799.999999999,114673400.00000001,80.0,80.0
APP_NLIU_2528,Multi_Category_SPDI,1274086,XSS,1,1,0,1,1,2802989200.0,222965050.0,3025954250.0,65.0,85.0
APP_NLIU_2529,Rule_3_i_Passwords,1405762,Exception_Handling_Failure,1,1,1,1,0,3795557400.0000005,140576199.99999997,3936133600.0000005,80.0,80.0
APP_NLIU_2530,Multi_Category_SPDI,874530,CSRF,1,1,1,1,1,2098872000.0,87452999.99999999,2186325000.0,80.0,100.0
APP_NLIU_2531,Rule_3_iii_v_Health_Medical_Records,1598103,SQL_Injection,0,1,1,1,1,4794309000.0,479430900.0,5273739900.0,40.0,60.0
APP_NLIU_2532,Rule_3_vi_Biometric_Information,461185,SQL_Injection,1,0,0,0,0,1383555000.0,138355500.0,1521910500.0,40.0,40.0
APP_NLIU_2533,Rule_3_ii_Financial_Data,935569,SSRF,0,1,1,1,1,2619593200.0,280670700.0,2900263900.0,40.0,60.0
APP_NLIU_2534,Rule_3_i_Passwords,1950959,XSS,0,1,1,0,0,4292109800.0000005,731609625.0,5023719425.0,25.0,25.0
APP_NLIU_2535,Rule_3_iii_v_Health_Medical_Records,1094867,,1,1,1,1,1,2189734000.0,109486699.99999997,2299220700.0,80.0,100.0
APP_NLIU_2536,Rule_3_vi_Biometric_Information,1092381,,1,1,1,1,0,2184762000.0,109238099.99999997,2294000100.0,80.0,80.0
APP_NLIU_2537,Rule_3_iii_v_Health_Medical_Records,1152407,,1,1,0,1,1,2304814000.0,201671225.0,2506485225.0,65.0,85.0
APP_NLIU_2538,Rule_3_i_Passwords,154515,CSRF,1,1,0,0,1,370836000.0,27040125.0,397876125.0,65.0,85.0
APP_NLIU_2539,Rule_3_vi_Biometric_Information,14290,XSS,1,0,0,1,0,31438000.000000004,4287000.0,35725000.0,40.0,40.0
APP_NLIU_2540,Rule_3_vi_Biometric_Information,1447003,CSRF,0,1,1,1,1,3472807200.0,434100900.0,3906908100.0,40.0,60.0
APP_NLIU_2541,Rule_3_iii_v_Health_Medical_Records,1399354,SSRF,1,1,1,1,0,3918191199.9999995,139935399.99999997,4058126599.9999995,80.0,80.0
APP_NLIU_2542,Rule_3_vi_Biometric_Information,1859080,SQL_Injection,1,1,1,1,0,5577240000.0,185907999.99999997,5763148000.0,80.0,80.0
APP_NLIU_2543,Rule_3_vi_Biometric_Information,834722,XSS,1,1,1,1,1,1836388400.0000002,83472199.99999999,1919860600.0000002,80.0,100.0
APP_NLIU_2544,Rule_3_iii_v_Health_Medical_Records,90186,,1,0,1,1,1,180372000.0,20291849.999999996,200663850.0,55.00000000000001,75.0
APP_NLIU_2545,Rule_3_i_Passwords,1855123,SSRF,1,1,0,1,1,5194344400.0,324646525.0,5518990925.0,65.0,85.0
APP_NLIU_2546,Rule_3_ii_Financial_Data,1583013,SQL_Injection,0,1,0,1,0,4749039000.0,593629875.0,5342668875.0,25.0,25.0
APP_NLIU_2547,Rule_3_i_Passwords,833424,,0,0,0,1,1,1666848000.0,416712000.0,2083560000.0,0.0,20.0
APP_NLIU_2548,Rule_3_ii_Financial_Data,284860,CSRF,1,0,1,1,1,683664000.0,64093499.99999999,747757500.0,55.00000000000001,75.0
APP_NLIU_2549,Rule_3_ii_Financial_Data,1937732,,1,1,1,1,1,3875464000.0,193773199.99999997,4069237200.0,80.0,100.0
APP_NLIU_2550,Rule_3_i_Passwords,1591485,,1,1,1,1,0,3182970000.0,159148499.99999997,3342118500.0,80.0,80.0
APP_NLIU_2551,Rule_3_ii_Financial_Data,1453612,,0,1,0,0,1,2907224000.0,545104500.0,3452328500.0,25.0,45.0
APP_NLIU_2552,Rule_3_i_Passwords,790088,XSS,0,1,1,0,1,1738193600.0000002,296283000.0,2034476600.0000002,25.0,45.0
APP_NLIU_2553,Rule_3_vi_Biometric_Information,904497,Exception_Handling_Failure,1,1,1,1,1,2442141900.0,90449699.99999999,2532591600.0,80.0,100.0
APP_NLIU_2554,Multi_Category_SPDI,1870407,XSS,0,1,1,0,1,4114895400.0000005,701402625.0,4816298025.0,25.0,45.0
APP_NLIU_2555,Rule_3_i_Passwords,1172950,Exception_Handling_Failure,0,1,1,0,0,3166965000.0,439856250.0,3606821250.0,25.0,25.0
APP_NLIU_2556,Multi_Category_SPDI,1985082,XSS,0,1,1,1,1,4367180400.0,595524600.0,4962705000.0,40.0,60.0
APP_NLIU_2557,Rule_3_iii_v_Health_Medical_Records,1358818,SSRF,0,1,1,1,0,3804690399.9999995,407645400.0,4212335799.9999995,40.0,40.0
APP_NLIU_2558,Rule_3_ii_Financial_Data,1885519,XSS,1,0,0,1,0,4148141800.0000005,565655700.0,4713797500.0,40.0,40.0
APP_NLIU_2559,Rule_3_i_Passwords,1368963,XSS,1,1,1,1,0,3011718600.0000005,136896299.99999997,3148614900.0000005,80.0,80.0
APP_NLIU_2560,Rule_3_iii_v_Health_Medical_Records,382275,,0,1,0,1,0,764550000.0,143353125.0,907903125.0,25.0,25.0
APP_NLIU_2561,Rule_3_vi_Biometric_Information,1577566,,0,1,1,1,0,3155132000.0,473269800.0,3628401800.0,40.0,40.0
APP_NLIU_2562,Rule_3_iii_v_Health_Medical_Records,820182,Exception_Handling_Failure,1,0,1,1,0,2214491400.0,184540949.99999997,2399032350.0,55.00000000000001,55.00000000000001
APP_NLIU_2563,Rule_3_i_Passwords,1276258,SQL_Injection,0,1,1,1,0,3828774000.0,382877400.0,4211651400.0,40.0,40.0
APP_NLIU_2564,Rule_3_i_Passwords,939814,,1,0,1,1,1,1879628000.0,211458149.99999997,2091086150.0,55.00000000000001,75.0
APP_NLIU_2565,Rule_3_ii_Financial_Data,846830,XSS,1,1,1,1,0,1863026000.0000002,84682999.99999999,1947709000.0000002,80.0,80.0
APP_NLIU_2566,Rule_3_ii_Financial_Data,742902,,1,1,1,1,1,1485804000.0,74290199.99999999,1560094200.0,80.0,100.0
APP_NLIU_2567,Rule_3_ii_Financial_Data,997711,,1,1,0,1,1,1995422000.0,174599425.0,2170021425.0,65.0,85.0
APP_NLIU_2568,Rule_3_ii_Financial_Data,1826661,SQL_Injection,1,0,0,1,1,5479983000.0,547998300.0,6027981300.0,40.0,60.0
APP_NLIU_2569,Rule_3_vi_Biometric_Information,311489,,1,1,1,1,0,622978000.0,31148899.999999993,654126900.0,80.0,80.0
APP_NLIU_2570,Multi_Category_SPDI,622718,SQL_Injection,0,1,1,1,1,1868154000.0,186815400.0,2054969400.0,40.0,60.0
APP_NLIU_2571,Rule_3_ii_Financial_Data,119921,CSRF,0,1,1,1,1,287810400.0,35976300.0,323786700.0,40.0,60.0
APP_NLIU_2572,Multi_Category_SPDI,621017,XSS,0,1,1,1,0,1366237400.0,186305100.0,1552542500.0,40.0,40.0
APP_NLIU_2573,Rule_3_ii_Financial_Data,1629707,SQL_Injection,1,1,1,1,0,4889121000.0,162970699.99999997,5052091700.0,80.0,80.0
APP_NLIU_2574,Rule_3_ii_Financial_Data,670582,,0,1,0,0,1,1341164000.0,251468250.0,1592632250.0,25.0,45.0
APP_NLIU_2575,Rule_3_ii_Financial_Data,954013,SQL_Injection,0,1,0,1,1,2862039000.0,357754875.0,3219793875.0,25.0,45.0
APP_NLIU_2576,Rule_3_iii_v_Health_Medical_Records,136458,SSRF,1,1,1,1,0,382082400.0,13645799.999999996,395728200.0,80.0,80.0
APP_NLIU_2577,Multi_Category_SPDI,1904342,XSS,1,0,1,0,1,4189552400.0000005,571302600.0,4760855000.0,40.0,60.0
APP_NLIU_2578,Rule_3_iii_v_Health_Medical_Records,334314,,0,1,1,1,1,668628000.0,100294200.0,768922200.0,40.0,60.0
APP_NLIU_2579,Rule_3_ii_Financial_Data,45878,,1,1,0,0,1,91756000.0,8028649.999999999,99784650.0,65.0,85.0
APP_NLIU_2580,Rule_3_iii_v_Health_Medical_Records,205741,,0,1,1,1,0,411482000.0,61722300.0,473204300.0,40.0,40.0
APP_NLIU_2581,Rule_3_i_Passwords,1030184,Exception_Handling_Failure,1,0,1,1,0,2781496800.0,231791399.99999997,3013288200.0,55.00000000000001,55.00000000000001
APP_NLIU_2582,Multi_Category_SPDI,1222997,CSRF,0,1,0,0,0,2935192800.0,458623875.0,3393816675.0,25.0,25.0
APP_NLIU_2583,Rule_3_iii_v_Health_Medical_Records,1809207,SQL_Injection,1,1,1,1,0,5427621000.0,180920699.99999997,5608541700.0,80.0,80.0
APP_NLIU_2584,Rule_3_ii_Financial_Data,1993032,SQL_Injection,0,1,1,1,1,5979096000.0,597909600.0,6577005600.0,40.0,60.0
APP_NLIU_2585,Rule_3_iii_v_Health_Medical_Records,1568764,XSS,1,1,1,1,1,3451280800.0000005,156876399.99999997,3608157200.0000005,80.0,100.0
APP_NLIU_2586,Rule_3_iii_v_Health_Medical_Records,1668216,Exception_Handling_Failure,0,0,1,1,1,4504183200.0,708991800.0,5213175000.0,15.0,35.0
APP_NLIU_2587,Rule_3_i_Passwords,1468321,XSS,0,0,1,1,1,3230306200.0000005,624036425.0,3854342625.0000005,15.0,35.0
APP_NLIU_2588,Rule_3_iii_v_Health_Medical_Records,993807,,0,1,1,0,0,1987614000.0,372677625.0,2360291625.0,25.0,25.0
APP_NLIU_2589,Rule_3_ii_Financial_Data,1488313,XSS,0,1,0,1,0,3274288600.0000005,558117375.0,3832405975.0000005,25.0,25.0
APP_NLIU_2590,Rule_3_iii_v_Health_Medical_Records,547671,SQL_Injection,1,0,1,1,1,1643013000.0,123225974.99999999,1766238975.0,55.00000000000001,75.0
APP_NLIU_2591,Rule_3_vi_Biometric_Information,665261,SSRF,1,0,1,0,1,1862730800.0,199578300.0,2062309100.0,40.0,60.0
APP_NLIU_2592,Rule_3_vi_Biometric_Information,834321,,1,1,1,1,1,1668642000.0,83432099.99999999,1752074100.0,80.0,100.0
APP_NLIU_2593,Rule_3_iii_v_Health_Medical_Records,1592497,,1,0,1,1,0,3184994000.0,358311824.99999994,3543305825.0,55.00000000000001,55.00000000000001
APP_NLIU_2594,Rule_3_iii_v_Health_Medical_Records,591532,,1,1,1,0,1,1183064000.0,103518100.0,1286582100.0,65.0,85.0
APP_NLIU_2595,Rule_3_i_Passwords,1969185,SQL_Injection,1,1,1,1,1,5907555000.0,196918499.99999997,6104473500.0,80.0,100.0
APP_NLIU_2596,Rule_3_vi_Biometric_Information,1990243,,0,1,1,1,1,3980486000.0,597072900.0,4577558900.0,40.0,60.0
APP_NLIU_2597,Rule_3_ii_Financial_Data,195091,SSRF,1,0,0,1,1,546254800.0,58527300.0,604782100.0,40.0,60.0
APP_NLIU_2598,Rule_3_ii_Financial_Data,933211,SQL_Injection,0,1,1,1,1,2799633000.0,279963300.0,3079596300.0,40.0,60.0
APP_NLIU_2599,Rule_3_ii_Financial_Data,1797048,,1,0,1,1,1,3594096000.0,404335799.99999994,3998431800.0,55.00000000000001,75.0
APP_NLIU_2600,Rule_3_i_Passwords,1399317,CSRF,1,1,1,1,0,3358360800.0,139931699.99999997,3498292500.0,80.0,80.0
APP_NLIU_2601,Rule_3_iii_v_Health_Medical_Records,705461,Exception_Handling_Failure,1,0,1,0,0,1904744700.0000002,211638300.0,2116383000.0000002,40.0,40.0
APP_NLIU_2602,Rule_3_i_Passwords,705066,SSRF,1,1,1,0,1,1974184799.9999998,123386549.99999999,2097571349.9999998,65.0,85.0
APP_NLIU_2603,Rule_3_iii_v_Health_Medical_Records,737444,XSS,1,1,1,1,0,1622376800.0000002,73744399.99999999,1696121200.0000002,80.0,80.0
APP_NLIU_2604,Rule_3_ii_Financial_Data,20115,,1,1,1,1,1,40230000.0,2011499.9999999995,42241500.0,80.0,100.0
APP_NLIU_2605,Rule_3_i_Passwords,1128955,CSRF,1,1,1,0,1,2709492000.0,197567125.0,2907059125.0,65.0,85.0
APP_NLIU_2606,Rule_3_iii_v_Health_Medical_Records,1287129,Exception_Handling_Failure,1,1,1,1,1,3475248300.0,128712899.99999997,3603961200.0,80.0,100.0
APP_NLIU_2607,Rule_3_i_Passwords,569267,SSRF,1,1,1,0,0,1593947600.0,99621725.0,1693569325.0,65.0,65.0
APP_NLIU_2608,Rule_3_ii_Financial_Data,701001,Exception_Handling_Failure,1,1,1,1,1,1892702700.0000002,70100099.99999999,1962802800.0000002,80.0,100.0
APP_NLIU_2609,Rule_3_iii_v_Health_Medical_Records,598665,CSRF,1,1,0,1,1,1436796000.0,104766375.0,1541562375.0,65.0,85.0
APP_NLIU_2610,Rule_3_i_Passwords,1830722,SSRF,1,1,1,0,1,5126021600.0,320376350.0,5446397950.0,65.0,85.0
APP_NLIU_2611,Rule_3_vi_Biometric_Information,535704,CSRF,1,0,1,1,0,1285689600.0,120533399.99999999,1406223000.0,55.00000000000001,55.00000000000001
APP_NLIU_2612,Rule_3_i_Passwords,933137,SSRF,1,0,1,1,1,2612783600.0,209955824.99999997,2822739425.0,55.00000000000001,75.0
APP_NLIU_2613,Rule_3_ii_Financial_Data,395929,,1,1,0,1,1,791858000.0,69287575.0,861145575.0,65.0,85.0
APP_NLIU_2614,Rule_3_iii_v_Health_Medical_Records,660954,CSRF,1,1,1,1,0,1586289600.0,66095399.999999985,1652385000.0,80.0,80.0
APP_NLIU_2615,Rule_3_ii_Financial_Data,412609,SSRF,1,0,1,1,0,1155305200.0,92837024.99999999,1248142225.0,55.00000000000001,55.00000000000001
APP_NLIU_2616,Rule_3_i_Passwords,433596,XSS,0,0,1,1,1,953911200.0000001,184278300.0,1138189500.0,15.0,35.0
APP_NLIU_2617,Rule_3_ii_Financial_Data,705416,CSRF,1,1,0,1,0,1692998400.0,123447799.99999999,1816446200.0,65.0,65.0
APP_NLIU_2618,Rule_3_ii_Financial_Data,1446084,,1,0,1,0,0,2892168000.0,433825200.0,3325993200.0,40.0,40.0
APP_NLIU_2619,Rule_3_vi_Biometric_Information,1937515,,1,0,0,1,0,3875030000.0,581254500.0,4456284500.0,40.0,40.0
APP_NLIU_2620,Rule_3_ii_Financial_Data,647531,XSS,0,1,1,1,1,1424568200.0,194259300.0,1618827500.0,40.0,60.0
APP_NLIU_2621,Rule_3_vi_Biometric_Information,927365,,0,1,1,1,1,1854730000.0,278209500.0,2132939500.0,40.0,60.0
APP_NLIU_2622,Multi_Category_SPDI,632358,XSS,1,0,1,1,0,1391187600.0,142280550.0,1533468150.0,55.00000000000001,55.00000000000001
APP_NLIU_2623,Rule_3_ii_Financial_Data,1613990,SSRF,0,1,1,0,0,4519172000.0,605246250.0,5124418250.0,25.0,25.0
APP_NLIU_2624,Multi_Category_SPDI,609670,Exception_Handling_Failure,1,1,1,1,1,1646109000.0,60966999.999999985,1707076000.0,80.0,100.0
APP_NLIU_2625,Rule_3_ii_Financial_Data,1276361,XSS,1,1,0,1,0,2807994200.0,223363175.0,3031357375.0,65.0,65.0
APP_NLIU_2626,Multi_Category_SPDI,956186,Exception_Handling_Failure,1,0,1,1,0,2581702200.0,215141849.99999997,2796844050.0,55.00000000000001,55.00000000000001
APP_NLIU_2627,Rule_3_i_Passwords,547516,,1,1,1,1,0,1095032000.0,54751599.999999985,1149783600.0,80.0,80.0
APP_NLIU_2628,Rule_3_iii_v_Health_Medical_Records,1547091,XSS,1,1,1,1,1,3403600200.0000005,154709099.99999997,3558309300.0000005,80.0,100.0
APP_NLIU_2629,Rule_3_ii_Financial_Data,553297,,1,1,1,0,1,1106594000.0,96826975.0,1203420975.0,65.0,85.0
APP_NLIU_2630,Rule_3_ii_Financial_Data,791526,,0,1,1,1,1,1583052000.0,237457800.0,1820509800.0,40.0,60.0
APP_NLIU_2631,Rule_3_iii_v_Health_Medical_Records,1553780,XSS,1,1,1,1,1,3418316000.0000005,155377999.99999997,3573694000.0000005,80.0,100.0
APP_NLIU_2632,Rule_3_iii_v_Health_Medical_Records,1134212,Exception_Handling_Failure,1,1,0,0,0,3062372400.0,198487100.0,3260859500.0,65.0,65.0
APP_NLIU_2633,Rule_3_i_Passwords,1236869,CSRF,1,1,1,1,0,2968485600.0,123686899.99999997,3092172500.0,80.0,80.0
APP_NLIU_2634,Rule_3_i_Passwords,1152029,,1,1,0,0,0,2304058000.0,201605075.0,2505663075.0,65.0,65.0
APP_NLIU_2635,Rule_3_iii_v_Health_Medical_Records,1464222,Exception_Handling_Failure,0,1,1,1,0,3953399400.0000005,439266600.0,4392666000.0,40.0,40.0
APP_NLIU_2636,Rule_3_iii_v_Health_Medical_Records,1108062,SQL_Injection,0,1,0,1,0,3324186000.0,415523250.0,3739709250.0,25.0,25.0
APP_NLIU_2637,Multi_Category_SPDI,1930518,CSRF,0,1,0,1,1,4633243200.0,723944250.0,5357187450.0,25.0,45.0
APP_NLIU_2638,Rule_3_vi_Biometric_Information,494881,Exception_Handling_Failure,1,1,1,1,0,1336178700.0,49488099.99999999,1385666800.0,80.0,80.0
APP_NLIU_2639,Multi_Category_SPDI,722654,SQL_Injection,1,0,1,1,1,2167962000.0,162597149.99999997,2330559150.0,55.00000000000001,75.0
APP_NLIU_2640,Rule_3_iii_v_Health_Medical_Records,265243,SQL_Injection,1,0,1,1,1,795729000.0,59679674.99999999,855408675.0,55.00000000000001,75.0
APP_NLIU_2641,Rule_3_ii_Financial_Data,1598724,XSS,1,1,1,1,0,3517192800.0000005,159872399.99999997,3677065200.0000005,80.0,80.0
APP_NLIU_2642,Rule_3_i_Passwords,339956,CSRF,1,1,0,1,1,815894400.0,59492299.99999999,875386700.0,65.0,85.0
APP_NLIU_2643,Rule_3_vi_Biometric_Information,1381807,XSS,1,0,1,1,1,3039975400.0000005,310906574.99999994,3350881975.0000005,55.00000000000001,75.0
APP_NLIU_2644,Rule_3_iii_v_Health_Medical_Records,1298432,CSRF,0,1,1,0,1,3116236800.0,486912000.0,3603148800.0,25.0,45.0
APP_NLIU_2645,Rule_3_i_Passwords,1455278,SSRF,1,0,1,1,1,4074778399.9999995,327437549.99999994,4402215949.999999,55.00000000000001,75.0
APP_NLIU_2646,Rule_3_ii_Financial_Data,1791999,Exception_Handling_Failure,1,1,1,0,0,4838397300.0,313599825.0,5151997125.0,65.0,65.0
APP_NLIU_2647,Multi_Category_SPDI,1103183,XSS,0,0,1,1,1,2427002600.0,468852775.0,2895855375.0,15.0,35.0
APP_NLIU_2648,Rule_3_iii_v_Health_Medical_Records,1456537,SSRF,1,1,0,1,0,4078303599.9999995,254893974.99999997,4333197574.999999,65.0,65.0
APP_NLIU_2649,Rule_3_ii_Financial_Data,1422384,CSRF,0,1,1,1,1,3413721600.0,426715200.0,3840436800.0,40.0,60.0
APP_NLIU_2650,Rule_3_ii_Financial_Data,1263181,XSS,0,1,0,1,1,2778998200.0,473692875.0,3252691075.0,25.0,45.0
APP_NLIU_2651,Rule_3_ii_Financial_Data,547618,SQL_Injection,1,0,1,1,1,1642854000.0,123214049.99999999,1766068050.0,55.00000000000001,75.0
APP_NLIU_2652,Rule_3_ii_Financial_Data,912235,SQL_Injection,1,1,1,0,0,2736705000.0,159641125.0,2896346125.0,65.0,65.0
APP_NLIU_2653,Rule_3_ii_Financial_Data,1749014,SQL_Injection,1,1,1,1,1,5247042000.0,174901399.99999997,5421943400.0,80.0,100.0
APP_NLIU_2654,Rule_3_i_Passwords,1764268,,1,1,1,1,1,3528536000.0,176426799.99999997,3704962800.0,80.0,100.0
APP_NLIU_2655,Rule_3_vi_Biometric_Information,502337,,0,1,1,0,0,1004674000.0,188376375.0,1193050375.0,25.0,25.0
APP_NLIU_2656,Rule_3_ii_Financial_Data,1829998,,1,1,0,1,1,3659996000.0,320249650.0,3980245650.0,65.0,85.0
APP_NLIU_2657,Rule_3_vi_Biometric_Information,226437,,1,0,1,0,0,452874000.0,67931100.0,520805100.0,40.0,40.0
APP_NLIU_2658,Multi_Category_SPDI,1359056,Exception_Handling_Failure,1,0,1,0,0,3669451200.0000005,407716800.0,4077168000.0000005,40.0,40.0
APP_NLIU_2659,Rule_3_ii_Financial_Data,537358,XSS,1,1,0,1,0,1182187600.0,94037650.0,1276225250.0,65.0,65.0
APP_NLIU_2660,Rule_3_iii_v_Health_Medical_Records,530608,Exception_Handling_Failure,0,1,0,1,0,1432641600.0,198978000.0,1631619600.0,25.0,25.0
APP_NLIU_2661,Rule_3_ii_Financial_Data,880475,SQL_Injection,1,1,0,1,0,2641425000.0,154083125.0,2795508125.0,65.0,65.0
APP_NLIU_2662,Multi_Category_SPDI,306065,Exception_Handling_Failure,1,1,1,1,0,826375500.0,30606499.999999993,856982000.0,80.0,80.0
APP_NLIU_2663,Rule_3_ii_Financial_Data,11589,,1,1,1,0,1,23178000.0,2028074.9999999998,25206075.0,65.0,85.0
APP_NLIU_2664,Rule_3_iii_v_Health_Medical_Records,884427,XSS,1,0,1,1,0,1945739400.0000002,198996074.99999997,2144735475.0000002,55.00000000000001,55.00000000000001
APP_NLIU_2665,Rule_3_iii_v_Health_Medical_Records,1593453,CSRF,0,1,1,1,1,3824287200.0,478035900.0,4302323100.0,40.0,60.0
APP_NLIU_2666,Rule_3_ii_Financial_Data,41375,CSRF,1,1,1,1,0,99300000.0,4137499.999999999,103437500.0,80.0,80.0
APP_NLIU_2667,Rule_3_i_Passwords,48085,Exception_Handling_Failure,0,1,1,0,1,129829500.00000001,18031875.0,147861375.0,25.0,45.0
APP_NLIU_2668,Rule_3_iii_v_Health_Medical_Records,590128,Exception_Handling_Failure,1,1,1,1,0,1593345600.0,59012799.999999985,1652358400.0,80.0,80.0
APP_NLIU_2669,Rule_3_iii_v_Health_Medical_Records,703560,,0,0,1,0,0,1407120000.0,351780000.0,1758900000.0,0.0,0.0
APP_NLIU_2670,Rule_3_ii_Financial_Data,1676568,CSRF,1,0,0,1,1,4023763200.0,502970400.0,4526733600.0,40.0,60.0
APP_NLIU_2671,Rule_3_iii_v_Health_Medical_Records,1997812,,0,1,1,1,1,3995624000.0,599343600.0,4594967600.0,40.0,60.0
APP_NLIU_2672,Rule_3_ii_Financial_Data,888479,XSS,1,1,1,0,1,1954653800.0000002,155483825.0,2110137625.0000002,65.0,85.0
APP_NLIU_2673,Rule_3_iii_v_Health_Medical_Records,1993506,,1,1,0,0,1,3987012000.0,348863550.0,4335875550.0,65.0,85.0
APP_NLIU_2674,Rule_3_i_Passwords,1084558,XSS,1,1,0,1,1,2386027600.0,189797650.0,2575825250.0,65.0,85.0
APP_NLIU_2675,Multi_Category_SPDI,1899728,XSS,0,1,0,1,0,4179401600.0000005,712398000.0,4891799600.0,25.0,25.0
APP_NLIU_2676,Rule_3_ii_Financial_Data,939250,XSS,1,1,1,1,1,2066350000.0000002,93924999.99999999,2160275000.0,80.0,100.0
APP_NLIU_2677,Rule_3_ii_Financial_Data,1344234,,0,1,0,0,1,2688468000.0,504087750.0,3192555750.0,25.0,45.0
APP_NLIU_2678,Rule_3_i_Passwords,200961,,1,1,1,1,0,401922000.0,20096099.999999996,422018100.0,80.0,80.0
APP_NLIU_2679,Rule_3_i_Passwords,1450643,SQL_Injection,0,1,1,1,0,4351929000.0,435192900.0,4787121900.0,40.0,40.0
APP_NLIU_2680,Rule_3_iii_v_Health_Medical_Records,1990876,SQL_Injection,0,1,0,1,0,5972628000.0,746578500.0,6719206500.0,25.0,25.0
APP_NLIU_2681,Rule_3_ii_Financial_Data,1653898,,1,1,1,1,0,3307796000.0,165389799.99999997,3473185800.0,80.0,80.0
APP_NLIU_2682,Rule_3_vi_Biometric_Information,1414108,XSS,0,1,1,1,1,3111037600.0000005,424232400.0,3535270000.0000005,40.0,60.0
APP_NLIU_2683,Rule_3_i_Passwords,1509777,Exception_Handling_Failure,1,1,0,1,1,4076397900.0000005,264210974.99999997,4340608875.0,65.0,85.0
APP_NLIU_2684,Rule_3_ii_Financial_Data,49845,XSS,0,0,1,0,0,109659000.00000001,24922500.0,134581500.0,0.0,0.0
APP_NLIU_2685,Rule_3_ii_Financial_Data,1987010,SQL_Injection,0,1,1,1,1,5961030000.0,596103000.0,6557133000.0,40.0,60.0
APP_NLIU_2686,Rule_3_i_Passwords,1307835,,1,1,1,1,0,2615670000.0,130783499.99999997,2746453500.0,80.0,80.0
APP_NLIU_2687,Rule_3_i_Passwords,1950861,,0,1,0,1,0,3901722000.0,731572875.0,4633294875.0,25.0,25.0
APP_NLIU_2688,Rule_3_ii_Financial_Data,1161993,CSRF,1,0,1,1,1,2788783200.0,261448424.99999997,3050231625.0,55.00000000000001,75.0
APP_NLIU_2689,Rule_3_ii_Financial_Data,118436,CSRF,1,1,1,0,1,284246400.0,20726300.0,304972700.0,65.0,85.0
APP_NLIU_2690,Rule_3_ii_Financial_Data,1291774,,1,1,1,1,1,2583548000.0,129177399.99999997,2712725400.0,80.0,100.0
APP_NLIU_2691,Rule_3_iii_v_Health_Medical_Records,1336879,SQL_Injection,1,1,0,1,1,4010637000.0,233953825.0,4244590825.0,65.0,85.0
APP_NLIU_2692,Rule_3_iii_v_Health_Medical_Records,493288,,1,1,0,1,1,986576000.0,86325400.0,1072901400.0,65.0,85.0
APP_NLIU_2693,Rule_3_i_Passwords,94788,CSRF,0,1,1,1,1,227491200.0,28436400.0,255927600.0,40.0,60.0
APP_NLIU_2694,Rule_3_ii_Financial_Data,1601867,XSS,1,1,0,1,1,3524107400.0000005,280326725.0,3804434125.0000005,65.0,85.0
APP_NLIU_2695,Multi_Category_SPDI,635010,,1,0,0,1,1,1270020000.0,190503000.0,1460523000.0,40.0,60.0
APP_NLIU_2696,Rule_3_iii_v_Health_Medical_Records,1875147,Exception_Handling_Failure,0,1,0,1,0,5062896900.0,703180125.0,5766077025.0,25.0,25.0
APP_NLIU_2697,Rule_3_iii_v_Health_Medical_Records,1290020,XSS,1,1,1,1,1,2838044000.0,129001999.99999997,2967046000.0,80.0,100.0
APP_NLIU_2698,Rule_3_ii_Financial_Data,843884,Exception_Handling_Failure,0,0,0,1,0,2278486800.0,421942000.0,2700428800.0,0.0,0.0
APP_NLIU_2699,Rule_3_vi_Biometric_Information,1075781,CSRF,0,1,0,1,1,2581874400.0,403417875.0,2985292275.0,25.0,45.0
APP_NLIU_2700,Rule_3_vi_Biometric_Information,1804995,CSRF,0,1,1,1,0,4331988000.0,541498500.0,4873486500.0,40.0,40.0
APP_NLIU_2701,Rule_3_iii_v_Health_Medical_Records,1634819,,1,1,0,1,1,3269638000.0,286093325.0,3555731325.0,65.0,85.0
APP_NLIU_2702,Multi_Category_SPDI,1819099,,0,1,1,1,1,3638198000.0,545729700.0,4183927700.0,40.0,60.0
APP_NLIU_2703,Rule_3_i_Passwords,274608,Exception_Handling_Failure,1,1,1,1,0,741441600.0,27460799.999999993,768902400.0,80.0,80.0
APP_NLIU_2704,Rule_3_i_Passwords,1791582,CSRF,1,1,1,1,1,4299796800.0,179158199.99999997,4478955000.0,80.0,100.0
APP_NLIU_2705,Rule_3_vi_Biometric_Information,1034356,SQL_Injection,0,0,1,1,0,3103068000.0,439601300.0,3542669300.0,15.0,15.0
APP_NLIU_2706,Rule_3_vi_Biometric_Information,208729,SQL_Injection,1,1,1,0,0,626187000.0,36527575.0,662714575.0,65.0,65.0
APP_NLIU_2707,Rule_3_i_Passwords,276984,XSS,0,1,1,1,1,609364800.0,83095200.0,692460000.0,40.0,60.0
APP_NLIU_2708,Rule_3_ii_Financial_Data,500832,,1,1,1,1,0,1001664000.0,50083199.99999999,1051747200.0,80.0,80.0
APP_NLIU_2709,Rule_3_i_Passwords,307912,XSS,1,1,1,1,1,677406400.0,30791199.999999993,708197600.0,80.0,100.0
APP_NLIU_2710,Rule_3_ii_Financial_Data,1980541,,0,0,1,1,0,3961082000.0,841729925.0,4802811925.0,15.0,15.0
APP_NLIU_2711,Rule_3_vi_Biometric_Information,812359,SQL_Injection,0,1,1,1,1,2437077000.0,243707700.0,2680784700.0,40.0,60.0
APP_NLIU_2712,Rule_3_iii_v_Health_Medical_Records,1012438,CSRF,0,1,1,1,1,2429851200.0,303731400.0,2733582600.0,40.0,60.0
APP_NLIU_2713,Rule_3_ii_Financial_Data,1938630,SSRF,0,0,1,0,1,5428164000.0,969315000.0,6397479000.0,0.0,20.0
APP_NLIU_2714,Rule_3_ii_Financial_Data,1068905,XSS,0,1,1,1,1,2351591000.0,320671500.0,2672262500.0,40.0,60.0
APP_NLIU_2715,Rule_3_i_Passwords,1069367,SQL_Injection,1,0,0,1,0,3208101000.0,320810100.0,3528911100.0,40.0,40.0
APP_NLIU_2716,Rule_3_ii_Financial_Data,1368347,,0,1,1,1,1,2736694000.0,410504100.0,3147198100.0,40.0,60.0
APP_NLIU_2717,Rule_3_iii_v_Health_Medical_Records,1444605,SSRF,0,0,1,1,1,4044893999.9999995,613957125.0,4658851125.0,15.0,35.0
APP_NLIU_2718,Multi_Category_SPDI,674732,,1,0,0,1,0,1349464000.0,202419600.0,1551883600.0,40.0,40.0
APP_NLIU_2719,Rule_3_vi_Biometric_Information,1036743,XSS,1,0,1,1,1,2280834600.0,233267174.99999997,2514101775.0,55.00000000000001,75.0
APP_NLIU_2720,Rule_3_i_Passwords,1539682,,1,1,1,1,1,3079364000.0,153968199.99999997,3233332200.0,80.0,100.0
APP_NLIU_2721,Multi_Category_SPDI,1757405,XSS,0,1,1,1,1,3866291000.0000005,527221500.0,4393512500.0,40.0,60.0
APP_NLIU_2722,Rule_3_vi_Biometric_Information,376698,,1,0,0,0,0,753396000.0,113009400.0,866405400.0,40.0,40.0
APP_NLIU_2723,Rule_3_vi_Biometric_Information,135436,SQL_Injection,0,1,1,1,0,406308000.0,40630800.0,446938800.0,40.0,40.0
APP_NLIU_2724,Rule_3_ii_Financial_Data,1140649,,1,0,0,1,0,2281298000.0,342194700.0,2623492700.0,40.0,40.0
APP_NLIU_2725,Rule_3_ii_Financial_Data,1303470,,1,0,1,0,0,2606940000.0,391041000.0,2997981000.0,40.0,40.0
APP_NLIU_2726,Rule_3_ii_Financial_Data,301514,SQL_Injection,1,1,0,1,0,904542000.0,52764950.0,957306950.0,65.0,65.0
APP_NLIU_2727,Rule_3_i_Passwords,1104984,SQL_Injection,0,0,1,1,1,3314952000.0,469618200.0,3784570200.0,15.0,35.0
APP_NLIU_2728,Rule_3_ii_Financial_Data,1406661,XSS,1,1,1,0,0,3094654200.0000005,246165674.99999997,3340819875.0000005,65.0,65.0
APP_NLIU_2729,Rule_3_ii_Financial_Data,421919,,1,1,0,1,1,843838000.0,73835825.0,917673825.0,65.0,85.0
APP_NLIU_2730,Rule_3_ii_Financial_Data,1199882,XSS,1,0,1,1,1,2639740400.0,269973450.0,2909713850.0,55.00000000000001,75.0
APP_NLIU_2731,Rule_3_iii_v_Health_Medical_Records,143604,XSS,1,1,1,0,0,315928800.0,25130700.0,341059500.0,65.0,65.0
APP_NLIU_2732,Rule_3_ii_Financial_Data,302560,SQL_Injection,1,1,1,0,0,907680000.0,52948000.0,960628000.0,65.0,65.0
APP_NLIU_2733,Rule_3_i_Passwords,1126015,SQL_Injection,1,1,1,0,1,3378045000.0,197052625.0,3575097625.0,65.0,85.0
APP_NLIU_2734,Multi_Category_SPDI,547530,,1,0,1,1,1,1095060000.0,123194249.99999999,1218254250.0,55.00000000000001,75.0
APP_NLIU_2735,Multi_Category_SPDI,710614,SQL_Injection,1,1,0,1,1,2131842000.0,124357449.99999999,2256199450.0,65.0,85.0
APP_NLIU_2736,Rule_3_vi_Biometric_Information,1919332,Exception_Handling_Failure,0,1,1,1,1,5182196400.0,575799600.0,5757996000.0,40.0,60.0
APP_NLIU_2737,Multi_Category_SPDI,826681,,1,0,1,1,0,1653362000.0,186003224.99999997,1839365225.0,55.00000000000001,55.00000000000001
APP_NLIU_2738,Rule_3_iii_v_Health_Medical_Records,1940132,SSRF,0,1,1,1,1,5432369600.0,582039600.0,6014409200.0,40.0,60.0
APP_NLIU_2739,Multi_Category_SPDI,886481,Exception_Handling_Failure,1,0,1,1,1,2393498700.0,199458224.99999997,2592956925.0,55.00000000000001,75.0
APP_NLIU_2740,Rule_3_i_Passwords,1293223,SQL_Injection,0,1,0,1,0,3879669000.0,484958625.0,4364627625.0,25.0,25.0
APP_NLIU_2741,Rule_3_ii_Financial_Data,876510,Exception_Handling_Failure,1,1,1,1,1,2366577000.0,87650999.99999999,2454228000.0,80.0,100.0
APP_NLIU_2742,Rule_3_ii_Financial_Data,299438,SSRF,1,0,1,1,0,838426400.0,67373550.0,905799950.0,55.00000000000001,55.00000000000001
APP_NLIU_2743,Rule_3_i_Passwords,1768720,,0,0,1,1,1,3537440000.0,751706000.0,4289146000.0,15.0,35.0
APP_NLIU_2744,Rule_3_i_Passwords,401900,CSRF,1,1,1,1,1,964560000.0,40189999.99999999,1004750000.0,80.0,100.0
APP_NLIU_2745,Rule_3_iii_v_Health_Medical_Records,422011,XSS,1,1,1,1,1,928424200.0000001,42201099.99999999,970625300.0000001,80.0,100.0
APP_NLIU_2746,Rule_3_vi_Biometric_Information,522351,XSS,1,1,1,1,1,1149172200.0,52235099.999999985,1201407300.0,80.0,100.0
APP_NLIU_2747,Rule_3_iii_v_Health_Medical_Records,720661,SSRF,1,1,1,1,1,2017850799.9999998,72066099.99999999,2089916899.9999998,80.0,100.0
APP_NLIU_2748,Rule_3_i_Passwords,467403,,1,0,1,0,1,934806000.0,140220900.0,1075026900.0,40.0,60.0
APP_NLIU_2749,Rule_3_vi_Biometric_Information,146503,CSRF,0,1,1,1,1,351607200.0,43950900.0,395558100.0,40.0,60.0
APP_NLIU_2750,Rule_3_iii_v_Health_Medical_Records,1522459,Exception_Handling_Failure,1,0,1,1,1,4110639300.0000005,342553274.99999994,4453192575.0,55.00000000000001,75.0
APP_NLIU_2751,Rule_3_ii_Financial_Data,356771,SSRF,1,1,0,1,0,998958799.9999999,62434924.99999999,1061393724.9999999,65.0,65.0
APP_NLIU_2752,Rule_3_iii_v_Health_Medical_Records,95381,Exception_Handling_Failure,1,1,1,1,1,257528700.00000003,9538099.999999998,267066800.00000003,80.0,100.0
APP_NLIU_2753,Rule_3_ii_Financial_Data,357171,SQL_Injection,1,0,1,0,0,1071513000.0,107151300.0,1178664300.0,40.0,40.0
APP_NLIU_2754,Rule_3_ii_Financial_Data,1306217,XSS,1,0,0,0,0,2873677400.0,391865100.0,3265542500.0,40.0,40.0
APP_NLIU_2755,Multi_Category_SPDI,1764308,SSRF,1,0,1,1,0,4940062400.0,396969299.99999994,5337031700.0,55.00000000000001,55.00000000000001
APP_NLIU_2756,Rule_3_ii_Financial_Data,861798,,1,0,1,0,1,1723596000.0,258539400.0,1982135400.0,40.0,60.0
APP_NLIU_2757,Rule_3_ii_Financial_Data,99176,CSRF,1,1,1,1,1,238022400.0,9917599.999999998,247940000.0,80.0,100.0
APP_NLIU_2758,Multi_Category_SPDI,1697531,,0,1,1,1,1,3395062000.0,509259300.0,3904321300.0,40.0,60.0
APP_NLIU_2759,Rule_3_iii_v_Health_Medical_Records,340014,,1,1,1,1,1,680028000.0,34001399.99999999,714029400.0,80.0,100.0
APP_NLIU_2760,Rule_3_i_Passwords,576675,SSRF,1,1,1,1,0,1614690000.0,57667499.999999985,1672357500.0,80.0,80.0
APP_NLIU_2761,Rule_3_i_Passwords,1761863,Exception_Handling_Failure,1,1,1,1,1,4757030100.0,176186299.99999997,4933216400.0,80.0,100.0
APP_NLIU_2762,Rule_3_i_Passwords,800736,SQL_Injection,0,1,1,1,1,2402208000.0,240220800.0,2642428800.0,40.0,60.0
APP_NLIU_2763,Rule_3_iii_v_Health_Medical_Records,1559975,CSRF,0,0,1,1,1,3743940000.0,662989375.0,4406929375.0,15.0,35.0
APP_NLIU_2764,Rule_3_ii_Financial_Data,1857040,,1,0,0,1,0,3714080000.0,557112000.0,4271192000.0,40.0,40.0
APP_NLIU_2765,Rule_3_i_Passwords,96291,Exception_Handling_Failure,0,1,1,1,0,259985700.00000003,28887300.0,288873000.0,40.0,40.0
APP_NLIU_2766,Multi_Category_SPDI,904321,Exception_Handling_Failure,0,1,1,1,1,2441666700.0,271296300.0,2712963000.0,40.0,60.0
APP_NLIU_2767,Rule_3_iii_v_Health_Medical_Records,1113062,CSRF,1,0,1,0,1,2671348800.0,333918600.0,3005267400.0,40.0,60.0
APP_NLIU_2768,Rule_3_ii_Financial_Data,1643416,CSRF,1,0,1,1,1,3944198400.0,369768599.99999994,4313967000.0,55.00000000000001,75.0
APP_NLIU_2769,Rule_3_iii_v_Health_Medical_Records,996348,SQL_Injection,1,1,1,1,0,2989044000.0,99634799.99999999,3088678800.0,80.0,80.0
APP_NLIU_2770,Rule_3_iii_v_Health_Medical_Records,427870,,0,1,1,1,1,855740000.0,128361000.0,984101000.0,40.0,60.0
APP_NLIU_2771,Rule_3_i_Passwords,1092820,XSS,0,1,1,1,1,2404204000.0,327846000.0,2732050000.0,40.0,60.0
APP_NLIU_2772,Rule_3_ii_Financial_Data,1452734,,1,0,1,1,0,2905468000.0,326865149.99999994,3232333150.0,55.00000000000001,55.00000000000001
APP_NLIU_2773,Rule_3_vi_Biometric_Information,55697,SSRF,1,1,0,1,1,155951600.0,9746975.0,165698575.0,65.0,85.0
APP_NLIU_2774,Rule_3_ii_Financial_Data,1966039,CSRF,1,1,1,0,1,4718493600.0,344056825.0,5062550425.0,65.0,85.0
APP_NLIU_2775,Rule_3_iii_v_Health_Medical_Records,1842701,CSRF,0,0,1,1,1,4422482400.0,783147925.0,5205630325.0,15.0,35.0
APP_NLIU_2776,Rule_3_ii_Financial_Data,717111,SQL_Injection,1,1,1,1,0,2151333000.0,71711099.99999999,2223044100.0,80.0,80.0
APP_NLIU_2777,Rule_3_i_Passwords,1134674,CSRF,1,0,1,1,0,2723217600.0,255301649.99999997,2978519250.0,55.00000000000001,55.00000000000001
APP_NLIU_2778,Rule_3_i_Passwords,1584123,,0,1,0,1,0,3168246000.0,594046125.0,3762292125.0,25.0,25.0
APP_NLIU_2779,Rule_3_ii_Financial_Data,649034,,1,1,1,0,0,1298068000.0,113580950.0,1411648950.0,65.0,65.0
APP_NLIU_2780,Rule_3_ii_Financial_Data,512099,XSS,1,1,0,0,1,1126617800.0,89617325.0,1216235125.0,65.0,85.0
APP_NLIU_2781,Rule_3_i_Passwords,112772,XSS,0,1,0,1,1,248098400.00000003,42289500.0,290387900.0,25.0,45.0
APP_NLIU_2782,Rule_3_vi_Biometric_Information,122928,SQL_Injection,0,0,1,1,1,368784000.0,52244400.0,421028400.0,15.0,35.0
APP_NLIU_2783,Multi_Category_SPDI,1976022,,1,1,1,0,1,3952044000.0,345803850.0,4297847850.0,65.0,85.0
APP_NLIU_2784,Rule_3_vi_Biometric_Information,1100995,SQL_Injection,0,1,0,1,1,3302985000.0,412873125.0,3715858125.0,25.0,45.0
APP_NLIU_2785,Multi_Category_SPDI,1417812,,0,1,1,1,1,2835624000.0,425343600.0,3260967600.0,40.0,60.0
APP_NLIU_2786,Rule_3_ii_Financial_Data,1371825,XSS,0,0,1,0,0,3018015000.0000005,685912500.0,3703927500.0000005,0.0,0.0
APP_NLIU_2787,Multi_Category_SPDI,201979,CSRF,0,1,0,1,0,484749600.0,75742125.0,560491725.0,25.0,25.0
APP_NLIU_2788,Rule_3_i_Passwords,1736319,,1,1,1,1,0,3472638000.0,173631899.99999997,3646269900.0,80.0,80.0
APP_NLIU_2789,Multi_Category_SPDI,28404,SQL_Injection,0,1,1,1,1,85212000.0,8521200.0,93733200.0,40.0,60.0
APP_NLIU_2790,Multi_Category_SPDI,864088,XSS,0,1,1,1,1,1900993600.0000002,259226400.0,2160220000.0,40.0,60.0
APP_NLIU_2791,Rule_3_iii_v_Health_Medical_Records,141774,XSS,1,1,1,1,1,311902800.0,14177399.999999996,326080200.0,80.0,100.0
APP_NLIU_2792,Multi_Category_SPDI,1520675,SSRF,1,1,1,1,1,4257889999.9999995,152067499.99999997,4409957499.999999,80.0,100.0
APP_NLIU_2793,Rule_3_iii_v_Health_Medical_Records,105965,XSS,1,0,1,0,1,233123000.00000003,31789500.0,264912500.00000003,40.0,60.0
APP_NLIU_2794,Rule_3_ii_Financial_Data,1634196,Exception_Handling_Failure,0,1,1,1,1,4412329200.0,490258800.0,4902588000.0,40.0,60.0
APP_NLIU_2795,Rule_3_ii_Financial_Data,1224067,,1,1,1,1,0,2448134000.0,122406699.99999997,2570540700.0,80.0,80.0
APP_NLIU_2796,Rule_3_iii_v_Health_Medical_Records,1799512,SQL_Injection,0,1,1,1,0,5398536000.0,539853600.0,5938389600.0,40.0,40.0
APP_NLIU_2797,Rule_3_i_Passwords,1681046,,0,1,1,1,1,3362092000.0,504313800.0,3866405800.0,40.0,60.0
APP_NLIU_2798,Rule_3_iii_v_Health_Medical_Records,1427115,SSRF,1,1,1,1,0,3995921999.9999995,142711499.99999997,4138633499.9999995,80.0,80.0
APP_NLIU_2799,Multi_Category_SPDI,1942627,SSRF,1,1,1,1,1,5439355600.0,194262699.99999997,5633618300.0,80.0,100.0
APP_NLIU_2800,Rule_3_i_Passwords,1534870,CSRF,1,1,1,1,1,3683688000.0,153486999.99999997,3837175000.0,80.0,100.0
APP_NLIU_2801,Rule_3_vi_Biometric_Information,113269,SQL_Injection,0,0,1,1,1,339807000.0,48139325.0,387946325.0,15.0,35.0
APP_NLIU_2802,Multi_Category_SPDI,865276,SQL_Injection,1,1,0,1,1,2595828000.0,151423300.0,2747251300.0,65.0,85.0
APP_NLIU_2803,Multi_Category_SPDI,437458,,0,1,1,1,1,874916000.0,131237400.0,1006153400.0,40.0,60.0
APP_NLIU_2804,Multi_Category_SPDI,916415,CSRF,1,1,1,1,1,2199396000.0,91641499.99999999,2291037500.0,80.0,100.0
APP_NLIU_2805,Rule_3_iii_v_Health_Medical_Records,39142,SQL_Injection,1,1,1,1,1,117426000.0,3914199.999999999,121340200.0,80.0,100.0
APP_NLIU_2806,Multi_Category_SPDI,114699,SQL_Injection,1,1,1,1,0,344097000.0,11469899.999999998,355566900.0,80.0,80.0
APP_NLIU_2807,Rule_3_vi_Biometric_Information,1674090,,1,1,1,1,1,3348180000.0,167408999.99999997,3515589000.0,80.0,100.0
APP_NLIU_2808,Rule_3_i_Passwords,1323113,,1,1,1,1,0,2646226000.0,132311299.99999997,2778537300.0,80.0,80.0
APP_NLIU_2809,Rule_3_ii_Financial_Data,730299,CSRF,1,1,1,0,0,1752717600.0,127802324.99999999,1880519925.0,65.0,65.0
APP_NLIU_2810,Rule_3_iii_v_Health_Medical_Records,729442,SQL_Injection,1,1,0,1,1,2188326000.0,127652349.99999999,2315978350.0,65.0,85.0
APP_NLIU_2811,Rule_3_ii_Financial_Data,107281,SSRF,1,1,1,1,0,300386800.0,10728099.999999998,311114900.0,80.0,80.0
APP_NLIU_2812,Rule_3_iii_v_Health_Medical_Records,1475685,SQL_Injection,1,0,0,1,1,4427055000.0,442705500.0,4869760500.0,40.0,60.0
APP_NLIU_2813,Rule_3_iii_v_Health_Medical_Records,1587252,SQL_Injection,1,1,1,1,0,4761756000.0,158725199.99999997,4920481200.0,80.0,80.0
APP_NLIU_2814,Rule_3_i_Passwords,1564891,XSS,1,1,1,1,1,3442760200.0000005,156489099.99999997,3599249300.0000005,80.0,100.0
APP_NLIU_2815,Rule_3_iii_v_Health_Medical_Records,505508,SSRF,0,0,1,0,0,1415422400.0,252754000.0,1668176400.0,0.0,0.0
APP_NLIU_2816,Rule_3_vi_Biometric_Information,1116545,XSS,0,0,1,1,1,2456399000.0,474531625.0,2930930625.0,15.0,35.0
APP_NLIU_2817,Rule_3_ii_Financial_Data,1614524,CSRF,1,0,1,1,0,3874857600.0,363267899.99999994,4238125500.0,55.00000000000001,55.00000000000001
APP_NLIU_2818,Rule_3_i_Passwords,94244,,1,1,1,1,0,188488000.0,9424399.999999998,197912400.0,80.0,80.0
APP_NLIU_2819,Rule_3_i_Passwords,947230,,0,1,1,1,1,1894460000.0,284169000.0,2178629000.0,40.0,60.0
APP_NLIU_2820,Rule_3_ii_Financial_Data,1657408,XSS,0,0,1,1,1,3646297600.0000005,704398400.0,4350696000.0,15.0,35.0
APP_NLIU_2821,Multi_Category_SPDI,761913,CSRF,1,1,1,1,1,1828591200.0,76191299.99999999,1904782500.0,80.0,100.0
APP_NLIU_2822,Rule_3_ii_Financial_Data,199068,CSRF,1,0,1,1,0,477763200.0,44790299.99999999,522553500.0,55.00000000000001,55.00000000000001
APP_NLIU_2823,Rule_3_iii_v_Health_Medical_Records,1446903,XSS,1,0,1,1,1,3183186600.0000005,325553174.99999994,3508739775.0000005,55.00000000000001,75.0
APP_NLIU_2824,Rule_3_ii_Financial_Data,1693234,,0,1,0,0,1,3386468000.0,634962750.0,4021430750.0,25.0,45.0
APP_NLIU_2825,Rule_3_ii_Financial_Data,546833,XSS,1,1,0,0,1,1203032600.0,95695775.0,1298728375.0,65.0,85.0
APP_NLIU_2826,Rule_3_vi_Biometric_Information,662739,,0,1,0,1,1,1325478000.0,248527125.0,1574005125.0,25.0,45.0
APP_NLIU_2827,Rule_3_iii_v_Health_Medical_Records,1280421,,0,1,1,1,1,2560842000.0,384126300.0,2944968300.0,40.0,60.0
APP_NLIU_2828,Rule_3_i_Passwords,509700,CSRF,0,1,1,1,1,1223280000.0,152910000.0,1376190000.0,40.0,60.0
APP_NLIU_2829,Rule_3_ii_Financial_Data,1927354,XSS,1,1,1,1,1,4240178800.0000005,192735399.99999997,4432914200.0,80.0,100.0
APP_NLIU_2830,Rule_3_i_Passwords,701480,SQL_Injection,1,1,1,1,1,2104440000.0,70147999.99999999,2174588000.0,80.0,100.0
APP_NLIU_2831,Rule_3_ii_Financial_Data,1333529,SSRF,1,0,1,1,1,3733881200.0,300044025.0,4033925225.0,55.00000000000001,75.0
APP_NLIU_2832,Rule_3_iii_v_Health_Medical_Records,975317,XSS,1,1,1,1,1,2145697400.0000002,97531699.99999999,2243229100.0,80.0,100.0
APP_NLIU_2833,Rule_3_i_Passwords,472221,SSRF,1,1,1,0,0,1322218800.0,82638675.0,1404857475.0,65.0,65.0
APP_NLIU_2834,Rule_3_ii_Financial_Data,1343687,,1,1,1,1,1,2687374000.0,134368699.99999997,2821742700.0,80.0,100.0
APP_NLIU_2835,Rule_3_ii_Financial_Data,932252,SSRF,1,1,0,1,1,2610305600.0,163144100.0,2773449700.0,65.0,85.0
APP_NLIU_2836,Multi_Category_SPDI,1077000,XSS,1,1,1,1,0,2369400000.0,107699999.99999997,2477100000.0,80.0,80.0
APP_NLIU_2837,Multi_Category_SPDI,946418,Exception_Handling_Failure,1,0,1,1,1,2555328600.0,212944049.99999997,2768272650.0,55.00000000000001,75.0
APP_NLIU_2838,Rule_3_i_Passwords,755963,Exception_Handling_Failure,1,1,1,0,1,2041100100.0000002,132293524.99999999,2173393625.0,65.0,85.0
APP_NLIU_2839,Rule_3_vi_Biometric_Information,1948419,CSRF,1,1,1,1,1,4676205600.0,194841899.99999997,4871047500.0,80.0,100.0
APP_NLIU_2840,Rule_3_ii_Financial_Data,1787414,,1,0,1,1,0,3574828000.0,402168149.99999994,3976996150.0,55.00000000000001,55.00000000000001
APP_NLIU_2841,Rule_3_ii_Financial_Data,417707,XSS,1,1,1,1,1,918955400.0000001,41770699.99999999,960726100.0000001,80.0,100.0
APP_NLIU_2842,Rule_3_vi_Biometric_Information,1234102,XSS,0,1,1,1,1,2715024400.0,370230600.0,3085255000.0,40.0,60.0
APP_NLIU_2843,Multi_Category_SPDI,337213,SQL_Injection,1,0,0,1,0,1011639000.0,101163900.0,1112802900.0,40.0,40.0
APP_NLIU_2844,Multi_Category_SPDI,1236573,XSS,1,1,1,0,1,2720460600.0,216400275.0,2936860875.0,65.0,85.0
APP_NLIU_2845,Rule_3_iii_v_Health_Medical_Records,880551,,0,1,1,1,1,1761102000.0,264165300.0,2025267300.0,40.0,60.0
APP_NLIU_2846,Rule_3_ii_Financial_Data,1614913,Exception_Handling_Failure,1,1,1,1,1,4360265100.0,161491299.99999997,4521756400.0,80.0,100.0
APP_NLIU_2847,Rule_3_vi_Biometric_Information,294965,,0,1,0,0,1,589930000.0,110611875.0,700541875.0,25.0,45.0
APP_NLIU_2848,Rule_3_ii_Financial_Data,887229,XSS,1,0,1,1,1,1951903800.0000002,199626524.99999997,2151530325.0,55.00000000000001,75.0
APP_NLIU_2849,Rule_3_iii_v_Health_Medical_Records,1025576,SQL_Injection,1,1,1,0,0,3076728000.0,179475800.0,3256203800.0,65.0,65.0
APP_NLIU_2850,Rule_3_ii_Financial_Data,690305,SQL_Injection,1,1,0,1,0,2070915000.0,120803374.99999999,2191718375.0,65.0,65.0
APP_NLIU_2851,Rule_3_iii_v_Health_Medical_Records,939888,CSRF,0,1,1,1,1,2255731200.0,281966400.0,2537697600.0,40.0,60.0
APP_NLIU_2852,Rule_3_ii_Financial_Data,1475202,Exception_Handling_Failure,1,1,1,1,0,3983045400.0000005,147520199.99999997,4130565600.0000005,80.0,80.0
APP_NLIU_2853,Rule_3_i_Passwords,1131310,,0,0,1,1,1,2262620000.0,480806750.0,2743426750.0,15.0,35.0
APP_NLIU_2854,Multi_Category_SPDI,461982,CSRF,0,1,0,1,0,1108756800.0,173243250.0,1282000050.0,25.0,25.0
APP_NLIU_2855,Rule_3_i_Passwords,230962,XSS,0,0,1,1,1,508116400.00000006,98158850.0,606275250.0,15.0,35.0
APP_NLIU_2856,Rule_3_iii_v_Health_Medical_Records,514622,XSS,0,0,0,0,0,1132168400.0,257311000.0,1389479400.0,0.0,0.0
APP_NLIU_2857,Rule_3_ii_Financial_Data,405385,XSS,0,0,1,1,1,891847000.0000001,172288625.0,1064135625.0000001,15.0,35.0
APP_NLIU_2858,Rule_3_i_Passwords,1413165,SSRF,1,1,1,1,1,3956861999.9999995,141316499.99999997,4098178499.9999995,80.0,100.0
APP_NLIU_2859,Rule_3_i_Passwords,533118,SQL_Injection,1,1,0,1,1,1599354000.0,93295650.0,1692649650.0,65.0,85.0
APP_NLIU_2860,Rule_3_i_Passwords,978810,SSRF,1,1,1,1,1,2740668000.0,97880999.99999999,2838549000.0,80.0,100.0
APP_NLIU_2861,Multi_Category_SPDI,1926948,SQL_Injection,1,1,1,1,1,5780844000.0,192694799.99999997,5973538800.0,80.0,100.0
APP_NLIU_2862,Rule_3_ii_Financial_Data,1249915,SSRF,1,1,1,1,1,3499762000.0,124991499.99999997,3624753500.0,80.0,100.0
APP_NLIU_2863,Multi_Category_SPDI,1212405,SQL_Injection,1,0,1,1,0,3637215000.0,272791125.0,3910006125.0,55.00000000000001,55.00000000000001
APP_NLIU_2864,Rule_3_iii_v_Health_Medical_Records,1117443,Exception_Handling_Failure,1,1,1,0,1,3017096100.0,195552525.0,3212648625.0,65.0,85.0
APP_NLIU_2865,Rule_3_ii_Financial_Data,958154,CSRF,1,1,0,1,1,2299569600.0,167676950.0,2467246550.0,65.0,85.0
APP_NLIU_2866,Rule_3_iii_v_Health_Medical_Records,694126,,0,0,0,1,1,1388252000.0,347063000.0,1735315000.0,0.0,20.0
APP_NLIU_2867,Rule_3_iii_v_Health_Medical_Records,1003982,SSRF,0,1,1,1,1,2811149600.0,301194600.0,3112344200.0,40.0,60.0
APP_NLIU_2868,Rule_3_vi_Biometric_Information,1872427,CSRF,1,1,0,1,0,4493824800.0,327674725.0,4821499525.0,65.0,65.0
APP_NLIU_2869,Rule_3_ii_Financial_Data,808100,CSRF,1,1,0,1,0,1939440000.0,141417500.0,2080857500.0,65.0,65.0
APP_NLIU_2870,Rule_3_ii_Financial_Data,1463038,SQL_Injection,1,1,1,1,0,4389114000.0,146303799.99999997,4535417800.0,80.0,80.0
APP_NLIU_2871,Multi_Category_SPDI,1078572,,0,1,0,1,1,2157144000.0,404464500.0,2561608500.0,25.0,45.0
APP_NLIU_2872,Multi_Category_SPDI,318456,SQL_Injection,0,0,0,1,1,955368000.0,159228000.0,1114596000.0,0.0,20.0
APP_NLIU_2873,Multi_Category_SPDI,1712001,,1,0,1,1,0,3424002000.0,385200224.99999994,3809202225.0,55.00000000000001,55.00000000000001
APP_NLIU_2874,Rule_3_ii_Financial_Data,1326187,,1,1,0,1,0,2652374000.0,232082725.0,2884456725.0,65.0,65.0
APP_NLIU_2875,Rule_3_vi_Biometric_Information,973150,XSS,1,0,1,1,0,2140930000.0000002,218958749.99999997,2359888750.0,55.00000000000001,55.00000000000001
APP_NLIU_2876,Rule_3_ii_Financial_Data,1295028,XSS,1,1,0,1,1,2849061600.0,226629900.0,3075691500.0,65.0,85.0
APP_NLIU_2877,Rule_3_ii_Financial_Data,1729943,Exception_Handling_Failure,0,1,1,1,0,4670846100.0,518982900.0,5189829000.0,40.0,40.0
APP_NLIU_2878,Rule_3_ii_Financial_Data,1777015,CSRF,1,1,1,0,1,4264836000.0,310977625.0,4575813625.0,65.0,85.0
APP_NLIU_2879,Rule_3_iii_v_Health_Medical_Records,1344422,Exception_Handling_Failure,1,0,1,1,0,3629939400.0000005,302494949.99999994,3932434350.0000005,55.00000000000001,55.00000000000001
APP_NLIU_2880,Rule_3_i_Passwords,623657,SQL_Injection,1,0,0,1,1,1870971000.0,187097100.0,2058068100.0,40.0,60.0
APP_NLIU_2881,Rule_3_ii_Financial_Data,604857,SQL_Injection,0,1,1,0,0,1814571000.0,226821375.0,2041392375.0,25.0,25.0
APP_NLIU_2882,Multi_Category_SPDI,321096,XSS,1,1,1,0,0,706411200.0,56191800.0,762603000.0,65.0,65.0
APP_NLIU_2883,Rule_3_ii_Financial_Data,980569,XSS,1,1,0,1,1,2157251800.0,171599575.0,2328851375.0,65.0,85.0
APP_NLIU_2884,Rule_3_i_Passwords,563457,,0,1,0,1,1,1126914000.0,211296375.0,1338210375.0,25.0,45.0
APP_NLIU_2885,Rule_3_i_Passwords,1070405,SQL_Injection,1,1,1,1,1,3211215000.0,107040499.99999997,3318255500.0,80.0,100.0
APP_NLIU_2886,Multi_Category_SPDI,982639,,1,1,1,1,0,1965278000.0,98263899.99999999,2063541900.0,80.0,80.0
APP_NLIU_2887,Rule_3_iii_v_Health_Medical_Records,9522,SSRF,0,0,1,1,1,26661600.0,4046850.0,30708450.0,15.0,35.0
APP_NLIU_2888,Rule_3_ii_Financial_Data,1925695,CSRF,1,1,1,1,0,4621668000.0,192569499.99999997,4814237500.0,80.0,80.0
APP_NLIU_2889,Rule_3_vi_Biometric_Information,1482111,CSRF,0,1,0,1,1,3557066400.0,555791625.0,4112858025.0,25.0,45.0
APP_NLIU_2890,Rule_3_vi_Biometric_Information,1436054,XSS,1,1,1,1,0,3159318800.0000005,143605399.99999997,3302924200.0000005,80.0,80.0
APP_NLIU_2891,Rule_3_ii_Financial_Data,1997623,SSRF,1,0,1,0,0,5593344400.0,599286900.0,6192631300.0,40.0,40.0
APP_NLIU_2892,Rule_3_iii_v_Health_Medical_Records,123576,XSS,1,1,1,1,0,271867200.0,12357599.999999998,284224800.0,80.0,80.0
APP_NLIU_2893,Rule_3_vi_Biometric_Information,1549912,,0,1,0,1,0,3099824000.0,581217000.0,3681041000.0,25.0,25.0
APP_NLIU_2894,Rule_3_iii_v_Health_Medical_Records,908851,XSS,1,1,0,1,1,1999472200.0000002,159048925.0,2158521125.0,65.0,85.0
APP_NLIU_2895,Rule_3_i_Passwords,166545,XSS,1,0,1,1,1,366399000.0,37472625.0,403871625.0,55.00000000000001,75.0
APP_NLIU_2896,Multi_Category_SPDI,799131,,0,1,1,1,1,1598262000.0,239739300.0,1838001300.0,40.0,60.0
APP_NLIU_2897,Rule_3_iii_v_Health_Medical_Records,1121741,,1,1,1,0,0,2243482000.0,196304675.0,2439786675.0,65.0,65.0
APP_NLIU_2898,Rule_3_ii_Financial_Data,1487247,XSS,0,1,1,1,0,3271943400.0000005,446174100.0,3718117500.0000005,40.0,40.0
APP_NLIU_2899,Rule_3_ii_Financial_Data,1653556,CSRF,1,0,1,1,0,3968534400.0,372050099.99999994,4340584500.0,55.00000000000001,55.00000000000001
APP_NLIU_2900,Rule_3_i_Passwords,546729,,1,0,1,1,0,1093458000.0,123014024.99999999,1216472025.0,55.00000000000001,55.00000000000001
APP_NLIU_2901,Rule_3_i_Passwords,35716,XSS,1,0,1,1,0,78575200.0,8036099.999999999,86611300.0,55.00000000000001,55.00000000000001
APP_NLIU_2902,Rule_3_vi_Biometric_Information,1640039,SSRF,1,1,1,1,0,4592109200.0,164003899.99999997,4756113100.0,80.0,80.0
APP_NLIU_2903,Rule_3_i_Passwords,1060410,CSRF,1,1,1,1,1,2544984000.0,106040999.99999997,2651025000.0,80.0,100.0
APP_NLIU_2904,Rule_3_ii_Financial_Data,1570429,,0,0,0,0,1,3140858000.0,785214500.0,3926072500.0,0.0,20.0
APP_NLIU_2905,Rule_3_iii_v_Health_Medical_Records,1315185,SQL_Injection,0,0,0,0,1,3945555000.0,657592500.0,4603147500.0,0.0,20.0
APP_NLIU_2906,Rule_3_i_Passwords,23179,,0,1,1,1,1,46358000.0,6953700.0,53311700.0,40.0,60.0
APP_NLIU_2907,Multi_Category_SPDI,1341939,SQL_Injection,1,1,1,1,1,4025817000.0,134193899.99999997,4160010900.0,80.0,100.0
APP_NLIU_2908,Rule_3_ii_Financial_Data,108153,,1,1,0,0,0,216306000.0,18926775.0,235232775.0,65.0,65.0
APP_NLIU_2909,Rule_3_ii_Financial_Data,1724718,CSRF,1,1,1,1,0,4139323200.0,172471799.99999997,4311795000.0,80.0,80.0
APP_NLIU_2910,Rule_3_ii_Financial_Data,1528155,XSS,0,1,1,1,1,3361941000.0000005,458446500.0,3820387500.0000005,40.0,60.0
APP_NLIU_2911,Rule_3_ii_Financial_Data,1831839,,1,0,1,1,1,3663678000.0,412163774.99999994,4075841775.0,55.00000000000001,75.0
APP_NLIU_2912,Rule_3_i_Passwords,604255,XSS,1,1,1,1,1,1329361000.0,60425499.999999985,1389786500.0,80.0,100.0
APP_NLIU_2913,Rule_3_iii_v_Health_Medical_Records,893886,XSS,1,1,0,1,1,1966549200.0000002,156430050.0,2122979250.0000002,65.0,85.0
APP_NLIU_2914,Multi_Category_SPDI,1032097,SQL_Injection,1,0,0,1,1,3096291000.0,309629100.0,3405920100.0,40.0,60.0
APP_NLIU_2915,Rule_3_ii_Financial_Data,1587360,SQL_Injection,1,1,1,1,1,4762080000.0,158735999.99999997,4920816000.0,80.0,100.0
APP_NLIU_2916,Rule_3_iii_v_Health_Medical_Records,1797803,SSRF,1,1,1,1,1,5033848400.0,179780299.99999997,5213628700.0,80.0,100.0
APP_NLIU_2917,Rule_3_iii_v_Health_Medical_Records,1748174,Exception_Handling_Failure,1,0,1,1,0,4720069800.0,393339149.99999994,5113408950.0,55.00000000000001,55.00000000000001
APP_NLIU_2918,Rule_3_vi_Biometric_Information,51025,SQL_Injection,1,0,0,1,1,153075000.0,15307500.0,168382500.0,40.0,60.0
APP_NLIU_2919,Rule_3_ii_Financial_Data,1313857,SQL_Injection,0,1,1,1,1,3941571000.0,394157100.0,4335728100.0,40.0,60.0
APP_NLIU_2920,Rule_3_ii_Financial_Data,1375606,XSS,0,1,1,1,1,3026333200.0000005,412681800.0,3439015000.0000005,40.0,60.0
APP_NLIU_2921,Rule_3_ii_Financial_Data,1470355,Exception_Handling_Failure,1,1,1,0,0,3969958500.0000005,257312124.99999997,4227270625.0000005,65.0,65.0
APP_NLIU_2922,Rule_3_iii_v_Health_Medical_Records,1843720,,1,1,1,1,1,3687440000.0,184371999.99999997,3871812000.0,80.0,100.0
APP_NLIU_2923,Rule_3_vi_Biometric_Information,1409787,SSRF,1,1,1,1,0,3947403599.9999995,140978699.99999997,4088382299.9999995,80.0,80.0
APP_NLIU_2924,Rule_3_i_Passwords,312633,SQL_Injection,1,0,1,1,1,937899000.0,70342425.0,1008241425.0,55.00000000000001,75.0
APP_NLIU_2925,Rule_3_ii_Financial_Data,37664,,1,0,1,1,1,75328000.0,8474400.0,83802400.0,55.00000000000001,75.0
APP_NLIU_2926,Multi_Category_SPDI,1819735,CSRF,1,0,1,0,0,4367364000.0,545920500.0,4913284500.0,40.0,40.0
APP_NLIU_2927,Rule_3_vi_Biometric_Information,148492,,0,1,1,1,1,296984000.0,44547600.0,341531600.0,40.0,60.0
APP_NLIU_2928,Multi_Category_SPDI,977114,,1,1,1,0,1,1954228000.0,170994950.0,2125222950.0,65.0,85.0
APP_NLIU_2929,Rule_3_vi_Biometric_Information,796747,,1,1,1,1,0,1593494000.0,79674699.99999999,1673168700.0,80.0,80.0
APP_NLIU_2930,Rule_3_ii_Financial_Data,1517709,SSRF,0,1,0,0,0,4249585199.9999995,569140875.0,4818726075.0,25.0,25.0
APP_NLIU_2931,Rule_3_iii_v_Health_Medical_Records,1915041,,0,1,1,0,1,3830082000.0,718140375.0,4548222375.0,25.0,45.0
APP_NLIU_2932,Rule_3_iii_v_Health_Medical_Records,230648,,1,0,1,1,1,461296000.0,51895799.99999999,513191800.0,55.00000000000001,75.0
APP_NLIU_2933,Rule_3_i_Passwords,1695726,XSS,0,1,1,1,0,3730597200.0000005,508717800.0,4239315000.0000005,40.0,40.0
APP_NLIU_2934,Rule_3_iii_v_Health_Medical_Records,496127,CSRF,1,0,0,1,1,1190704800.0,148838100.0,1339542900.0,40.0,60.0
APP_NLIU_2935,Rule_3_iii_v_Health_Medical_Records,608318,CSRF,1,1,1,1,0,1459963200.0,60831799.999999985,1520795000.0,80.0,80.0
APP_NLIU_2936,Rule_3_i_Passwords,68910,SQL_Injection,0,1,1,1,0,206730000.0,20673000.0,227403000.0,40.0,40.0
APP_NLIU_2937,Rule_3_vi_Biometric_Information,757648,XSS,0,0,1,1,0,1666825600.0000002,322000400.0,1988826000.0000002,15.0,15.0
APP_NLIU_2938,Rule_3_iii_v_Health_Medical_Records,983476,XSS,1,1,1,1,0,2163647200.0,98347599.99999999,2261994800.0,80.0,80.0
APP_NLIU_2939,Multi_Category_SPDI,1961083,CSRF,1,0,1,1,1,4706599200.0,441243674.99999994,5147842875.0,55.00000000000001,75.0
APP_NLIU_2940,Rule_3_i_Passwords,1799829,XSS,1,1,1,0,1,3959623800.0000005,314970075.0,4274593875.0000005,65.0,85.0
APP_NLIU_2941,Rule_3_ii_Financial_Data,1371639,CSRF,0,0,1,1,0,3291933600.0,582946575.0,3874880175.0,15.0,15.0
APP_NLIU_2942,Rule_3_iii_v_Health_Medical_Records,741648,Exception_Handling_Failure,1,1,1,0,0,2002449600.0000002,129788399.99999999,2132238000.0000002,65.0,65.0
APP_NLIU_2943,Rule_3_ii_Financial_Data,1549718,,1,1,1,1,1,3099436000.0,154971799.99999997,3254407800.0,80.0,100.0
APP_NLIU_2944,Rule_3_iii_v_Health_Medical_Records,402348,SSRF,1,1,0,1,0,1126574400.0,70410900.0,1196985300.0,65.0,65.0
APP_NLIU_2945,Rule_3_vi_Biometric_Information,394297,CSRF,1,1,1,1,0,946312800.0,39429699.99999999,985742500.0,80.0,80.0
APP_NLIU_2946,Rule_3_i_Passwords,1095174,SQL_Injection,0,0,1,1,0,3285522000.0,465448950.0,3750970950.0,15.0,15.0
APP_NLIU_2947,Rule_3_iii_v_Health_Medical_Records,1540604,Exception_Handling_Failure,1,1,1,0,1,4159630800.0000005,269605700.0,4429236500.0,65.0,85.0
APP_NLIU_2948,Rule_3_iii_v_Health_Medical_Records,503515,,0,1,1,1,0,1007030000.0,151054500.0,1158084500.0,40.0,40.0
APP_NLIU_2949,Rule_3_ii_Financial_Data,943055,,1,1,1,1,1,1886110000.0,94305499.99999999,1980415500.0,80.0,100.0
APP_NLIU_2950,Multi_Category_SPDI,1908214,CSRF,0,1,1,1,1,4579713600.0,572464200.0,5152177800.0,40.0,60.0
APP_NLIU_2951,Rule_3_vi_Biometric_Information,342044,,1,0,1,1,0,684088000.0,76959899.99999999,761047900.0,55.00000000000001,55.00000000000001
APP_NLIU_2952,Rule_3_iii_v_Health_Medical_Records,31296,SQL_Injection,1,1,1,1,0,93888000.0,3129599.9999999995,97017600.0,80.0,80.0
APP_NLIU_2953,Rule_3_iii_v_Health_Medical_Records,1202714,Exception_Handling_Failure,1,1,1,1,1,3247327800.0,120271399.99999997,3367599200.0,80.0,100.0
APP_NLIU_2954,Rule_3_ii_Financial_Data,1213540,SQL_Injection,1,1,1,1,1,3640620000.0,121353999.99999997,3761974000.0,80.0,100.0
APP_NLIU_2955,Multi_Category_SPDI,604865,,1,1,0,1,1,1209730000.0,105851375.0,1315581375.0,65.0,85.0
APP_NLIU_2956,Rule_3_iii_v_Health_Medical_Records,734950,XSS,1,0,0,1,0,1616890000.0000002,220485000.0,1837375000.0000002,40.0,40.0
APP_NLIU_2957,Rule_3_iii_v_Health_Medical_Records,1655037,Exception_Handling_Failure,1,1,1,1,0,4468599900.0,165503699.99999997,4634103600.0,80.0,80.0
APP_NLIU_2958,Multi_Category_SPDI,474509,,0,0,1,1,1,949018000.0,201666325.0,1150684325.0,15.0,35.0
APP_NLIU_2959,Rule_3_ii_Financial_Data,1118347,SSRF,0,1,0,1,0,3131371600.0,419380125.0,3550751725.0,25.0,25.0
APP_NLIU_2960,Rule_3_vi_Biometric_Information,505010,SQL_Injection,1,1,1,1,1,1515030000.0,50500999.999999985,1565531000.0,80.0,100.0
APP_NLIU_2961,Rule_3_i_Passwords,949988,,0,0,1,1,0,1899976000.0,403744900.0,2303720900.0,15.0,15.0
APP_NLIU_2962,Rule_3_ii_Financial_Data,1917873,CSRF,1,1,1,0,1,4602895200.0,335627775.0,4938522975.0,65.0,85.0
APP_NLIU_2963,Rule_3_ii_Financial_Data,104074,SQL_Injection,0,0,0,1,0,312222000.0,52037000.0,364259000.0,0.0,0.0
APP_NLIU_2964,Multi_Category_SPDI,528136,XSS,1,1,1,1,1,1161899200.0,52813599.999999985,1214712800.0,80.0,100.0
APP_NLIU_2965,Multi_Category_SPDI,1473907,XSS,1,1,0,1,1,3242595400.0000005,257933724.99999997,3500529125.0000005,65.0,85.0
APP_NLIU_2966,Rule_3_iii_v_Health_Medical_Records,686398,SQL_Injection,0,1,0,1,0,2059194000.0,257399250.0,2316593250.0,25.0,25.0
APP_NLIU_2967,Rule_3_iii_v_Health_Medical_Records,565910,CSRF,0,1,0,0,0,1358184000.0,212216250.0,1570400250.0,25.0,25.0
APP_NLIU_2968,Rule_3_iii_v_Health_Medical_Records,1351606,SQL_Injection,1,1,1,1,1,4054818000.0,135160599.99999997,4189978600.0,80.0,100.0
APP_NLIU_2969,Multi_Category_SPDI,1194549,XSS,1,0,0,1,1,2628007800.0,358364700.0,2986372500.0,40.0,60.0
APP_NLIU_2970,Rule_3_ii_Financial_Data,847809,,1,1,0,1,1,1695618000.0,148366575.0,1843984575.0,65.0,85.0
APP_NLIU_2971,Rule_3_ii_Financial_Data,87910,,1,0,0,1,0,175820000.0,26373000.0,202193000.0,40.0,40.0
APP_NLIU_2972,Rule_3_i_Passwords,1234510,Exception_Handling_Failure,0,1,1,0,1,3333177000.0,462941250.0,3796118250.0,25.0,45.0
APP_NLIU_2973,Rule_3_vi_Biometric_Information,386136,SSRF,0,1,1,0,0,1081180800.0,144801000.0,1225981800.0,25.0,25.0
APP_NLIU_2974,Rule_3_iii_v_Health_Medical_Records,518271,,0,1,0,1,0,1036542000.0,194351625.0,1230893625.0,25.0,25.0
APP_NLIU_2975,Rule_3_ii_Financial_Data,510042,XSS,1,0,1,1,0,1122092400.0,114759449.99999999,1236851850.0,55.00000000000001,55.00000000000001
APP_NLIU_2976,Rule_3_i_Passwords,168878,SSRF,1,0,1,1,0,472858399.99999994,37997549.99999999,510855949.99999994,55.00000000000001,55.00000000000001
APP_NLIU_2977,Rule_3_vi_Biometric_Information,678019,,0,0,0,1,0,1356038000.0,339009500.0,1695047500.0,0.0,0.0
APP_NLIU_2978,Rule_3_i_Passwords,1036810,,1,1,0,1,1,2073620000.0,181441750.0,2255061750.0,65.0,85.0
APP_NLIU_2979,Rule_3_iii_v_Health_Medical_Records,159525,,1,0,0,1,0,319050000.0,47857500.0,366907500.0,40.0,40.0
APP_NLIU_2980,Multi_Category_SPDI,953002,,1,1,1,1,1,1906004000.0,95300199.99999999,2001304200.0,80.0,100.0
APP_NLIU_2981,Rule_3_ii_Financial_Data,1517185,SSRF,1,1,1,1,0,4248117999.9999995,151718499.99999997,4399836499.999999,80.0,80.0
APP_NLIU_2982,Rule_3_ii_Financial_Data,807744,SSRF,1,1,0,1,1,2261683200.0,141355200.0,2403038400.0,65.0,85.0
APP_NLIU_2983,Rule_3_iii_v_Health_Medical_Records,792868,Exception_Handling_Failure,1,1,0,1,0,2140743600.0000002,138751900.0,2279495500.0,65.0,65.0
APP_NLIU_2984,Rule_3_vi_Biometric_Information,1867577,SSRF,1,1,1,0,0,5229215600.0,326825975.0,5556041575.0,65.0,65.0
APP_NLIU_2985,Rule_3_iii_v_Health_Medical_Records,457029,XSS,1,0,1,1,0,1005463800.0000001,102831524.99999999,1108295325.0,55.00000000000001,55.00000000000001
APP_NLIU_2986,Multi_Category_SPDI,646075,,1,1,1,0,0,1292150000.0,113063125.0,1405213125.0,65.0,65.0
APP_NLIU_2987,Rule_3_i_Passwords,1668349,,1,1,1,1,0,3336698000.0,166834899.99999997,3503532900.0,80.0,80.0
APP_NLIU_2988,Rule_3_iii_v_Health_Medical_Records,1754922,XSS,1,0,1,1,1,3860828400.0000005,394857449.99999994,4255685850.0000005,55.00000000000001,75.0
APP_NLIU_2989,Rule_3_iii_v_Health_Medical_Records,369699,,1,1,0,1,0,739398000.0,64697324.99999999,804095325.0,65.0,65.0
APP_NLIU_2990,Multi_Category_SPDI,713537,,1,1,1,1,0,1427074000.0,71353699.99999999,1498427700.0,80.0,80.0
APP_NLIU_2991,Rule_3_i_Passwords,1051045,Exception_Handling_Failure,0,0,0,1,0,2837821500.0,525522500.0,3363344000.0,0.0,0.0
APP_NLIU_2992,Rule_3_vi_Biometric_Information,1456097,SSRF,1,0,0,1,1,4077071599.9999995,436829100.0,4513900700.0,40.0,60.0
APP_NLIU_2993,Rule_3_iii_v_Health_Medical_Records,37646,CSRF,1,0,1,1,1,90350400.0,8470350.0,98820750.0,55.00000000000001,75.0
APP_NLIU_2994,Rule_3_ii_Financial_Data,1129702,CSRF,1,1,1,1,1,2711284800.0,112970199.99999997,2824255000.0,80.0,100.0
APP_NLIU_2995,Rule_3_i_Passwords,519116,SQL_Injection,1,1,1,1,1,1557348000.0,51911599.999999985,1609259600.0,80.0,100.0
APP_NLIU_2996,Multi_Category_SPDI,1695786,CSRF,1,0,0,1,1,4069886400.0,508735800.0,4578622200.0,40.0,60.0
APP_NLIU_2997,Rule_3_i_Passwords,1308793,SSRF,0,1,1,1,0,3664620400.0,392637900.0,4057258300.0,40.0,40.0
APP_NLIU_2998,Rule_3_ii_Financial_Data,831862,XSS,1,1,1,1,0,1830096400.0000002,83186199.99999999,1913282600.0000002,80.0,80.0
APP_NLIU_2999,Rule_3_ii_Financial_Data,389382,,1,1,1,1,1,778764000.0,38938199.99999999,817702200.0,80.0,100.0
APP_NLIU_3000,Multi_Category_SPDI,597947,SQL_Injection,1,1,1,1,0,1793841000.0,59794699.999999985,1853635700.0,80.0,80.0
APP_NLIU_3001,Rule_3_iii_v_Health_Medical_Records,644629,,1,0,0,1,1,1289258000.0,193388700.0,1482646700.0,40.0,60.0
APP_NLIU_3002,Rule_3_vi_Biometric_Information,533446,Exception_Handling_Failure,0,1,1,1,1,1440304200.0,160033800.0,1600338000.0,40.0,60.0
APP_NLIU_3003,Rule_3_ii_Financial_Data,1127812,SQL_Injection,1,1,1,1,1,3383436000.0,112781199.99999997,3496217200.0,80.0,100.0
APP_NLIU_3004,Rule_3_iii_v_Health_Medical_Records,1129643,,0,1,1,1,0,2259286000.0,338892900.0,2598178900.0,40.0,40.0
APP_NLIU_3005,Rule_3_iii_v_Health_Medical_Records,688098,XSS,1,0,1,1,1,1513815600.0000002,154822049.99999997,1668637650.0000002,55.00000000000001,75.0
APP_NLIU_3006,Rule_3_vi_Biometric_Information,14879,CSRF,0,0,1,1,0,35709600.0,6323575.0,42033175.0,15.0,15.0
APP_NLIU_3007,Multi_Category_SPDI,141615,,1,1,1,1,1,283230000.0,14161499.999999996,297391500.0,80.0,100.0
APP_NLIU_3008,Rule_3_i_Passwords,641572,CSRF,0,1,1,1,0,1539772800.0,192471600.0,1732244400.0,40.0,40.0
APP_NLIU_3009,Rule_3_iii_v_Health_Medical_Records,183996,Exception_Handling_Failure,1,1,1,1,1,496789200.00000006,18399599.999999996,515188800.00000006,80.0,100.0
APP_NLIU_3010,Rule_3_i_Passwords,1489140,SQL_Injection,1,1,1,1,1,4467420000.0,148913999.99999997,4616334000.0,80.0,100.0
APP_NLIU_3011,Rule_3_iii_v_Health_Medical_Records,351261,,0,0,1,0,0,702522000.0,175630500.0,878152500.0,0.0,0.0
APP_NLIU_3012,Rule_3_ii_Financial_Data,959183,XSS,1,1,1,1,0,2110202600.0000002,95918299.99999999,2206120900.0,80.0,80.0
APP_NLIU_3013,Rule_3_ii_Financial_Data,215190,Exception_Handling_Failure,0,0,1,1,0,581013000.0,91455750.0,672468750.0,15.0,15.0
APP_NLIU_3014,Rule_3_ii_Financial_Data,1621752,SSRF,1,1,0,1,1,4540905600.0,283806600.0,4824712200.0,65.0,85.0
APP_NLIU_3015,Rule_3_iii_v_Health_Medical_Records,821708,Exception_Handling_Failure,1,1,1,1,1,2218611600.0,82170799.99999999,2300782400.0,80.0,100.0
APP_NLIU_3016,Rule_3_ii_Financial_Data,1026043,,1,0,0,0,0,2052086000.0,307812900.0,2359898900.0,40.0,40.0
APP_NLIU_3017,Rule_3_iii_v_Health_Medical_Records,534087,XSS,1,0,1,0,0,1174991400.0,160226100.0,1335217500.0,40.0,40.0
APP_NLIU_3018,Rule_3_ii_Financial_Data,488843,Exception_Handling_Failure,1,1,1,1,1,1319876100.0,48884299.99999999,1368760400.0,80.0,100.0
APP_NLIU_3019,Rule_3_i_Passwords,754130,XSS,0,1,1,0,0,1659086000.0000002,282798750.0,1941884750.0000002,25.0,25.0
APP_NLIU_3020,Rule_3_vi_Biometric_Information,1428249,,1,1,1,1,1,2856498000.0,142824899.99999997,2999322900.0,80.0,100.0
APP_NLIU_3021,Rule_3_ii_Financial_Data,916145,XSS,0,1,1,0,0,2015519000.0000002,343554375.0,2359073375.0,25.0,25.0
APP_NLIU_3022,Rule_3_ii_Financial_Data,1566840,,1,1,1,1,1,3133680000.0,156683999.99999997,3290364000.0,80.0,100.0
APP_NLIU_3023,Rule_3_iii_v_Health_Medical_Records,95141,,1,1,1,1,0,190282000.0,9514099.999999998,199796100.0,80.0,80.0
APP_NLIU_3024,Rule_3_ii_Financial_Data,983062,XSS,0,1,1,1,0,2162736400.0,294918600.0,2457655000.0,40.0,40.0
APP_NLIU_3025,Rule_3_i_Passwords,1430733,SSRF,0,1,0,1,1,4006052399.9999995,536524875.0,4542577275.0,25.0,45.0
APP_NLIU_3026,Rule_3_ii_Financial_Data,1347388,XSS,0,0,1,1,0,2964253600.0000005,572639900.0,3536893500.0000005,15.0,15.0
APP_NLIU_3027,Multi_Category_SPDI,1188759,,1,0,0,0,1,2377518000.0,356627700.0,2734145700.0,40.0,60.0
APP_NLIU_3028,Rule_3_iii_v_Health_Medical_Records,1471478,SSRF,1,1,1,1,1,4120138399.9999995,147147799.99999997,4267286199.9999995,80.0,100.0
APP_NLIU_3029,Rule_3_iii_v_Health_Medical_Records,208623,XSS,1,1,1,1,0,458970600.00000006,20862299.999999996,479832900.00000006,80.0,80.0
APP_NLIU_3030,Rule_3_iii_v_Health_Medical_Records,1912400,,1,1,1,1,1,3824800000.0,191239999.99999997,4016040000.0,80.0,100.0
APP_NLIU_3031,Rule_3_i_Passwords,1070066,CSRF,0,0,1,0,0,2568158400.0,535033000.0,3103191400.0,0.0,0.0
APP_NLIU_3032,Rule_3_ii_Financial_Data,433410,Exception_Handling_Failure,1,0,1,0,1,1170207000.0,130023000.0,1300230000.0,40.0,60.0
APP_NLIU_3033,Rule_3_vi_Biometric_Information,1985577,SSRF,1,0,1,1,0,5559615600.0,446754824.99999994,6006370425.0,55.00000000000001,55.00000000000001
APP_NLIU_3034,Rule_3_i_Passwords,779426,SQL_Injection,1,0,1,1,0,2338278000.0,175370849.99999997,2513648850.0,55.00000000000001,55.00000000000001
APP_NLIU_3035,Rule_3_ii_Financial_Data,451732,,1,1,1,1,1,903464000.0,45173199.99999999,948637200.0,80.0,100.0
APP_NLIU_3036,Rule_3_ii_Financial_Data,646507,SQL_Injection,1,1,1,1,1,1939521000.0,64650699.999999985,2004171700.0,80.0,100.0
APP_NLIU_3037,Rule_3_ii_Financial_Data,486946,CSRF,0,1,1,0,1,1168670400.0,182604750.0,1351275150.0,25.0,45.0
APP_NLIU_3038,Multi_Category_SPDI,573392,,1,1,1,1,1,1146784000.0,57339199.999999985,1204123200.0,80.0,100.0
APP_NLIU_3039,Rule_3_i_Passwords,1583180,CSRF,1,1,1,0,1,3799632000.0,277056500.0,4076688500.0,65.0,85.0
APP_NLIU_3040,Rule_3_iii_v_Health_Medical_Records,1091706,,1,0,1,1,1,2183412000.0,245633849.99999997,2429045850.0,55.00000000000001,75.0
APP_NLIU_3041,Rule_3_i_Passwords,468445,,1,1,1,1,0,936890000.0,46844499.99999999,983734500.0,80.0,80.0
APP_NLIU_3042,Multi_Category_SPDI,374438,CSRF,1,1,1,1,0,898651200.0,37443799.99999999,936095000.0,80.0,80.0
APP_NLIU_3043,Rule_3_i_Passwords,821386,SQL_Injection,1,0,1,1,1,2464158000.0,184811849.99999997,2648969850.0,55.00000000000001,75.0
APP_NLIU_3044,Rule_3_ii_Financial_Data,1429157,,1,1,0,0,1,2858314000.0,250102474.99999997,3108416475.0,65.0,85.0
APP_NLIU_3045,Rule_3_iii_v_Health_Medical_Records,1992732,XSS,1,1,1,0,1,4384010400.0,348728100.0,4732738500.0,65.0,85.0
APP_NLIU_3046,Rule_3_iii_v_Health_Medical_Records,150250,SQL_Injection,1,0,0,1,0,450750000.0,45075000.0,495825000.0,40.0,40.0
APP_NLIU_3047,Rule_3_ii_Financial_Data,1031437,,0,0,1,1,1,2062874000.0,438360725.0,2501234725.0,15.0,35.0
APP_NLIU_3048,Rule_3_ii_Financial_Data,187235,SQL_Injection,0,1,1,1,0,561705000.0,56170500.0,617875500.0,40.0,40.0
APP_NLIU_3049,Rule_3_ii_Financial_Data,937255,,1,0,1,1,1,1874510000.0,210882374.99999997,2085392375.0,55.00000000000001,75.0
APP_NLIU_3050,Rule_3_ii_Financial_Data,1974124,SQL_Injection,0,0,1,1,1,5922372000.0,839002700.0,6761374700.0,15.0,35.0
APP_NLIU_3051,Rule_3_ii_Financial_Data,592453,SQL_Injection,0,1,0,1,0,1777359000.0,222169875.0,1999528875.0,25.0,25.0
APP_NLIU_3052,Rule_3_ii_Financial_Data,409696,SSRF,1,1,1,0,1,1147148800.0,71696800.0,1218845600.0,65.0,85.0
APP_NLIU_3053,Rule_3_ii_Financial_Data,1774375,,0,1,1,1,0,3548750000.0,532312500.0,4081062500.0,40.0,40.0
APP_NLIU_3054,Rule_3_ii_Financial_Data,442090,Exception_Handling_Failure,1,1,0,0,0,1193643000.0,77365750.0,1271008750.0,65.0,65.0
APP_NLIU_3055,Rule_3_iii_v_Health_Medical_Records,764893,,1,1,0,1,0,1529786000.0,133856274.99999999,1663642275.0,65.0,65.0
APP_NLIU_3056,Multi_Category_SPDI,596063,CSRF,1,1,0,1,1,1430551200.0,104311025.0,1534862225.0,65.0,85.0
APP_NLIU_3057,Rule_3_iii_v_Health_Medical_Records,404782,CSRF,0,1,1,1,0,971476800.0,121434600.0,1092911400.0,40.0,40.0
APP_NLIU_3058,Rule_3_i_Passwords,352455,SSRF,0,1,1,1,0,986873999.9999999,105736500.0,1092610500.0,40.0,40.0
APP_NLIU_3059,Rule_3_i_Passwords,1549309,XSS,1,0,1,1,0,3408479800.0000005,348594524.99999994,3757074325.0000005,55.00000000000001,55.00000000000001
APP_NLIU_3060,Multi_Category_SPDI,1631013,XSS,1,1,0,1,1,3588228600.0000005,285427275.0,3873655875.0000005,65.0,85.0
APP_NLIU_3061,Rule_3_ii_Financial_Data,1974086,Exception_Handling_Failure,1,1,0,1,0,5330032200.0,345465050.0,5675497250.0,65.0,65.0
APP_NLIU_3062,Rule_3_i_Passwords,1388281,CSRF,0,1,1,1,1,3331874400.0,416484300.0,3748358700.0,40.0,60.0
APP_NLIU_3063,Rule_3_iii_v_Health_Medical_Records,1466215,,1,1,1,1,1,2932430000.0,146621499.99999997,3079051500.0,80.0,100.0
APP_NLIU_3064,Rule_3_iii_v_Health_Medical_Records,1668574,SSRF,0,1,1,1,1,4672007200.0,500572200.0,5172579400.0,40.0,60.0
APP_NLIU_3065,Rule_3_iii_v_Health_Medical_Records,97199,,1,1,1,1,1,194398000.0,9719899.999999998,204117900.0,80.0,100.0
APP_NLIU_3066,Rule_3_ii_Financial_Data,1218600,SQL_Injection,1,0,1,1,1,3655800000.0,274185000.0,3929985000.0,55.00000000000001,75.0
APP_NLIU_3067,Rule_3_i_Passwords,556614,XSS,0,1,1,0,0,1224550800.0,208730250.0,1433281050.0,25.0,25.0
APP_NLIU_3068,Multi_Category_SPDI,908704,CSRF,1,1,1,1,0,2180889600.0,90870399.99999999,2271760000.0,80.0,80.0
APP_NLIU_3069,Rule_3_ii_Financial_Data,1084715,XSS,0,0,1,1,1,2386373000.0,461003875.0,2847376875.0,15.0,35.0
APP_NLIU_3070,Rule_3_iii_v_Health_Medical_Records,722463,XSS,1,0,0,0,1,1589418600.0000002,216738900.0,1806157500.0000002,40.0,60.0
APP_NLIU_3071,Rule_3_iii_v_Health_Medical_Records,510950,XSS,1,1,1,1,1,1124090000.0,51094999.999999985,1175185000.0,80.0,100.0
APP_NLIU_3072,Rule_3_iii_v_Health_Medical_Records,1245505,XSS,0,1,1,1,1,2740111000.0,373651500.0,3113762500.0,40.0,60.0
APP_NLIU_3073,Rule_3_ii_Financial_Data,1389358,,1,0,1,0,1,2778716000.0,416807400.0,3195523400.0,40.0,60.0
APP_NLIU_3074,Rule_3_ii_Financial_Data,1034677,Exception_Handling_Failure,1,1,1,1,0,2793627900.0,103467699.99999997,2897095600.0,80.0,80.0
APP_NLIU_3075,Rule_3_iii_v_Health_Medical_Records,339796,,1,0,0,1,0,679592000.0,101938800.0,781530800.0,40.0,40.0
APP_NLIU_3076,Multi_Category_SPDI,1590801,SSRF,0,1,0,1,0,4454242800.0,596550375.0,5050793175.0,25.0,25.0
APP_NLIU_3077,Multi_Category_SPDI,1311582,Exception_Handling_Failure,1,1,1,1,1,3541271400.0,131158199.99999997,3672429600.0,80.0,100.0
APP_NLIU_3078,Rule_3_i_Passwords,821593,XSS,0,0,0,0,0,1807504600.0000002,410796500.0,2218301100.0,0.0,0.0
APP_NLIU_3079,Rule_3_i_Passwords,926887,CSRF,1,0,1,1,1,2224528800.0,208549574.99999997,2433078375.0,55.00000000000001,75.0
APP_NLIU_3080,Multi_Category_SPDI,877288,XSS,1,1,1,1,1,1930033600.0000002,87728799.99999999,2017762400.0000002,80.0,100.0
APP_NLIU_3081,Rule_3_iii_v_Health_Medical_Records,514603,CSRF,0,1,1,1,1,1235047200.0,154380900.0,1389428100.0,40.0,60.0
APP_NLIU_3082,Multi_Category_SPDI,1385763,SQL_Injection,0,0,1,1,0,4157289000.0,588949275.0,4746238275.0,15.0,15.0
APP_NLIU_3083,Rule_3_ii_Financial_Data,1723671,SSRF,1,1,1,1,0,4826278800.0,172367099.99999997,4998645900.0,80.0,80.0
APP_NLIU_3084,Rule_3_iii_v_Health_Medical_Records,1113495,SQL_Injection,1,1,1,1,0,3340485000.0,111349499.99999997,3451834500.0,80.0,80.0
APP_NLIU_3085,Rule_3_iii_v_Health_Medical_Records,1017753,Exception_Handling_Failure,1,1,0,1,1,2747933100.0,178106775.0,2926039875.0,65.0,85.0
APP_NLIU_3086,Rule_3_iii_v_Health_Medical_Records,1397775,Exception_Handling_Failure,0,1,1,1,0,3773992500.0000005,419332500.0,4193325000.0000005,40.0,40.0
APP_NLIU_3087,Rule_3_ii_Financial_Data,465777,,1,1,1,1,1,931554000.0,46577699.99999999,978131700.0,80.0,100.0
APP_NLIU_3088,Rule_3_i_Passwords,1925463,,0,1,1,1,1,3850926000.0,577638900.0,4428564900.0,40.0,60.0
APP_NLIU_3089,Rule_3_iii_v_Health_Medical_Records,1484414,SQL_Injection,1,0,1,1,0,4453242000.0,333993149.99999994,4787235150.0,55.00000000000001,55.00000000000001
APP_NLIU_3090,Rule_3_ii_Financial_Data,305279,,1,1,1,1,0,610558000.0,30527899.999999993,641085900.0,80.0,80.0
APP_NLIU_3091,Rule_3_ii_Financial_Data,1744594,,1,1,1,1,1,3489188000.0,174459399.99999997,3663647400.0,80.0,100.0
APP_NLIU_3092,Multi_Category_SPDI,1924685,XSS,0,0,0,0,1,4234307000.0000005,962342500.0,5196649500.0,0.0,20.0
APP_NLIU_3093,Rule_3_ii_Financial_Data,1345416,XSS,1,1,0,1,1,2959915200.0000005,235447799.99999997,3195363000.0000005,65.0,85.0
APP_NLIU_3094,Rule_3_vi_Biometric_Information,139845,,1,0,0,1,0,279690000.0,41953500.0,321643500.0,40.0,40.0
APP_NLIU_3095,Rule_3_i_Passwords,1078532,XSS,1,1,0,1,0,2372770400.0,188743100.0,2561513500.0,65.0,65.0
APP_NLIU_3096,Rule_3_iii_v_Health_Medical_Records,1855827,,0,1,1,0,0,3711654000.0,695935125.0,4407589125.0,25.0,25.0
APP_NLIU_3097,Multi_Category_SPDI,268672,SQL_Injection,1,1,0,1,1,806016000.0,47017600.0,853033600.0,65.0,85.0
APP_NLIU_3098,Rule_3_i_Passwords,394925,SSRF,1,1,0,1,0,1105790000.0,69111875.0,1174901875.0,65.0,65.0
APP_NLIU_3099,Rule_3_i_Passwords,91491,XSS,0,0,0,0,1,201280200.00000003,45745500.0,247025700.00000003,0.0,20.0
APP_NLIU_3100,Rule_3_ii_Financial_Data,1098164,XSS,1,1,1,1,1,2415960800.0,109816399.99999997,2525777200.0,80.0,100.0
APP_NLIU_3101,Rule_3_i_Passwords,206657,,0,1,1,1,1,413314000.0,61997100.0,475311100.0,40.0,60.0
APP_NLIU_3102,Rule_3_iii_v_Health_Medical_Records,1152728,,1,0,1,1,0,2305456000.0,259363799.99999997,2564819800.0,55.00000000000001,55.00000000000001
APP_NLIU_3103,Multi_Category_SPDI,657160,CSRF,1,1,1,1,1,1577184000.0,65715999.999999985,1642900000.0,80.0,100.0
APP_NLIU_3104,Rule_3_ii_Financial_Data,1467303,SQL_Injection,1,0,1,1,1,4401909000.0,330143174.99999994,4732052175.0,55.00000000000001,75.0
APP_NLIU_3105,Rule_3_ii_Financial_Data,801551,,1,1,1,1,0,1603102000.0,80155099.99999999,1683257100.0,80.0,80.0
APP_NLIU_3106,Rule_3_ii_Financial_Data,1391613,Exception_Handling_Failure,1,1,1,1,0,3757355100.0000005,139161299.99999997,3896516400.0000005,80.0,80.0
APP_NLIU_3107,Rule_3_iii_v_Health_Medical_Records,1069743,SSRF,0,1,0,1,1,2995280400.0,401153625.0,3396434025.0,25.0,45.0
APP_NLIU_3108,Rule_3_i_Passwords,1765439,XSS,1,0,1,1,1,3883965800.0000005,397223774.99999994,4281189575.0000005,55.00000000000001,75.0
APP_NLIU_3109,Rule_3_iii_v_Health_Medical_Records,1164358,,1,1,1,0,0,2328716000.0,203762650.0,2532478650.0,65.0,65.0
APP_NLIU_3110,Rule_3_iii_v_Health_Medical_Records,1043058,,0,0,1,1,1,2086116000.0,443299650.0,2529415650.0,15.0,35.0
APP_NLIU_3111,Rule_3_iii_v_Health_Medical_Records,1534581,XSS,0,1,1,1,0,3376078200.0000005,460374300.0,3836452500.0000005,40.0,40.0
APP_NLIU_3112,Rule_3_ii_Financial_Data,135775,CSRF,1,1,0,1,0,325860000.0,23760625.0,349620625.0,65.0,65.0
APP_NLIU_3113,Rule_3_iii_v_Health_Medical_Records,1088465,,1,1,1,0,0,2176930000.0,190481375.0,2367411375.0,65.0,65.0
APP_NLIU_3114,Rule_3_i_Passwords,312822,Exception_Handling_Failure,1,1,1,1,1,844619400.0,31282199.999999993,875901600.0,80.0,100.0
APP_NLIU_3115,Rule_3_i_Passwords,231406,XSS,1,1,0,1,1,509093200.00000006,40496050.0,549589250.0,65.0,85.0
APP_NLIU_3116,Multi_Category_SPDI,1638126,CSRF,0,1,0,1,0,3931502400.0,614297250.0,4545799650.0,25.0,25.0
APP_NLIU_3117,Rule_3_iii_v_Health_Medical_Records,140753,,1,1,1,1,0,281506000.0,14075299.999999996,295581300.0,80.0,80.0
APP_NLIU_3118,Rule_3_i_Passwords,609579,SSRF,1,0,0,1,0,1706821200.0,182873700.0,1889694900.0,40.0,40.0
APP_NLIU_3119,Rule_3_ii_Financial_Data,595296,SSRF,0,1,0,0,0,1666828800.0,223236000.0,1890064800.0,25.0,25.0
APP_NLIU_3120,Rule_3_ii_Financial_Data,1825411,XSS,0,1,0,1,1,4015904200.0000005,684529125.0,4700433325.0,25.0,45.0
APP_NLIU_3121,Rule_3_ii_Financial_Data,234489,CSRF,1,0,0,1,0,562773600.0,70346700.0,633120300.0,40.0,40.0
APP_NLIU_3122,Rule_3_ii_Financial_Data,1460482,Exception_Handling_Failure,1,1,0,0,0,3943301400.0000005,255584349.99999997,4198885750.0000005,65.0,65.0
APP_NLIU_3123,Rule_3_i_Passwords,817344,SQL_Injection,1,1,1,1,0,2452032000.0,81734399.99999999,2533766400.0,80.0,80.0
APP_NLIU_3124,Rule_3_ii_Financial_Data,1322193,Exception_Handling_Failure,1,0,1,1,0,3569921100.0,297493425.0,3867414525.0,55.00000000000001,55.00000000000001
APP_NLIU_3125,Rule_3_iii_v_Health_Medical_Records,1750234,CSRF,0,1,1,1,1,4200561600.0,525070200.0,4725631800.0,40.0,60.0
APP_NLIU_3126,Rule_3_iii_v_Health_Medical_Records,1465461,SQL_Injection,1,1,0,1,1,4396383000.0,256455674.99999997,4652838675.0,65.0,85.0
APP_NLIU_3127,Rule_3_iii_v_Health_Medical_Records,1939508,SQL_Injection,1,1,1,0,0,5818524000.0,339413900.0,6157937900.0,65.0,65.0
APP_NLIU_3128,Rule_3_i_Passwords,1004502,,1,0,1,1,0,2009004000.0,226012949.99999997,2235016950.0,55.00000000000001,55.00000000000001
APP_NLIU_3129,Multi_Category_SPDI,1992023,,1,0,1,1,1,3984046000.0,448205174.99999994,4432251175.0,55.00000000000001,75.0
APP_NLIU_3130,Rule_3_vi_Biometric_Information,830217,SSRF,1,0,1,1,1,2324607600.0,186798824.99999997,2511406425.0,55.00000000000001,75.0
APP_NLIU_3131,Rule_3_vi_Biometric_Information,1678820,,0,1,1,1,0,3357640000.0,503646000.0,3861286000.0,40.0,40.0
APP_NLIU_3132,Rule_3_vi_Biometric_Information,199499,Exception_Handling_Failure,1,1,1,1,0,538647300.0,19949899.999999996,558597200.0,80.0,80.0
APP_NLIU_3133,Multi_Category_SPDI,528764,,1,1,1,1,0,1057528000.0,52876399.999999985,1110404400.0,80.0,80.0
APP_NLIU_3134,Rule_3_iii_v_Health_Medical_Records,1246649,CSRF,1,1,0,0,0,2991957600.0,218163575.0,3210121175.0,65.0,65.0
APP_NLIU_3135,Rule_3_ii_Financial_Data,722084,Exception_Handling_Failure,1,0,1,0,0,1949626800.0000002,216625200.0,2166252000.0,40.0,40.0
APP_NLIU_3136,Rule_3_iii_v_Health_Medical_Records,386150,SQL_Injection,1,1,1,1,0,1158450000.0,38614999.99999999,1197065000.0,80.0,80.0
APP_NLIU_3137,Rule_3_iii_v_Health_Medical_Records,277976,CSRF,1,1,1,1,0,667142400.0,27797599.999999993,694940000.0,80.0,80.0
APP_NLIU_3138,Rule_3_iii_v_Health_Medical_Records,927889,,1,1,1,1,0,1855778000.0,92788899.99999999,1948566900.0,80.0,80.0
APP_NLIU_3139,Rule_3_iii_v_Health_Medical_Records,1542690,XSS,1,1,1,1,0,3393918000.0000005,154268999.99999997,3548187000.0000005,80.0,80.0
APP_NLIU_3140,Rule_3_i_Passwords,1199356,CSRF,0,1,0,0,1,2878454400.0,449758500.0,3328212900.0,25.0,45.0
APP_NLIU_3141,Rule_3_ii_Financial_Data,1505392,SQL_Injection,1,1,1,1,1,4516176000.0,150539199.99999997,4666715200.0,80.0,100.0
APP_NLIU_3142,Multi_Category_SPDI,1994518,,0,0,1,1,0,3989036000.0,847670150.0,4836706150.0,15.0,15.0
APP_NLIU_3143,Rule_3_iii_v_Health_Medical_Records,1398467,Exception_Handling_Failure,1,1,1,1,1,3775860900.0000005,139846699.99999997,3915707600.0000005,80.0,100.0
APP_NLIU_3144,Rule_3_iii_v_Health_Medical_Records,1920115,CSRF,1,1,1,1,1,4608276000.0,192011499.99999997,4800287500.0,80.0,100.0
APP_NLIU_3145,Rule_3_ii_Financial_Data,1768998,,0,0,1,0,1,3537996000.0,884499000.0,4422495000.0,0.0,20.0
APP_NLIU_3146,Rule_3_ii_Financial_Data,332572,SQL_Injection,0,1,0,1,1,997716000.0,124714500.0,1122430500.0,25.0,45.0
APP_NLIU_3147,Multi_Category_SPDI,878275,CSRF,0,0,1,1,1,2107860000.0,373266875.0,2481126875.0,15.0,35.0
APP_NLIU_3148,Rule_3_iii_v_Health_Medical_Records,1064578,,1,0,1,1,1,2129156000.0,239530049.99999997,2368686050.0,55.00000000000001,75.0
APP_NLIU_3149,Rule_3_vi_Biometric_Information,958657,CSRF,1,1,1,1,1,2300776800.0,95865699.99999999,2396642500.0,80.0,100.0
APP_NLIU_3150,Rule_3_ii_Financial_Data,944944,CSRF,1,0,1,1,0,2267865600.0,212612399.99999997,2480478000.0,55.00000000000001,55.00000000000001
APP_NLIU_3151,Rule_3_iii_v_Health_Medical_Records,1907509,XSS,0,1,1,1,0,4196519800.0000005,572252700.0,4768772500.0,40.0,40.0
APP_NLIU_3152,Rule_3_ii_Financial_Data,37556,,1,1,1,0,0,75112000.0,6572300.0,81684300.0,65.0,65.0
APP_NLIU_3153,Rule_3_iii_v_Health_Medical_Records,597251,SQL_Injection,1,0,1,0,0,1791753000.0,179175300.0,1970928300.0,40.0,40.0
APP_NLIU_3154,Rule_3_ii_Financial_Data,1547937,,1,1,1,1,0,3095874000.0,154793699.99999997,3250667700.0,80.0,80.0
APP_NLIU_3155,Rule_3_ii_Financial_Data,1013229,,1,1,0,0,0,2026458000.0,177315075.0,2203773075.0,65.0,65.0
APP_NLIU_3156,Rule_3_iii_v_Health_Medical_Records,226746,SSRF,0,0,1,1,1,634888800.0,96367050.0,731255850.0,15.0,35.0
APP_NLIU_3157,Multi_Category_SPDI,11563,,1,1,1,1,0,23126000.0,1156299.9999999998,24282300.0,80.0,80.0
APP_NLIU_3158,Rule_3_i_Passwords,215995,CSRF,0,1,1,1,1,518388000.0,64798500.0,583186500.0,40.0,60.0
APP_NLIU_3159,Rule_3_vi_Biometric_Information,1845848,XSS,0,0,0,1,1,4060865600.0000005,922924000.0,4983789600.0,0.0,20.0
APP_NLIU_3160,Rule_3_ii_Financial_Data,544442,,1,1,1,1,1,1088884000.0,54444199.999999985,1143328200.0,80.0,100.0
APP_NLIU_3161,Rule_3_ii_Financial_Data,1602058,,1,0,1,1,1,3204116000.0,360463049.99999994,3564579050.0,55.00000000000001,75.0
APP_NLIU_3162,Rule_3_i_Passwords,725380,SQL_Injection,0,0,1,1,1,2176140000.0,308286500.0,2484426500.0,15.0,35.0
APP_NLIU_3163,Rule_3_ii_Financial_Data,707221,XSS,1,1,1,1,0,1555886200.0000002,70722099.99999999,1626608300.0000002,80.0,80.0
APP_NLIU_3164,Rule_3_iii_v_Health_Medical_Records,1207096,XSS,1,0,1,1,0,2655611200.0,271596600.0,2927207800.0,55.00000000000001,55.00000000000001
APP_NLIU_3165,Rule_3_i_Passwords,1543252,CSRF,0,1,1,1,1,3703804800.0,462975600.0,4166780400.0,40.0,60.0
APP_NLIU_3166,Rule_3_ii_Financial_Data,1863536,CSRF,1,1,1,0,0,4472486400.0,326118800.0,4798605200.0,65.0,65.0
APP_NLIU_3167,Multi_Category_SPDI,427618,SQL_Injection,1,0,1,0,1,1282854000.0,128285400.0,1411139400.0,40.0,60.0
APP_NLIU_3168,Rule_3_i_Passwords,271496,Exception_Handling_Failure,1,1,0,1,0,733039200.0,47511800.0,780551000.0,65.0,65.0
APP_NLIU_3169,Rule_3_vi_Biometric_Information,267328,XSS,0,1,1,1,1,588121600.0,80198400.0,668320000.0,40.0,60.0
APP_NLIU_3170,Rule_3_ii_Financial_Data,932888,SSRF,1,1,1,1,1,2612086400.0,93288799.99999999,2705375200.0,80.0,100.0
APP_NLIU_3171,Rule_3_iii_v_Health_Medical_Records,1330039,,1,1,1,0,1,2660078000.0,232756825.0,2892834825.0,65.0,85.0
APP_NLIU_3172,Rule_3_ii_Financial_Data,1174073,,1,0,1,1,0,2348146000.0,264166424.99999997,2612312425.0,55.00000000000001,55.00000000000001
APP_NLIU_3173,Rule_3_i_Passwords,156521,XSS,0,1,0,1,1,344346200.0,58695375.0,403041575.0,25.0,45.0
APP_NLIU_3174,Rule_3_i_Passwords,323477,CSRF,1,1,0,1,0,776344800.0,56608475.0,832953275.0,65.0,65.0
APP_NLIU_3175,Rule_3_i_Passwords,1881213,Exception_Handling_Failure,0,0,1,1,1,5079275100.0,799515525.0,5878790625.0,15.0,35.0
APP_NLIU_3176,Rule_3_i_Passwords,539714,CSRF,1,1,1,0,1,1295313600.0,94449950.0,1389763550.0,65.0,85.0
APP_NLIU_3177,Rule_3_iii_v_Health_Medical_Records,798936,SSRF,1,1,0,1,0,2237020800.0,139813800.0,2376834600.0,65.0,65.0
APP_NLIU_3178,Multi_Category_SPDI,454794,,0,1,1,1,1,909588000.0,136438200.0,1046026200.0,40.0,60.0
APP_NLIU_3179,Rule_3_vi_Biometric_Information,1767145,SQL_Injection,0,1,1,1,0,5301435000.0,530143500.0,5831578500.0,40.0,40.0
APP_NLIU_3180,Rule_3_iii_v_Health_Medical_Records,121775,SQL_Injection,1,0,1,0,0,365325000.0,36532500.0,401857500.0,40.0,40.0
APP_NLIU_3181,Rule_3_i_Passwords,38368,SQL_Injection,1,0,1,1,1,115104000.0,8632800.0,123736800.0,55.00000000000001,75.0
APP_NLIU_3182,Rule_3_ii_Financial_Data,1028612,SSRF,0,0,1,0,1,2880113600.0,514306000.0,3394419600.0,0.0,20.0
APP_NLIU_3183,Rule_3_ii_Financial_Data,771913,SQL_Injection,1,1,0,1,1,2315739000.0,135084775.0,2450823775.0,65.0,85.0
APP_NLIU_3184,Rule_3_ii_Financial_Data,1157417,,1,0,1,1,1,2314834000.0,260418824.99999997,2575252825.0,55.00000000000001,75.0
APP_NLIU_3185,Rule_3_iii_v_Health_Medical_Records,495846,CSRF,1,1,1,1,1,1190030400.0,49584599.99999999,1239615000.0,80.0,100.0
APP_NLIU_3186,Rule_3_iii_v_Health_Medical_Records,383888,SQL_Injection,1,1,1,1,1,1151664000.0,38388799.99999999,1190052800.0,80.0,100.0
APP_NLIU_3187,Rule_3_ii_Financial_Data,216293,SSRF,1,0,0,1,1,605620400.0,64887900.0,670508300.0,40.0,60.0
APP_NLIU_3188,Rule_3_ii_Financial_Data,785371,,1,1,1,1,1,1570742000.0,78537099.99999999,1649279100.0,80.0,100.0
APP_NLIU_3189,Rule_3_vi_Biometric_Information,13724,XSS,0,1,1,1,0,30192800.000000004,4117200.0,34310000.0,40.0,40.0
APP_NLIU_3190,Rule_3_vi_Biometric_Information,1451876,CSRF,0,0,1,0,0,3484502400.0,725938000.0,4210440400.0,0.0,0.0
APP_NLIU_3191,Rule_3_ii_Financial_Data,1743746,,1,0,0,0,0,3487492000.0,523123800.0,4010615800.0,40.0,40.0
APP_NLIU_3192,Multi_Category_SPDI,1004781,CSRF,1,0,1,1,1,2411474400.0,226075724.99999997,2637550125.0,55.00000000000001,75.0
APP_NLIU_3193,Multi_Category_SPDI,873729,CSRF,1,0,0,1,1,2096949600.0,262118700.0,2359068300.0,40.0,60.0
APP_NLIU_3194,Rule_3_ii_Financial_Data,916531,SSRF,0,1,1,1,1,2566286800.0,274959300.0,2841246100.0,40.0,60.0
APP_NLIU_3195,Rule_3_ii_Financial_Data,1132448,CSRF,1,1,1,1,1,2717875200.0,113244799.99999997,2831120000.0,80.0,100.0
APP_NLIU_3196,Rule_3_iii_v_Health_Medical_Records,1991952,CSRF,1,1,1,0,0,4780684800.0,348591600.0,5129276400.0,65.0,65.0
APP_NLIU_3197,Multi_Category_SPDI,1001454,Exception_Handling_Failure,1,1,1,1,1,2703925800.0,100145399.99999999,2804071200.0,80.0,100.0
APP_NLIU_3198,Multi_Category_SPDI,599621,CSRF,1,0,1,0,1,1439090400.0,179886300.0,1618976700.0,40.0,60.0
APP_NLIU_3199,Rule_3_i_Passwords,729203,XSS,0,1,1,1,1,1604246600.0000002,218760900.0,1823007500.0000002,40.0,60.0
APP_NLIU_3200,Rule_3_ii_Financial_Data,510241,SQL_Injection,0,0,0,1,1,1530723000.0,255120500.0,1785843500.0,0.0,20.0
APP_NLIU_3201,Rule_3_iii_v_Health_Medical_Records,1282752,SSRF,1,0,0,1,0,3591705600.0,384825600.0,3976531200.0,40.0,40.0
APP_NLIU_3202,Rule_3_iii_v_Health_Medical_Records,1580460,XSS,1,1,1,0,1,3477012000.0000005,276580500.0,3753592500.0000005,65.0,85.0
APP_NLIU_3203,Rule_3_i_Passwords,1857175,,0,1,1,1,1,3714350000.0,557152500.0,4271502500.0,40.0,60.0
APP_NLIU_3204,Multi_Category_SPDI,92844,CSRF,1,1,0,1,1,222825600.0,16247699.999999998,239073300.0,65.0,85.0
APP_NLIU_3205,Rule_3_iii_v_Health_Medical_Records,777427,Exception_Handling_Failure,1,1,1,1,1,2099052900.0000002,77742699.99999999,2176795600.0,80.0,100.0
APP_NLIU_3206,Rule_3_vi_Biometric_Information,94751,CSRF,1,1,1,1,0,227402400.0,9475099.999999998,236877500.0,80.0,80.0
APP_NLIU_3207,Multi_Category_SPDI,1183393,SQL_Injection,0,1,1,0,1,3550179000.0,443772375.0,3993951375.0,25.0,45.0
APP_NLIU_3208,Rule_3_iii_v_Health_Medical_Records,1524123,SQL_Injection,1,1,0,1,0,4572369000.0,266721524.99999997,4839090525.0,65.0,65.0
APP_NLIU_3209,Rule_3_ii_Financial_Data,1658384,CSRF,1,1,1,1,0,3980121600.0,165838399.99999997,4145960000.0,80.0,80.0
APP_NLIU_3210,Rule_3_iii_v_Health_Medical_Records,63326,SSRF,0,1,1,1,1,177312800.0,18997800.0,196310600.0,40.0,60.0
APP_NLIU_3211,Rule_3_i_Passwords,1655534,SSRF,0,0,1,0,0,4635495200.0,827767000.0,5463262200.0,0.0,0.0
APP_NLIU_3212,Rule_3_iii_v_Health_Medical_Records,528292,,1,1,1,1,1,1056584000.0,52829199.999999985,1109413200.0,80.0,100.0
APP_NLIU_3213,Rule_3_i_Passwords,1719718,SQL_Injection,1,1,1,1,0,5159154000.0,171971799.99999997,5331125800.0,80.0,80.0
APP_NLIU_3214,Rule_3_iii_v_Health_Medical_Records,1226650,XSS,0,1,1,0,0,2698630000.0,459993750.0,3158623750.0,25.0,25.0
APP_NLIU_3215,Rule_3_ii_Financial_Data,1796123,CSRF,0,1,1,1,0,4310695200.0,538836900.0,4849532100.0,40.0,40.0
APP_NLIU_3216,Rule_3_i_Passwords,29022,XSS,0,1,1,0,0,63848400.00000001,10883250.0,74731650.0,25.0,25.0
APP_NLIU_3217,Rule_3_i_Passwords,89458,XSS,0,0,1,1,0,196807600.00000003,38019650.0,234827250.00000003,15.0,15.0
APP_NLIU_3218,Rule_3_i_Passwords,1985698,CSRF,0,0,1,1,0,4765675200.0,843921650.0,5609596850.0,15.0,15.0
APP_NLIU_3219,Rule_3_iii_v_Health_Medical_Records,153317,CSRF,1,1,1,1,0,367960800.0,15331699.999999996,383292500.0,80.0,80.0
APP_NLIU_3220,Rule_3_iii_v_Health_Medical_Records,1661660,,1,1,0,0,0,3323320000.0,290790500.0,3614110500.0,65.0,65.0
APP_NLIU_3221,Rule_3_iii_v_Health_Medical_Records,408243,,1,1,1,1,0,816486000.0,40824299.99999999,857310300.0,80.0,80.0
APP_NLIU_3222,Rule_3_i_Passwords,1460778,SSRF,1,1,0,1,0,4090178399.9999995,255636149.99999997,4345814549.999999,65.0,65.0
APP_NLIU_3223,Rule_3_i_Passwords,1688568,SQL_Injection,0,1,1,1,0,5065704000.0,506570400.0,5572274400.0,40.0,40.0
APP_NLIU_3224,Rule_3_i_Passwords,401742,,1,0,1,1,0,803484000.0,90391949.99999999,893875950.0,55.00000000000001,55.00000000000001
APP_NLIU_3225,Rule_3_i_Passwords,752157,CSRF,0,1,1,1,1,1805176800.0,225647100.0,2030823900.0,40.0,60.0
APP_NLIU_3226,Multi_Category_SPDI,1360081,XSS,0,1,0,1,0,2992178200.0000005,510030375.0,3502208575.0000005,25.0,25.0
APP_NLIU_3227,Rule_3_ii_Financial_Data,1577094,CSRF,0,1,1,1,1,3785025600.0,473128200.0,4258153800.0,40.0,60.0
APP_NLIU_3228,Rule_3_ii_Financial_Data,1878294,SQL_Injection,1,1,1,1,0,5634882000.0,187829399.99999997,5822711400.0,80.0,80.0
APP_NLIU_3229,Rule_3_i_Passwords,1083109,XSS,0,1,1,0,1,2382839800.0,406165875.0,2789005675.0,25.0,45.0
APP_NLIU_3230,Rule_3_ii_Financial_Data,1285609,XSS,1,1,1,1,0,2828339800.0,128560899.99999997,2956900700.0,80.0,80.0
APP_NLIU_3231,Rule_3_iii_v_Health_Medical_Records,1202964,SSRF,1,1,1,1,1,3368299200.0,120296399.99999997,3488595600.0,80.0,100.0
APP_NLIU_3232,Rule_3_iii_v_Health_Medical_Records,1193347,XSS,1,1,1,1,0,2625363400.0,119334699.99999997,2744698100.0,80.0,80.0
APP_NLIU_3233,Rule_3_ii_Financial_Data,739851,,1,1,0,0,1,1479702000.0,129473924.99999999,1609175925.0,65.0,85.0
APP_NLIU_3234,Rule_3_i_Passwords,656729,XSS,0,1,1,1,1,1444803800.0,197018700.0,1641822500.0,40.0,60.0
APP_NLIU_3235,Rule_3_ii_Financial_Data,1937087,SQL_Injection,0,0,1,1,0,5811261000.0,823261975.0,6634522975.0,15.0,15.0
APP_NLIU_3236,Rule_3_ii_Financial_Data,1040670,XSS,1,1,1,0,0,2289474000.0,182117250.0,2471591250.0,65.0,65.0
APP_NLIU_3237,Rule_3_ii_Financial_Data,105960,,1,1,1,1,1,211920000.0,10595999.999999998,222516000.0,80.0,100.0
APP_NLIU_3238,Multi_Category_SPDI,1636329,,0,0,1,1,1,3272658000.0,695439825.0,3968097825.0,15.0,35.0
APP_NLIU_3239,Rule_3_iii_v_Health_Medical_Records,152745,Exception_Handling_Failure,0,1,1,0,1,412411500.0,57279375.0,469690875.0,25.0,45.0
APP_NLIU_3240,Rule_3_iii_v_Health_Medical_Records,1339115,SSRF,1,1,1,0,1,3749522000.0,234345125.0,3983867125.0,65.0,85.0
APP_NLIU_3241,Rule_3_ii_Financial_Data,1157738,,1,0,1,1,0,2315476000.0,260491049.99999997,2575967050.0,55.00000000000001,55.00000000000001
APP_NLIU_3242,Rule_3_ii_Financial_Data,1184280,Exception_Handling_Failure,1,0,0,1,1,3197556000.0,355284000.0,3552840000.0,40.0,60.0
APP_NLIU_3243,Rule_3_iii_v_Health_Medical_Records,1208355,SQL_Injection,0,1,1,1,0,3625065000.0,362506500.0,3987571500.0,40.0,40.0
APP_NLIU_3244,Rule_3_iii_v_Health_Medical_Records,482965,XSS,1,0,1,1,1,1062523000.0000001,108667124.99999999,1171190125.0,55.00000000000001,75.0
APP_NLIU_3245,Rule_3_iii_v_Health_Medical_Records,80937,CSRF,0,1,0,1,1,194248800.0,30351375.0,224600175.0,25.0,45.0
APP_NLIU_3246,Rule_3_i_Passwords,658935,Exception_Handling_Failure,1,1,0,0,0,1779124500.0,115313625.0,1894438125.0,65.0,65.0
APP_NLIU_3247,Rule_3_iii_v_Health_Medical_Records,649938,SSRF,1,1,1,1,1,1819826400.0,64993799.999999985,1884820200.0,80.0,100.0
APP_NLIU_3248,Rule_3_ii_Financial_Data,397888,XSS,1,0,0,1,0,875353600.0000001,119366400.0,994720000.0000001,40.0,40.0
APP_NLIU_3249,Multi_Category_SPDI,747092,,1,1,1,1,0,1494184000.0,74709199.99999999,1568893200.0,80.0,80.0
APP_NLIU_3250,Rule_3_iii_v_Health_Medical_Records,1765352,,1,1,1,0,1,3530704000.0,308936600.0,3839640600.0,65.0,85.0
APP_NLIU_3251,Rule_3_iii_v_Health_Medical_Records,882944,,1,0,1,1,1,1765888000.0,198662399.99999997,1964550400.0,55.00000000000001,75.0
APP_NLIU_3252,Rule_3_i_Passwords,1193406,,1,1,1,1,0,2386812000.0,119340599.99999997,2506152600.0,80.0,80.0
APP_NLIU_3253,Rule_3_iii_v_Health_Medical_Records,1644873,SQL_Injection,0,1,1,1,1,4934619000.0,493461900.0,5428080900.0,40.0,60.0
APP_NLIU_3254,Rule_3_i_Passwords,411497,Exception_Handling_Failure,0,0,0,1,0,1111041900.0,205748500.0,1316790400.0,0.0,0.0
APP_NLIU_3255,Rule_3_ii_Financial_Data,264188,XSS,0,1,1,1,0,581213600.0,79256400.0,660470000.0,40.0,40.0
APP_NLIU_3256,Rule_3_i_Passwords,1298916,,1,1,1,0,1,2597832000.0,227310300.0,2825142300.0,65.0,85.0
APP_NLIU_3257,Rule_3_iii_v_Health_Medical_Records,37548,CSRF,1,0,1,1,0,90115200.0,8448300.0,98563500.0,55.00000000000001,55.00000000000001
APP_NLIU_3258,Rule_3_ii_Financial_Data,1596235,,0,1,1,1,0,3192470000.0,478870500.0,3671340500.0,40.0,40.0
APP_NLIU_3259,Rule_3_ii_Financial_Data,1016403,Exception_Handling_Failure,0,1,0,0,0,2744288100.0,381151125.0,3125439225.0,25.0,25.0
APP_NLIU_3260,Multi_Category_SPDI,1421697,,0,0,1,1,0,2843394000.0,604221225.0,3447615225.0,15.0,15.0
APP_NLIU_3261,Rule_3_ii_Financial_Data,1728580,SQL_Injection,1,0,1,1,0,5185740000.0,388930499.99999994,5574670500.0,55.00000000000001,55.00000000000001
APP_NLIU_3262,Rule_3_iii_v_Health_Medical_Records,229731,SSRF,1,0,1,1,1,643246800.0,51689474.99999999,694936275.0,55.00000000000001,75.0
APP_NLIU_3263,Rule_3_ii_Financial_Data,1208522,,1,0,1,1,0,2417044000.0,271917450.0,2688961450.0,55.00000000000001,55.00000000000001
APP_NLIU_3264,Rule_3_i_Passwords,1535451,SQL_Injection,1,0,1,1,0,4606353000.0,345476474.99999994,4951829475.0,55.00000000000001,55.00000000000001
APP_NLIU_3265,Rule_3_vi_Biometric_Information,1592145,,1,1,0,1,0,3184290000.0,278625375.0,3462915375.0,65.0,65.0
APP_NLIU_3266,Rule_3_i_Passwords,991291,SQL_Injection,1,0,1,0,0,2973873000.0,297387300.0,3271260300.0,40.0,40.0
APP_NLIU_3267,Rule_3_ii_Financial_Data,420505,Exception_Handling_Failure,0,1,1,1,0,1135363500.0,126151500.0,1261515000.0,40.0,40.0
APP_NLIU_3268,Rule_3_iii_v_Health_Medical_Records,1304636,CSRF,1,1,0,1,0,3131126400.0,228311300.0,3359437700.0,65.0,65.0
APP_NLIU_3269,Rule_3_iii_v_Health_Medical_Records,1451846,Exception_Handling_Failure,1,1,1,1,0,3919984200.0000005,145184599.99999997,4065168800.0000005,80.0,80.0
APP_NLIU_3270,Rule_3_iii_v_Health_Medical_Records,105020,Exception_Handling_Failure,0,1,1,1,0,283554000.0,31506000.0,315060000.0,40.0,40.0
APP_NLIU_3271,Rule_3_ii_Financial_Data,636796,CSRF,1,1,1,1,0,1528310400.0,63679599.999999985,1591990000.0,80.0,80.0
APP_NLIU_3272,Rule_3_i_Passwords,1559202,SQL_Injection,1,0,1,0,1,4677606000.0,467760600.0,5145366600.0,40.0,60.0
APP_NLIU_3273,Rule_3_iii_v_Health_Medical_Records,71846,SQL_Injection,1,0,1,1,0,215538000.0,16165349.999999998,231703350.0,55.00000000000001,55.00000000000001
APP_NLIU_3274,Rule_3_iii_v_Health_Medical_Records,1410402,XSS,1,0,1,1,0,3102884400.0000005,317340449.99999994,3420224850.0000005,55.00000000000001,55.00000000000001
APP_NLIU_3275,Rule_3_vi_Biometric_Information,447985,XSS,0,1,0,0,1,985567000.0000001,167994375.0,1153561375.0,25.0,45.0
APP_NLIU_3276,Rule_3_vi_Biometric_Information,1345032,,0,1,1,1,1,2690064000.0,403509600.0,3093573600.0,40.0,60.0
APP_NLIU_3277,Rule_3_vi_Biometric_Information,1543309,XSS,1,1,1,0,1,3395279800.0000005,270079075.0,3665358875.0000005,65.0,85.0
APP_NLIU_3278,Rule_3_ii_Financial_Data,381330,XSS,0,1,1,1,1,838926000.0000001,114399000.0,953325000.0000001,40.0,60.0
APP_NLIU_3279,Rule_3_ii_Financial_Data,795689,CSRF,0,1,1,1,1,1909653600.0,238706700.0,2148360300.0,40.0,60.0
APP_NLIU_3280,Rule_3_vi_Biometric_Information,414062,SQL_Injection,1,0,0,1,1,1242186000.0,124218600.0,1366404600.0,40.0,60.0
APP_NLIU_3281,Rule_3_ii_Financial_Data,1469275,CSRF,1,1,1,1,1,3526260000.0,146927499.99999997,3673187500.0,80.0,100.0
APP_NLIU_3282,Rule_3_i_Passwords,555846,,0,1,1,1,1,1111692000.0,166753800.0,1278445800.0,40.0,60.0
APP_NLIU_3283,Multi_Category_SPDI,572476,,0,0,1,1,0,1144952000.0,243302300.0,1388254300.0,15.0,15.0
APP_NLIU_3284,Multi_Category_SPDI,673372,CSRF,1,0,1,1,0,1616092800.0,151508699.99999997,1767601500.0,55.00000000000001,55.00000000000001
APP_NLIU_3285,Rule_3_ii_Financial_Data,562524,XSS,0,1,1,0,1,1237552800.0,210946500.0,1448499300.0,25.0,45.0
APP_NLIU_3286,Rule_3_i_Passwords,1551001,,0,1,0,1,1,3102002000.0,581625375.0,3683627375.0,25.0,45.0
APP_NLIU_3287,Rule_3_ii_Financial_Data,574364,XSS,1,1,0,1,0,1263600800.0,100513700.0,1364114500.0,65.0,65.0
APP_NLIU_3288,Rule_3_vi_Biometric_Information,315546,SQL_Injection,0,1,1,1,0,946638000.0,94663800.0,1041301800.0,40.0,40.0
APP_NLIU_3289,Multi_Category_SPDI,361611,SQL_Injection,1,1,1,0,1,1084833000.0,63281924.99999999,1148114925.0,65.0,85.0
APP_NLIU_3290,Rule_3_ii_Financial_Data,168148,XSS,1,1,1,1,1,369925600.00000006,16814799.999999996,386740400.00000006,80.0,100.0
APP_NLIU_3291,Rule_3_i_Passwords,1658201,,0,0,0,0,1,3316402000.0,829100500.0,4145502500.0,0.0,20.0
APP_NLIU_3292,Multi_Category_SPDI,120827,Exception_Handling_Failure,0,1,1,1,1,326232900.0,36248100.0,362481000.0,40.0,60.0
APP_NLIU_3293,Rule_3_ii_Financial_Data,1521956,SQL_Injection,1,1,0,1,0,4565868000.0,266342299.99999997,4832210300.0,65.0,65.0
APP_NLIU_3294,Rule_3_iii_v_Health_Medical_Records,1652128,SSRF,1,0,1,0,0,4625958400.0,495638400.0,5121596800.0,40.0,40.0
APP_NLIU_3295,Multi_Category_SPDI,808767,,0,1,1,1,0,1617534000.0,242630100.0,1860164100.0,40.0,40.0
APP_NLIU_3296,Rule_3_i_Passwords,1831636,,0,1,0,1,1,3663272000.0,686863500.0,4350135500.0,25.0,45.0
APP_NLIU_3297,Rule_3_iii_v_Health_Medical_Records,573061,Exception_Handling_Failure,1,1,1,1,0,1547264700.0,57306099.999999985,1604570800.0,80.0,80.0
APP_NLIU_3298,Rule_3_i_Passwords,712518,Exception_Handling_Failure,0,1,1,1,0,1923798600.0000002,213755400.0,2137554000.0000002,40.0,40.0
APP_NLIU_3299,Rule_3_ii_Financial_Data,295714,SQL_Injection,1,1,1,1,0,887142000.0,29571399.999999993,916713400.0,80.0,80.0
APP_NLIU_3300,Rule_3_vi_Biometric_Information,92995,,0,1,0,1,0,185990000.0,34873125.0,220863125.0,25.0,25.0
APP_NLIU_3301,Rule_3_ii_Financial_Data,45658,,0,1,1,1,0,91316000.0,13697400.0,105013400.0,40.0,40.0
APP_NLIU_3302,Multi_Category_SPDI,1505976,CSRF,1,1,1,1,1,3614342400.0,150597599.99999997,3764940000.0,80.0,100.0
APP_NLIU_3303,Rule_3_iii_v_Health_Medical_Records,1436360,,0,1,0,1,1,2872720000.0,538635000.0,3411355000.0,25.0,45.0
APP_NLIU_3304,Rule_3_ii_Financial_Data,1912621,SSRF,0,1,1,1,1,5355338800.0,573786300.0,5929125100.0,40.0,60.0
APP_NLIU_3305,Rule_3_ii_Financial_Data,325338,SQL_Injection,0,1,1,1,0,976014000.0,97601400.0,1073615400.0,40.0,40.0
APP_NLIU_3306,Rule_3_ii_Financial_Data,1252155,SSRF,1,1,1,0,1,3506034000.0,219127125.0,3725161125.0,65.0,85.0
APP_NLIU_3307,Rule_3_ii_Financial_Data,379016,SSRF,1,0,1,0,1,1061244799.9999999,113704800.0,1174949600.0,40.0,60.0
APP_NLIU_3308,Rule_3_i_Passwords,956463,CSRF,1,0,1,1,1,2295511200.0,215204174.99999997,2510715375.0,55.00000000000001,75.0
APP_NLIU_3309,Rule_3_ii_Financial_Data,451288,XSS,1,1,1,0,0,992833600.0000001,78975400.0,1071809000.0000001,65.0,65.0
APP_NLIU_3310,Rule_3_ii_Financial_Data,705948,XSS,1,1,1,0,1,1553085600.0000002,123540899.99999999,1676626500.0000002,65.0,85.0
APP_NLIU_3311,Rule_3_iii_v_Health_Medical_Records,963037,XSS,1,1,1,0,1,2118681400.0000002,168531475.0,2287212875.0,65.0,85.0
APP_NLIU_3312,Rule_3_iii_v_Health_Medical_Records,1948566,CSRF,0,1,1,1,0,4676558400.0,584569800.0,5261128200.0,40.0,40.0
APP_NLIU_3313,Rule_3_iii_v_Health_Medical_Records,1305529,SQL_Injection,0,1,1,1,0,3916587000.0,391658700.0,4308245700.0,40.0,40.0
APP_NLIU_3314,Rule_3_i_Passwords,73582,Exception_Handling_Failure,0,1,1,1,0,198671400.0,22074600.0,220746000.0,40.0,40.0
APP_NLIU_3315,Rule_3_ii_Financial_Data,1770679,CSRF,0,1,1,1,0,4249629600.0,531203700.0,4780833300.0,40.0,40.0
APP_NLIU_3316,Rule_3_iii_v_Health_Medical_Records,442734,CSRF,0,1,0,1,0,1062561600.0,166025250.0,1228586850.0,25.0,25.0
APP_NLIU_3317,Rule_3_ii_Financial_Data,148775,,0,1,1,1,0,297550000.0,44632500.0,342182500.0,40.0,40.0
APP_NLIU_3318,Rule_3_i_Passwords,1627320,,1,1,1,1,0,3254640000.0,162731999.99999997,3417372000.0,80.0,80.0
APP_NLIU_3319,Rule_3_vi_Biometric_Information,584779,,1,1,0,1,1,1169558000.0,102336325.0,1271894325.0,65.0,85.0
APP_NLIU_3320,Rule_3_vi_Biometric_Information,275187,XSS,0,1,1,1,1,605411400.0,82556100.0,687967500.0,40.0,60.0
APP_NLIU_3321,Rule_3_iii_v_Health_Medical_Records,370356,SQL_Injection,0,1,1,1,0,1111068000.0,111106800.0,1222174800.0,40.0,40.0
APP_NLIU_3322,Rule_3_i_Passwords,523943,Exception_Handling_Failure,0,0,1,1,0,1414646100.0,222675775.0,1637321875.0,15.0,15.0
APP_NLIU_3323,Rule_3_vi_Biometric_Information,1817867,SSRF,0,0,1,1,1,5090027600.0,772593475.0,5862621075.0,15.0,35.0
APP_NLIU_3324,Rule_3_iii_v_Health_Medical_Records,335484,XSS,0,1,1,1,1,738064800.0,100645200.0,838710000.0,40.0,60.0
APP_NLIU_3325,Rule_3_vi_Biometric_Information,1194824,SQL_Injection,1,0,1,1,1,3584472000.0,268835400.0,3853307400.0,55.00000000000001,75.0
APP_NLIU_3326,Rule_3_vi_Biometric_Information,402152,,0,1,1,1,1,804304000.0,120645600.0,924949600.0,40.0,60.0
APP_NLIU_3327,Rule_3_vi_Biometric_Information,1609038,SQL_Injection,0,0,1,1,1,4827114000.0,683841150.0,5510955150.0,15.0,35.0
APP_NLIU_3328,Rule_3_iii_v_Health_Medical_Records,1398352,,0,1,1,1,1,2796704000.0,419505600.0,3216209600.0,40.0,60.0
APP_NLIU_3329,Rule_3_i_Passwords,355912,,1,0,0,1,1,711824000.0,106773600.0,818597600.0,40.0,60.0
APP_NLIU_3330,Rule_3_iii_v_Health_Medical_Records,1965783,XSS,1,0,0,1,1,4324722600.0,589734900.0,4914457500.0,40.0,60.0
APP_NLIU_3331,Rule_3_iii_v_Health_Medical_Records,637465,,1,0,1,1,1,1274930000.0,143429625.0,1418359625.0,55.00000000000001,75.0
APP_NLIU_3332,Rule_3_iii_v_Health_Medical_Records,555197,Exception_Handling_Failure,1,1,0,1,1,1499031900.0,97159475.0,1596191375.0,65.0,85.0
APP_NLIU_3333,Rule_3_i_Passwords,1097734,,0,1,1,1,1,2195468000.0,329320200.0,2524788200.0,40.0,60.0
APP_NLIU_3334,Rule_3_i_Passwords,668726,XSS,0,1,1,0,1,1471197200.0,250772250.0,1721969450.0,25.0,45.0
APP_NLIU_3335,Multi_Category_SPDI,221197,,1,1,1,1,1,442394000.0,22119699.999999996,464513700.0,80.0,100.0
APP_NLIU_3336,Rule_3_iii_v_Health_Medical_Records,1763273,XSS,1,1,1,1,1,3879200600.0000005,176327299.99999997,4055527900.0000005,80.0,100.0
APP_NLIU_3337,Multi_Category_SPDI,1964304,,0,1,1,0,0,3928608000.0,736614000.0,4665222000.0,25.0,25.0
APP_NLIU_3338,Rule_3_vi_Biometric_Information,850763,XSS,0,1,0,1,1,1871678600.0000002,319036125.0,2190714725.0,25.0,45.0
APP_NLIU_3339,Rule_3_iii_v_Health_Medical_Records,1839348,XSS,1,0,1,1,1,4046565600.0000005,413853299.99999994,4460418900.0,55.00000000000001,75.0
APP_NLIU_3340,Rule_3_iii_v_Health_Medical_Records,773278,,0,0,1,1,0,1546556000.0,328643150.0,1875199150.0,15.0,15.0
APP_NLIU_3341,Multi_Category_SPDI,732402,,1,1,1,1,0,1464804000.0,73240199.99999999,1538044200.0,80.0,80.0
APP_NLIU_3342,Rule_3_iii_v_Health_Medical_Records,1497716,XSS,1,0,1,0,0,3294975200.0000005,449314800.0,3744290000.0000005,40.0,40.0
APP_NLIU_3343,Rule_3_iii_v_Health_Medical_Records,1475634,SSRF,0,1,1,1,1,4131775199.9999995,442690200.0,4574465400.0,40.0,60.0
APP_NLIU_3344,Rule_3_i_Passwords,677818,XSS,1,1,0,0,1,1491199600.0000002,118618149.99999999,1609817750.0000002,65.0,85.0
APP_NLIU_3345,Rule_3_ii_Financial_Data,1140943,,1,1,0,1,0,2281886000.0,199665025.0,2481551025.0,65.0,65.0
APP_NLIU_3346,Rule_3_iii_v_Health_Medical_Records,332526,,0,0,1,0,1,665052000.0,166263000.0,831315000.0,0.0,20.0
APP_NLIU_3347,Rule_3_ii_Financial_Data,1050144,,0,1,0,0,1,2100288000.0,393804000.0,2494092000.0,25.0,45.0
APP_NLIU_3348,Rule_3_ii_Financial_Data,1127895,SQL_Injection,0,1,1,1,0,3383685000.0,338368500.0,3722053500.0,40.0,40.0
APP_NLIU_3349,Rule_3_ii_Financial_Data,278314,XSS,1,1,1,1,0,612290800.0,27831399.999999993,640122200.0,80.0,80.0
APP_NLIU_3350,Rule_3_ii_Financial_Data,649240,Exception_Handling_Failure,1,1,0,1,1,1752948000.0,113617000.0,1866565000.0,65.0,85.0
APP_NLIU_3351,Rule_3_ii_Financial_Data,609433,,1,0,0,1,1,1218866000.0,182829900.0,1401695900.0,40.0,60.0
APP_NLIU_3352,Rule_3_ii_Financial_Data,1840003,SQL_Injection,0,1,1,1,0,5520009000.0,552000900.0,6072009900.0,40.0,40.0
APP_NLIU_3353,Multi_Category_SPDI,1945634,,1,1,0,0,1,3891268000.0,340485950.0,4231753950.0,65.0,85.0
APP_NLIU_3354,Rule_3_iii_v_Health_Medical_Records,1273219,XSS,1,0,1,1,1,2801081800.0,286474275.0,3087556075.0,55.00000000000001,75.0
APP_NLIU_3355,Rule_3_i_Passwords,807640,SSRF,1,0,1,1,0,2261392000.0,181718999.99999997,2443111000.0,55.00000000000001,55.00000000000001
APP_NLIU_3356,Rule_3_i_Passwords,695538,CSRF,0,1,1,1,1,1669291200.0,208661400.0,1877952600.0,40.0,60.0
APP_NLIU_3357,Rule_3_iii_v_Health_Medical_Records,215244,CSRF,0,1,1,1,1,516585600.0,64573200.0,581158800.0,40.0,60.0
APP_NLIU_3358,Rule_3_ii_Financial_Data,669399,XSS,1,1,1,1,1,1472677800.0,66939899.999999985,1539617700.0,80.0,100.0
APP_NLIU_3359,Rule_3_vi_Biometric_Information,19990,SQL_Injection,1,0,1,1,0,59970000.0,4497750.0,64467750.0,55.00000000000001,55.00000000000001
APP_NLIU_3360,Rule_3_iii_v_Health_Medical_Records,666801,SSRF,1,1,1,1,1,1867042800.0,66680099.999999985,1933722900.0,80.0,100.0
APP_NLIU_3361,Rule_3_vi_Biometric_Information,996725,,0,1,1,1,0,1993450000.0,299017500.0,2292467500.0,40.0,40.0
APP_NLIU_3362,Rule_3_ii_Financial_Data,1570217,SQL_Injection,1,1,0,1,0,4710651000.0,274787975.0,4985438975.0,65.0,65.0
APP_NLIU_3363,Rule_3_iii_v_Health_Medical_Records,134327,SSRF,1,1,0,0,0,376115600.0,23507225.0,399622825.0,65.0,65.0
APP_NLIU_3364,Rule_3_ii_Financial_Data,870746,XSS,1,1,1,1,0,1915641200.0000002,87074599.99999999,2002715800.0000002,80.0,80.0
APP_NLIU_3365,Multi_Category_SPDI,1342582,XSS,0,0,1,1,1,2953680400.0000005,570597350.0,3524277750.0000005,15.0,35.0
APP_NLIU_3366,Rule_3_iii_v_Health_Medical_Records,1474065,,1,1,1,0,0,2948130000.0,257961374.99999997,3206091375.0,65.0,65.0
APP_NLIU_3367,Rule_3_ii_Financial_Data,1933957,XSS,1,1,1,1,1,4254705400.0000005,193395699.99999997,4448101100.0,80.0,100.0
APP_NLIU_3368,Rule_3_ii_Financial_Data,659511,,1,1,1,0,1,1319022000.0,115414425.0,1434436425.0,65.0,85.0
APP_NLIU_3369,Rule_3_i_Passwords,1843964,Exception_Handling_Failure,1,1,1,1,1,4978702800.0,184396399.99999997,5163099200.0,80.0,100.0
APP_NLIU_3370,Rule_3_iii_v_Health_Medical_Records,208161,SQL_Injection,1,1,1,1,0,624483000.0,20816099.999999996,645299100.0,80.0,80.0
APP_NLIU_3371,Rule_3_ii_Financial_Data,1404509,SSRF,1,1,1,0,1,3932625199.9999995,245789074.99999997,4178414274.9999995,65.0,85.0
APP_NLIU_3372,Rule_3_iii_v_Health_Medical_Records,1405171,XSS,0,1,1,1,1,3091376200.0000005,421551300.0,3512927500.0000005,40.0,60.0
APP_NLIU_3373,Rule_3_ii_Financial_Data,122782,CSRF,1,0,0,1,0,294676800.0,36834600.0,331511400.0,40.0,40.0
APP_NLIU_3374,Rule_3_iii_v_Health_Medical_Records,793797,,1,1,1,0,0,1587594000.0,138914475.0,1726508475.0,65.0,65.0
APP_NLIU_3375,Rule_3_vi_Biometric_Information,339348,XSS,0,0,1,1,1,746565600.0000001,144222900.0,890788500.0000001,15.0,35.0
APP_NLIU_3376,Rule_3_vi_Biometric_Information,403216,CSRF,0,1,1,1,1,967718400.0,120964800.0,1088683200.0,40.0,60.0
APP_NLIU_3377,Rule_3_vi_Biometric_Information,848504,SSRF,0,0,1,1,1,2375811200.0,360614200.0,2736425400.0,15.0,35.0
APP_NLIU_3378,Rule_3_i_Passwords,57499,SSRF,1,1,1,1,0,160997200.0,5749899.999999999,166747100.0,80.0,80.0
APP_NLIU_3379,Rule_3_i_Passwords,1310599,XSS,0,1,0,1,1,2883317800.0,491474625.0,3374792425.0,25.0,45.0
APP_NLIU_3380,Rule_3_iii_v_Health_Medical_Records,336355,XSS,1,1,0,1,0,739981000.0000001,58862124.99999999,798843125.0000001,65.0,65.0
APP_NLIU_3381,Rule_3_ii_Financial_Data,1197555,XSS,1,0,1,1,0,2634621000.0,269449875.0,2904070875.0,55.00000000000001,55.00000000000001
APP_NLIU_3382,Rule_3_ii_Financial_Data,153408,SSRF,1,1,1,1,1,429542400.0,15340799.999999996,444883200.0,80.0,100.0
APP_NLIU_3383,Rule_3_i_Passwords,1925228,Exception_Handling_Failure,0,1,0,0,0,5198115600.0,721960500.0,5920076100.0,25.0,25.0
APP_NLIU_3384,Rule_3_ii_Financial_Data,885279,,1,0,1,1,0,1770558000.0,199187774.99999997,1969745775.0,55.00000000000001,55.00000000000001
APP_NLIU_3385,Rule_3_i_Passwords,712691,CSRF,1,1,1,1,1,1710458400.0,71269099.99999999,1781727500.0,80.0,100.0
APP_NLIU_3386,Multi_Category_SPDI,376603,XSS,0,1,0,1,0,828526600.0000001,141226125.0,969752725.0000001,25.0,25.0
APP_NLIU_3387,Rule_3_ii_Financial_Data,1393475,,1,1,1,0,1,2786950000.0,243858124.99999997,3030808125.0,65.0,85.0
APP_NLIU_3388,Rule_3_iii_v_Health_Medical_Records,335927,CSRF,1,1,1,0,1,806224800.0,58787224.99999999,865012025.0,65.0,85.0
APP_NLIU_3389,Rule_3_i_Passwords,730311,XSS,0,1,1,1,0,1606684200.0000002,219093300.0,1825777500.0000002,40.0,40.0
APP_NLIU_3390,Rule_3_iii_v_Health_Medical_Records,1761445,SQL_Injection,1,1,1,1,1,5284335000.0,176144499.99999997,5460479500.0,80.0,100.0
APP_NLIU_3391,Rule_3_ii_Financial_Data,1967859,Exception_Handling_Failure,0,1,1,1,1,5313219300.0,590357700.0,5903577000.0,40.0,60.0
APP_NLIU_3392,Multi_Category_SPDI,797904,SQL_Injection,1,0,1,1,1,2393712000.0,179528399.99999997,2573240400.0,55.00000000000001,75.0
APP_NLIU_3393,Multi_Category_SPDI,1469172,,1,0,1,1,0,2938344000.0,330563699.99999994,3268907700.0,55.00000000000001,55.00000000000001
APP_NLIU_3394,Rule_3_ii_Financial_Data,370296,,0,1,1,1,1,740592000.0,111088800.0,851680800.0,40.0,60.0
APP_NLIU_3395,Multi_Category_SPDI,1211928,,1,1,1,0,1,2423856000.0,212087400.0,2635943400.0,65.0,85.0
APP_NLIU_3396,Multi_Category_SPDI,1206507,,1,0,1,1,1,2413014000.0,271464075.0,2684478075.0,55.00000000000001,75.0
APP_NLIU_3397,Rule_3_vi_Biometric_Information,1283989,XSS,1,1,0,1,1,2824775800.0,224698075.0,3049473875.0,65.0,85.0
APP_NLIU_3398,Rule_3_vi_Biometric_Information,1495194,XSS,0,1,1,1,0,3289426800.0000005,448558200.0,3737985000.0000005,40.0,40.0
APP_NLIU_3399,Rule_3_ii_Financial_Data,1192910,,0,0,1,1,1,2385820000.0,506986750.0,2892806750.0,15.0,35.0
APP_NLIU_3400,Rule_3_iii_v_Health_Medical_Records,1982146,,0,0,1,1,1,3964292000.0,842412050.0,4806704050.0,15.0,35.0
APP_NLIU_3401,Rule_3_i_Passwords,151626,XSS,1,1,0,1,0,333577200.0,26534550.0,360111750.0,65.0,65.0
APP_NLIU_3402,Rule_3_i_Passwords,1584872,,0,1,0,0,1,3169744000.0,594327000.0,3764071000.0,25.0,45.0
APP_NLIU_3403,Multi_Category_SPDI,1927859,XSS,1,1,1,1,0,4241289800.0000005,192785899.99999997,4434075700.0,80.0,80.0
APP_NLIU_3404,Rule_3_ii_Financial_Data,1134375,XSS,1,1,1,0,1,2495625000.0,198515625.0,2694140625.0,65.0,85.0
APP_NLIU_3405,Rule_3_iii_v_Health_Medical_Records,1856246,XSS,1,1,1,1,1,4083741200.0000005,185624599.99999997,4269365800.0000005,80.0,100.0
APP_NLIU_3406,Rule_3_vi_Biometric_Information,240018,SSRF,1,1,1,1,0,672050400.0,24001799.999999996,696052200.0,80.0,80.0
APP_NLIU_3407,Multi_Category_SPDI,1004529,SQL_Injection,1,0,1,1,0,3013587000.0,226019024.99999997,3239606025.0,55.00000000000001,55.00000000000001
APP_NLIU_3408,Multi_Category_SPDI,1332873,SSRF,1,1,1,1,1,3732044400.0,133287299.99999997,3865331700.0,80.0,100.0
APP_NLIU_3409,Rule_3_ii_Financial_Data,1112929,XSS,0,1,0,1,1,2448443800.0,417348375.0,2865792175.0,25.0,45.0
APP_NLIU_3410,Rule_3_i_Passwords,581380,CSRF,0,1,1,1,1,1395312000.0,174414000.0,1569726000.0,40.0,60.0
APP_NLIU_3411,Rule_3_ii_Financial_Data,248907,XSS,0,1,1,0,1,547595400.0,93340125.0,640935525.0,25.0,45.0
APP_NLIU_3412,Rule_3_i_Passwords,1752088,,1,0,1,1,0,3504176000.0,394219799.99999994,3898395800.0,55.00000000000001,55.00000000000001
APP_NLIU_3413,Rule_3_i_Passwords,1626968,CSRF,0,1,0,1,1,3904723200.0,610113000.0,4514836200.0,25.0,45.0
APP_NLIU_3414,Rule_3_ii_Financial_Data,160355,XSS,1,1,0,1,0,352781000.0,28062125.0,380843125.0,65.0,65.0
APP_NLIU_3415,Rule_3_vi_Biometric_Information,1493221,SQL_Injection,0,1,1,1,0,4479663000.0,447966300.0,4927629300.0,40.0,40.0
APP_NLIU_3416,Rule_3_iii_v_Health_Medical_Records,1797470,SQL_Injection,0,0,1,1,0,5392410000.0,763924750.0,6156334750.0,15.0,15.0
APP_NLIU_3417,Rule_3_ii_Financial_Data,977461,,1,1,1,1,1,1954922000.0,97746099.99999999,2052668100.0,80.0,100.0
APP_NLIU_3418,Rule_3_iii_v_Health_Medical_Records,33887,XSS,0,1,0,1,1,74551400.0,12707625.0,87259025.0,25.0,45.0
APP_NLIU_3419,Rule_3_ii_Financial_Data,1492964,,1,0,1,1,0,2985928000.0,335916899.99999994,3321844900.0,55.00000000000001,55.00000000000001
APP_NLIU_3420,Rule_3_i_Passwords,795787,SQL_Injection,1,0,1,1,1,2387361000.0,179052074.99999997,2566413075.0,55.00000000000001,75.0
APP_NLIU_3421,Rule_3_vi_Biometric_Information,1349421,XSS,1,1,1,0,1,2968726200.0000005,236148674.99999997,3204874875.0000005,65.0,85.0
APP_NLIU_3422,Rule_3_iii_v_Health_Medical_Records,177606,CSRF,0,0,0,1,1,426254400.0,88803000.0,515057400.0,0.0,20.0
APP_NLIU_3423,Rule_3_vi_Biometric_Information,256420,SSRF,1,1,1,0,1,717976000.0,44873500.0,762849500.0,65.0,85.0
APP_NLIU_3424,Rule_3_i_Passwords,1649306,SQL_Injection,0,1,1,1,0,4947918000.0,494791800.0,5442709800.0,40.0,40.0
APP_NLIU_3425,Rule_3_vi_Biometric_Information,983778,SQL_Injection,1,1,1,1,1,2951334000.0,98377799.99999999,3049711800.0,80.0,100.0
APP_NLIU_3426,Rule_3_iii_v_Health_Medical_Records,541567,CSRF,0,1,1,1,1,1299760800.0,162470100.0,1462230900.0,40.0,60.0
APP_NLIU_3427,Rule_3_iii_v_Health_Medical_Records,1752427,SQL_Injection,0,1,1,1,0,5257281000.0,525728100.0,5783009100.0,40.0,40.0
APP_NLIU_3428,Rule_3_iii_v_Health_Medical_Records,650026,,1,1,1,1,1,1300052000.0,65002599.999999985,1365054600.0,80.0,100.0
APP_NLIU_3429,Multi_Category_SPDI,1522939,CSRF,1,0,1,1,0,3655053600.0,342661274.99999994,3997714875.0,55.00000000000001,55.00000000000001
APP_NLIU_3430,Rule_3_iii_v_Health_Medical_Records,668621,SQL_Injection,1,0,0,0,1,2005863000.0,200586300.0,2206449300.0,40.0,60.0
APP_NLIU_3431,Rule_3_iii_v_Health_Medical_Records,664834,SSRF,1,0,0,1,1,1861535200.0,199450200.0,2060985400.0,40.0,60.0
APP_NLIU_3432,Multi_Category_SPDI,1669278,XSS,1,1,0,1,0,3672411600.0000005,292123650.0,3964535250.0000005,65.0,65.0
APP_NLIU_3433,Rule_3_vi_Biometric_Information,1868398,SQL_Injection,1,1,1,0,1,5605194000.0,326969650.0,5932163650.0,65.0,85.0
APP_NLIU_3434,Rule_3_ii_Financial_Data,425141,,1,0,0,1,0,850282000.0,127542300.0,977824300.0,40.0,40.0
APP_NLIU_3435,Rule_3_iii_v_Health_Medical_Records,349318,,1,1,1,1,1,698636000.0,34931799.99999999,733567800.0,80.0,100.0
APP_NLIU_3436,Rule_3_ii_Financial_Data,225079,SSRF,1,1,1,0,1,630221200.0,39388825.0,669610025.0,65.0,85.0
APP_NLIU_3437,Rule_3_ii_Financial_Data,1582651,XSS,1,1,0,1,0,3481832200.0000005,276963925.0,3758796125.0000005,65.0,65.0
APP_NLIU_3438,Rule_3_iii_v_Health_Medical_Records,1296527,SQL_Injection,0,0,1,1,0,3889581000.0,551023975.0,4440604975.0,15.0,15.0
APP_NLIU_3439,Multi_Category_SPDI,209470,Exception_Handling_Failure,1,1,0,1,0,565569000.0,36657250.0,602226250.0,65.0,65.0
APP_NLIU_3440,Multi_Category_SPDI,1767113,XSS,0,1,1,1,1,3887648600.0000005,530133900.0,4417782500.0,40.0,60.0
APP_NLIU_3441,Rule_3_ii_Financial_Data,1359444,CSRF,0,0,1,0,1,3262665600.0,679722000.0,3942387600.0,0.0,20.0
APP_NLIU_3442,Rule_3_iii_v_Health_Medical_Records,1588527,SSRF,0,1,1,1,0,4447875600.0,476558100.0,4924433700.0,40.0,40.0
APP_NLIU_3443,Rule_3_ii_Financial_Data,414336,Exception_Handling_Failure,1,0,1,1,0,1118707200.0,93225599.99999999,1211932800.0,55.00000000000001,55.00000000000001
APP_NLIU_3444,Multi_Category_SPDI,1731676,XSS,1,1,1,1,0,3809687200.0000005,173167599.99999997,3982854800.0000005,80.0,80.0
APP_NLIU_3445,Multi_Category_SPDI,1548838,SSRF,1,1,1,0,1,4336746400.0,271046650.0,4607793050.0,65.0,85.0
APP_NLIU_3446,Rule_3_iii_v_Health_Medical_Records,1186683,Exception_Handling_Failure,1,1,1,1,1,3204044100.0,118668299.99999997,3322712400.0,80.0,100.0
APP_NLIU_3447,Rule_3_vi_Biometric_Information,629559,XSS,1,0,1,1,0,1385029800.0,141650775.0,1526680575.0,55.00000000000001,55.00000000000001
APP_NLIU_3448,Rule_3_iii_v_Health_Medical_Records,596676,,1,1,1,1,0,1193352000.0,59667599.999999985,1253019600.0,80.0,80.0
APP_NLIU_3449,Rule_3_iii_v_Health_Medical_Records,1105911,SQL_Injection,1,0,1,1,1,3317733000.0,248829974.99999997,3566562975.0,55.00000000000001,75.0
APP_NLIU_3450,Rule_3_i_Passwords,48315,,1,1,1,1,0,96630000.0,4831499.999999999,101461500.0,80.0,80.0
APP_NLIU_3451,Rule_3_ii_Financial_Data,896354,Exception_Handling_Failure,0,1,0,1,0,2420155800.0,336132750.0,2756288550.0,25.0,25.0
APP_NLIU_3452,Rule_3_iii_v_Health_Medical_Records,1362347,SQL_Injection,0,1,1,1,0,4087041000.0,408704100.0,4495745100.0,40.0,40.0
APP_NLIU_3453,Rule_3_iii_v_Health_Medical_Records,1455095,Exception_Handling_Failure,1,1,1,1,1,3928756500.0000005,145509499.99999997,4074266000.0000005,80.0,100.0
APP_NLIU_3454,Rule_3_ii_Financial_Data,1556446,XSS,1,0,1,1,0,3424181200.0000005,350200349.99999994,3774381550.0000005,55.00000000000001,55.00000000000001
APP_NLIU_3455,Multi_Category_SPDI,54334,,0,1,1,1,0,108668000.0,16300200.0,124968200.0,40.0,40.0
APP_NLIU_3456,Rule_3_i_Passwords,191964,SQL_Injection,0,0,0,1,1,575892000.0,95982000.0,671874000.0,0.0,20.0
APP_NLIU_3457,Rule_3_iii_v_Health_Medical_Records,1245844,Exception_Handling_Failure,1,0,1,1,1,3363778800.0,280314900.0,3644093700.0,55.00000000000001,75.0
APP_NLIU_3458,Rule_3_iii_v_Health_Medical_Records,1905708,CSRF,1,1,1,1,1,4573699200.0,190570799.99999997,4764270000.0,80.0,100.0
APP_NLIU_3459,Rule_3_iii_v_Health_Medical_Records,1093302,,1,1,0,1,0,2186604000.0,191327850.0,2377931850.0,65.0,65.0
APP_NLIU_3460,Rule_3_iii_v_Health_Medical_Records,1547233,CSRF,1,0,1,0,1,3713359200.0,464169900.0,4177529100.0,40.0,60.0
APP_NLIU_3461,Rule_3_ii_Financial_Data,211823,,1,1,1,1,0,423646000.0,21182299.999999996,444828300.0,80.0,80.0
APP_NLIU_3462,Rule_3_i_Passwords,1758542,,1,0,0,1,0,3517084000.0,527562600.0,4044646600.0,40.0,40.0
APP_NLIU_3463,Rule_3_iii_v_Health_Medical_Records,777333,CSRF,1,0,1,1,1,1865599200.0,174899924.99999997,2040499125.0,55.00000000000001,75.0
APP_NLIU_3464,Rule_3_iii_v_Health_Medical_Records,822126,,0,0,1,1,1,1644252000.0,349403550.0,1993655550.0,15.0,35.0
APP_NLIU_3465,Rule_3_i_Passwords,167325,,1,1,1,1,1,334650000.0,16732499.999999996,351382500.0,80.0,100.0
APP_NLIU_3466,Rule_3_iii_v_Health_Medical_Records,684590,CSRF,1,1,1,1,0,1643016000.0,68458999.99999999,1711475000.0,80.0,80.0
APP_NLIU_3467,Rule_3_ii_Financial_Data,1238622,XSS,0,1,0,1,0,2724968400.0,464483250.0,3189451650.0,25.0,25.0
APP_NLIU_3468,Rule_3_iii_v_Health_Medical_Records,1903553,XSS,0,0,1,1,0,4187816600.0000005,809010025.0,4996826625.0,15.0,15.0
APP_NLIU_3469,Rule_3_vi_Biometric_Information,1463717,CSRF,1,1,1,0,0,3512920800.0,256150474.99999997,3769071275.0,65.0,65.0
APP_NLIU_3470,Rule_3_i_Passwords,1846041,SQL_Injection,1,1,0,1,0,5538123000.0,323057175.0,5861180175.0,65.0,65.0
APP_NLIU_3471,Rule_3_i_Passwords,1640325,SSRF,1,1,1,1,0,4592910000.0,164032499.99999997,4756942500.0,80.0,80.0
APP_NLIU_3472,Rule_3_vi_Biometric_Information,794097,CSRF,0,1,1,1,0,1905832800.0,238229100.0,2144061900.0,40.0,40.0
APP_NLIU_3473,Rule_3_iii_v_Health_Medical_Records,294169,XSS,1,1,1,1,1,647171800.0,29416899.999999993,676588700.0,80.0,100.0
APP_NLIU_3474,Rule_3_iii_v_Health_Medical_Records,421749,SSRF,0,1,1,1,1,1180897200.0,126524700.0,1307421900.0,40.0,60.0
APP_NLIU_3475,Rule_3_vi_Biometric_Information,968401,,1,1,1,1,1,1936802000.0,96840099.99999999,2033642100.0,80.0,100.0
APP_NLIU_3476,Rule_3_vi_Biometric_Information,1917669,,1,1,1,1,1,3835338000.0,191766899.99999997,4027104900.0,80.0,100.0
APP_NLIU_3477,Multi_Category_SPDI,1960481,SQL_Injection,1,1,1,1,0,5881443000.0,196048099.99999997,6077491100.0,80.0,80.0
APP_NLIU_3478,Rule_3_iii_v_Health_Medical_Records,523982,Exception_Handling_Failure,1,1,1,1,0,1414751400.0,52398199.999999985,1467149600.0,80.0,80.0
APP_NLIU_3479,Rule_3_ii_Financial_Data,1336718,Exception_Handling_Failure,1,0,0,0,0,3609138600.0,401015400.0,4010154000.0,40.0,40.0
APP_NLIU_3480,Rule_3_ii_Financial_Data,1041484,,1,1,1,1,0,2082968000.0,104148399.99999997,2187116400.0,80.0,80.0
APP_NLIU_3481,Rule_3_i_Passwords,328392,SQL_Injection,1,1,1,1,1,985176000.0,32839199.999999993,1018015200.0,80.0,100.0
APP_NLIU_3482,Rule_3_iii_v_Health_Medical_Records,1682357,SSRF,0,0,1,1,1,4710599600.0,715001725.0,5425601325.0,15.0,35.0
APP_NLIU_3483,Rule_3_ii_Financial_Data,290201,,1,0,1,1,1,580402000.0,65295224.99999999,645697225.0,55.00000000000001,75.0
APP_NLIU_3484,Multi_Category_SPDI,1657108,,1,1,1,1,0,3314216000.0,165710799.99999997,3479926800.0,80.0,80.0
APP_NLIU_3485,Rule_3_iii_v_Health_Medical_Records,1268256,,1,1,0,1,1,2536512000.0,221944800.0,2758456800.0,65.0,85.0
APP_NLIU_3486,Rule_3_iii_v_Health_Medical_Records,206703,,1,0,1,0,0,413406000.0,62010900.0,475416900.0,40.0,40.0
APP_NLIU_3487,Rule_3_ii_Financial_Data,364175,SQL_Injection,1,0,1,1,0,1092525000.0,81939374.99999999,1174464375.0,55.00000000000001,55.00000000000001
APP_NLIU_3488,Rule_3_i_Passwords,904145,XSS,0,1,0,1,1,1989119000.0000002,339054375.0,2328173375.0,25.0,45.0
APP_NLIU_3489,Rule_3_i_Passwords,1683751,SSRF,0,0,1,1,1,4714502800.0,715594175.0,5430096975.0,15.0,35.0
APP_NLIU_3490,Rule_3_ii_Financial_Data,520728,SSRF,1,0,1,0,1,1458038400.0,156218400.0,1614256800.0,40.0,60.0
APP_NLIU_3491,Rule_3_i_Passwords,72173,,1,1,1,1,0,144346000.0,7217299.999999998,151563300.0,80.0,80.0
APP_NLIU_3492,Rule_3_iii_v_Health_Medical_Records,740566,SQL_Injection,0,1,1,1,0,2221698000.0,222169800.0,2443867800.0,40.0,40.0
APP_NLIU_3493,Multi_Category_SPDI,1092310,XSS,1,1,0,1,0,2403082000.0,191154250.0,2594236250.0,65.0,65.0
APP_NLIU_3494,Multi_Category_SPDI,1639936,,0,0,0,1,0,3279872000.0,819968000.0,4099840000.0,0.0,0.0
APP_NLIU_3495,Rule_3_iii_v_Health_Medical_Records,462391,SSRF,1,1,1,0,1,1294694800.0,80918425.0,1375613225.0,65.0,85.0
APP_NLIU_3496,Rule_3_ii_Financial_Data,239046,,1,0,1,1,1,478092000.0,53785349.99999999,531877350.0,55.00000000000001,75.0
APP_NLIU_3497,Multi_Category_SPDI,199855,,1,1,1,1,1,399710000.0,19985499.999999996,419695500.0,80.0,100.0
APP_NLIU_3498,Multi_Category_SPDI,361338,XSS,1,0,1,1,0,794943600.0000001,81301049.99999999,876244650.0000001,55.00000000000001,55.00000000000001
APP_NLIU_3499,Rule_3_i_Passwords,731099,SSRF,0,0,1,1,0,2047077199.9999998,310717075.0,2357794275.0,15.0,15.0
APP_NLIU_3500,Rule_3_iii_v_Health_Medical_Records,1271702,CSRF,0,1,1,0,1,3052084800.0,476888250.0,3528973050.0,25.0,45.0
APP_NLIU_3501,Rule_3_ii_Financial_Data,449258,XSS,1,1,0,1,1,988367600.0000001,78620150.0,1066987750.0000001,65.0,85.0
APP_NLIU_3502,Rule_3_vi_Biometric_Information,712717,CSRF,0,0,1,0,0,1710520800.0,356358500.0,2066879300.0,0.0,0.0
APP_NLIU_3503,Multi_Category_SPDI,1193317,CSRF,1,1,0,1,1,2863960800.0,208830475.0,3072791275.0,65.0,85.0
APP_NLIU_3504,Rule_3_i_Passwords,1691136,,1,1,1,1,0,3382272000.0,169113599.99999997,3551385600.0,80.0,80.0
APP_NLIU_3505,Multi_Category_SPDI,1645766,SSRF,0,1,0,1,1,4608144800.0,617162250.0,5225307050.0,25.0,45.0
APP_NLIU_3506,Rule_3_iii_v_Health_Medical_Records,913679,,1,1,0,1,0,1827358000.0,159893825.0,1987251825.0,65.0,65.0
APP_NLIU_3507,Multi_Category_SPDI,1465702,SQL_Injection,0,1,1,1,1,4397106000.0,439710600.0,4836816600.0,40.0,60.0
APP_NLIU_3508,Rule_3_ii_Financial_Data,1110535,XSS,0,1,1,1,0,2443177000.0,333160500.0,2776337500.0,40.0,40.0
APP_NLIU_3509,Rule_3_vi_Biometric_Information,625911,,1,0,0,1,1,1251822000.0,187773300.0,1439595300.0,40.0,60.0
APP_NLIU_3510,Rule_3_i_Passwords,660726,CSRF,1,1,1,1,0,1585742400.0,66072599.999999985,1651815000.0,80.0,80.0
APP_NLIU_3511,Rule_3_ii_Financial_Data,1626279,SSRF,1,0,1,1,0,4553581200.0,365912774.99999994,4919493975.0,55.00000000000001,55.00000000000001
APP_NLIU_3512,Rule_3_i_Passwords,129716,Exception_Handling_Failure,0,0,1,1,0,350233200.0,55129300.0,405362500.0,15.0,15.0
APP_NLIU_3513,Multi_Category_SPDI,1436929,,1,0,1,1,1,2873858000.0,323309024.99999994,3197167025.0,55.00000000000001,75.0
APP_NLIU_3514,Rule_3_vi_Biometric_Information,14907,Exception_Handling_Failure,0,0,1,1,0,40248900.0,6335475.0,46584375.0,15.0,15.0
APP_NLIU_3515,Multi_Category_SPDI,887257,CSRF,0,1,1,1,1,2129416800.0,266177100.0,2395593900.0,40.0,60.0
APP_NLIU_3516,Multi_Category_SPDI,1610644,CSRF,1,1,0,0,0,3865545600.0,281862700.0,4147408300.0,65.0,65.0
APP_NLIU_3517,Rule_3_i_Passwords,456095,,1,1,1,1,0,912190000.0,45609499.99999999,957799500.0,80.0,80.0
APP_NLIU_3518,Rule_3_ii_Financial_Data,1007663,,0,0,0,0,1,2015326000.0,503831500.0,2519157500.0,0.0,20.0
APP_NLIU_3519,Rule_3_i_Passwords,1612949,XSS,1,1,1,1,0,3548487800.0000005,161294899.99999997,3709782700.0000005,80.0,80.0
APP_NLIU_3520,Rule_3_ii_Financial_Data,1512291,,1,1,1,1,1,3024582000.0,151229099.99999997,3175811100.0,80.0,100.0
APP_NLIU_3521,Rule_3_ii_Financial_Data,1860434,XSS,0,1,1,1,1,4092954800.0000005,558130200.0,4651085000.0,40.0,60.0
APP_NLIU_3522,Rule_3_ii_Financial_Data,970701,XSS,0,0,0,1,1,2135542200.0000002,485350500.0,2620892700.0,0.0,20.0
APP_NLIU_3523,Rule_3_ii_Financial_Data,274629,SSRF,1,0,1,1,0,768961200.0,61791524.99999999,830752725.0,55.00000000000001,55.00000000000001
APP_NLIU_3524,Rule_3_i_Passwords,1365247,XSS,1,1,1,1,0,3003543400.0000005,136524699.99999997,3140068100.0000005,80.0,80.0
APP_NLIU_3525,Rule_3_i_Passwords,1964612,XSS,0,1,1,1,1,4322146400.0,589383600.0,4911530000.0,40.0,60.0
APP_NLIU_3526,Rule_3_i_Passwords,1283208,SQL_Injection,1,1,1,0,0,3849624000.0,224561400.0,4074185400.0,65.0,65.0
APP_NLIU_3527,Multi_Category_SPDI,785504,XSS,0,0,1,1,1,1728108800.0000002,333839200.0,2061948000.0000002,15.0,35.0
APP_NLIU_3528,Rule_3_vi_Biometric_Information,1824073,,1,0,1,1,0,3648146000.0,410416424.99999994,4058562425.0,55.00000000000001,55.00000000000001
APP_NLIU_3529,Multi_Category_SPDI,96005,Exception_Handling_Failure,1,0,0,1,0,259213500.00000003,28801500.0,288015000.0,40.0,40.0
APP_NLIU_3530,Rule_3_ii_Financial_Data,587816,Exception_Handling_Failure,1,1,1,1,1,1587103200.0,58781599.999999985,1645884800.0,80.0,100.0
APP_NLIU_3531,Rule_3_ii_Financial_Data,1026983,,1,1,0,1,1,2053966000.0,179722025.0,2233688025.0,65.0,85.0
APP_NLIU_3532,Rule_3_vi_Biometric_Information,1698495,SQL_Injection,0,0,1,1,0,5095485000.0,721860375.0,5817345375.0,15.0,15.0
APP_NLIU_3533,Rule_3_ii_Financial_Data,1343519,XSS,0,1,0,0,0,2955741800.0000005,503819625.0,3459561425.0000005,25.0,25.0
APP_NLIU_3534,Rule_3_ii_Financial_Data,1831650,,0,1,1,1,1,3663300000.0,549495000.0,4212795000.0,40.0,60.0
APP_NLIU_3535,Rule_3_ii_Financial_Data,968843,XSS,1,1,0,1,0,2131454600.0000002,169547525.0,2301002125.0,65.0,65.0
APP_NLIU_3536,Rule_3_i_Passwords,1987167,CSRF,1,0,0,0,0,4769200800.0,596150100.0,5365350900.0,40.0,40.0
APP_NLIU_3537,Rule_3_ii_Financial_Data,1454238,SQL_Injection,0,1,1,0,0,4362714000.0,545339250.0,4908053250.0,25.0,25.0
APP_NLIU_3538,Rule_3_ii_Financial_Data,186532,,1,1,1,1,1,373064000.0,18653199.999999996,391717200.0,80.0,100.0
APP_NLIU_3539,Rule_3_iii_v_Health_Medical_Records,1410537,XSS,1,1,1,1,1,3103181400.0000005,141053699.99999997,3244235100.0000005,80.0,100.0
APP_NLIU_3540,Rule_3_i_Passwords,1373980,,1,1,0,1,1,2747960000.0,240446499.99999997,2988406500.0,65.0,85.0
APP_NLIU_3541,Rule_3_ii_Financial_Data,1199525,XSS,0,0,1,0,0,2638955000.0,599762500.0,3238717500.0,0.0,0.0
APP_NLIU_3542,Rule_3_vi_Biometric_Information,264673,Exception_Handling_Failure,0,0,1,1,0,714617100.0,112486025.0,827103125.0,15.0,15.0
APP_NLIU_3543,Rule_3_i_Passwords,422939,,0,1,1,1,0,845878000.0,126881700.0,972759700.0,40.0,40.0
APP_NLIU_3544,Rule_3_ii_Financial_Data,1328663,Exception_Handling_Failure,1,1,1,1,0,3587390100.0,132866299.99999997,3720256400.0,80.0,80.0
APP_NLIU_3545,Multi_Category_SPDI,408522,CSRF,1,1,1,1,0,980452800.0,40852199.99999999,1021305000.0,80.0,80.0
APP_NLIU_3546,Rule_3_i_Passwords,172856,XSS,1,1,1,1,1,380283200.00000006,17285599.999999996,397568800.00000006,80.0,100.0
APP_NLIU_3547,Rule_3_i_Passwords,1565420,,1,1,1,1,0,3130840000.0,156541999.99999997,3287382000.0,80.0,80.0
APP_NLIU_3548,Rule_3_ii_Financial_Data,388545,CSRF,1,1,1,1,1,932508000.0,38854499.99999999,971362500.0,80.0,100.0
APP_NLIU_3549,Rule_3_ii_Financial_Data,1729391,CSRF,0,1,0,1,1,4150538400.0,648521625.0,4799060025.0,25.0,45.0
APP_NLIU_3550,Rule_3_iii_v_Health_Medical_Records,226099,SQL_Injection,0,1,1,1,1,678297000.0,67829700.0,746126700.0,40.0,60.0
APP_NLIU_3551,Rule_3_vi_Biometric_Information,1780384,,1,1,1,1,0,3560768000.0,178038399.99999997,3738806400.0,80.0,80.0
APP_NLIU_3552,Rule_3_i_Passwords,1476766,SQL_Injection,0,1,1,1,0,4430298000.0,443029800.0,4873327800.0,40.0,40.0
APP_NLIU_3553,Rule_3_iii_v_Health_Medical_Records,1080947,Exception_Handling_Failure,1,1,1,1,0,2918556900.0,108094699.99999997,3026651600.0,80.0,80.0
APP_NLIU_3554,Rule_3_iii_v_Health_Medical_Records,1152322,XSS,1,0,1,1,1,2535108400.0,259272449.99999997,2794380850.0,55.00000000000001,75.0
APP_NLIU_3555,Rule_3_i_Passwords,1679112,XSS,1,1,1,1,1,3694046400.0000005,167911199.99999997,3861957600.0000005,80.0,100.0
APP_NLIU_3556,Rule_3_iii_v_Health_Medical_Records,926440,Exception_Handling_Failure,0,1,1,1,1,2501388000.0,277932000.0,2779320000.0,40.0,60.0
APP_NLIU_3557,Rule_3_ii_Financial_Data,1742102,SQL_Injection,0,1,1,1,1,5226306000.0,522630600.0,5748936600.0,40.0,60.0
APP_NLIU_3558,Rule_3_ii_Financial_Data,292871,XSS,1,1,1,1,0,644316200.0,29287099.999999993,673603300.0,80.0,80.0
APP_NLIU_3559,Rule_3_i_Passwords,643288,,1,1,1,1,1,1286576000.0,64328799.999999985,1350904800.0,80.0,100.0
APP_NLIU_3560,Rule_3_ii_Financial_Data,1117545,,0,1,1,1,1,2235090000.0,335263500.0,2570353500.0,40.0,60.0
APP_NLIU_3561,Rule_3_ii_Financial_Data,1475160,SSRF,0,0,1,1,1,4130447999.9999995,626943000.0,4757391000.0,15.0,35.0
APP_NLIU_3562,Rule_3_vi_Biometric_Information,597819,,0,1,1,1,0,1195638000.0,179345700.0,1374983700.0,40.0,40.0
APP_NLIU_3563,Rule_3_i_Passwords,1616961,Exception_Handling_Failure,1,1,1,0,0,4365794700.0,282968175.0,4648762875.0,65.0,65.0
APP_NLIU_3564,Rule_3_ii_Financial_Data,1219632,,1,1,1,1,0,2439264000.0,121963199.99999997,2561227200.0,80.0,80.0
APP_NLIU_3565,Rule_3_ii_Financial_Data,1628723,XSS,1,1,1,0,1,3583190600.0000005,285026525.0,3868217125.0000005,65.0,85.0
APP_NLIU_3566,Rule_3_iii_v_Health_Medical_Records,966795,XSS,1,0,0,1,1,2126949000.0000002,290038500.0,2416987500.0,40.0,60.0
APP_NLIU_3567,Rule_3_iii_v_Health_Medical_Records,1249876,,1,0,1,1,0,2499752000.0,281222100.0,2780974100.0,55.00000000000001,55.00000000000001
APP_NLIU_3568,Rule_3_iii_v_Health_Medical_Records,490315,,0,1,1,1,1,980630000.0,147094500.0,1127724500.0,40.0,60.0
APP_NLIU_3569,Rule_3_vi_Biometric_Information,682510,XSS,0,0,1,0,0,1501522000.0000002,341255000.0,1842777000.0000002,0.0,0.0
APP_NLIU_3570,Multi_Category_SPDI,944565,CSRF,1,1,0,1,0,2266956000.0,165298875.0,2432254875.0,65.0,65.0
APP_NLIU_3571,Rule_3_ii_Financial_Data,236944,CSRF,1,0,1,1,0,568665600.0,53312399.99999999,621978000.0,55.00000000000001,55.00000000000001
APP_NLIU_3572,Rule_3_iii_v_Health_Medical_Records,1110366,CSRF,0,0,1,1,0,2664878400.0,471905550.0,3136783950.0,15.0,15.0
APP_NLIU_3573,Rule_3_vi_Biometric_Information,1905704,CSRF,0,1,1,1,0,4573689600.0,571711200.0,5145400800.0,40.0,40.0
APP_NLIU_3574,Multi_Category_SPDI,807080,CSRF,1,1,1,0,0,1936992000.0,141239000.0,2078231000.0,65.0,65.0
APP_NLIU_3575,Multi_Category_SPDI,1115355,,0,0,0,1,1,2230710000.0,557677500.0,2788387500.0,0.0,20.0
APP_NLIU_3576,Rule_3_ii_Financial_Data,111371,SQL_Injection,1,0,1,1,0,334113000.0,25058474.999999996,359171475.0,55.00000000000001,55.00000000000001
APP_NLIU_3577,Rule_3_i_Passwords,303816,Exception_Handling_Failure,0,1,1,0,1,820303200.0,113931000.0,934234200.0,25.0,45.0
APP_NLIU_3578,Rule_3_ii_Financial_Data,1384829,SSRF,0,1,0,1,1,3877521199.9999995,519310875.0,4396832075.0,25.0,45.0
APP_NLIU_3579,Rule_3_iii_v_Health_Medical_Records,39593,CSRF,1,1,0,1,1,95023200.0,6928775.0,101951975.0,65.0,85.0
APP_NLIU_3580,Rule_3_ii_Financial_Data,412002,SQL_Injection,1,0,1,0,1,1236006000.0,123600600.0,1359606600.0,40.0,60.0
APP_NLIU_3581,Rule_3_ii_Financial_Data,1540828,CSRF,1,1,1,0,0,3697987200.0,269644900.0,3967632100.0,65.0,65.0
APP_NLIU_3582,Rule_3_vi_Biometric_Information,1849823,,0,0,1,1,0,3699646000.0,786174775.0,4485820775.0,15.0,15.0
APP_NLIU_3583,Rule_3_ii_Financial_Data,1993046,,1,1,1,1,0,3986092000.0,199304599.99999997,4185396600.0,80.0,80.0
APP_NLIU_3584,Multi_Category_SPDI,936298,SSRF,0,1,1,1,0,2621634400.0,280889400.0,2902523800.0,40.0,40.0
APP_NLIU_3585,Rule_3_ii_Financial_Data,1740359,XSS,0,1,0,1,0,3828789800.0000005,652634625.0,4481424425.0,25.0,25.0
APP_NLIU_3586,Rule_3_ii_Financial_Data,1546272,XSS,1,1,1,1,1,3401798400.0000005,154627199.99999997,3556425600.0000005,80.0,100.0
APP_NLIU_3587,Rule_3_ii_Financial_Data,812734,,0,0,0,1,1,1625468000.0,406367000.0,2031835000.0,0.0,20.0
APP_NLIU_3588,Rule_3_vi_Biometric_Information,1245712,,1,1,1,1,1,2491424000.0,124571199.99999997,2615995200.0,80.0,100.0
APP_NLIU_3589,Rule_3_i_Passwords,222872,XSS,1,1,1,1,0,490318400.00000006,22287199.999999996,512605600.00000006,80.0,80.0
APP_NLIU_3590,Rule_3_i_Passwords,352284,Exception_Handling_Failure,1,1,1,1,0,951166800.0000001,35228399.99999999,986395200.0000001,80.0,80.0
APP_NLIU_3591,Multi_Category_SPDI,1736771,,1,1,1,1,0,3473542000.0,173677099.99999997,3647219100.0,80.0,80.0
APP_NLIU_3592,Rule_3_i_Passwords,340500,SQL_Injection,1,0,0,1,1,1021500000.0,102150000.0,1123650000.0,40.0,60.0
APP_NLIU_3593,Rule_3_iii_v_Health_Medical_Records,578570,XSS,0,1,1,1,0,1272854000.0,173571000.0,1446425000.0,40.0,40.0
APP_NLIU_3594,Rule_3_iii_v_Health_Medical_Records,657739,,1,0,1,0,1,1315478000.0,197321700.0,1512799700.0,40.0,60.0
APP_NLIU_3595,Rule_3_ii_Financial_Data,912779,,0,1,1,0,1,1825558000.0,342292125.0,2167850125.0,25.0,45.0
APP_NLIU_3596,Rule_3_iii_v_Health_Medical_Records,713074,XSS,1,1,0,1,0,1568762800.0000002,124787949.99999999,1693550750.0000002,65.0,65.0
APP_NLIU_3597,Rule_3_ii_Financial_Data,1775971,XSS,0,0,1,1,0,3907136200.0000005,754787675.0,4661923875.0,15.0,15.0
APP_NLIU_3598,Rule_3_iii_v_Health_Medical_Records,28814,CSRF,1,0,1,1,0,69153600.0,6483149.999999999,75636750.0,55.00000000000001,55.00000000000001
APP_NLIU_3599,Rule_3_ii_Financial_Data,160161,XSS,1,1,1,1,1,352354200.0,16016099.999999996,368370300.0,80.0,100.0
APP_NLIU_3600,Rule_3_iii_v_Health_Medical_Records,454047,Exception_Handling_Failure,1,1,1,0,1,1225926900.0,79458225.0,1305385125.0,65.0,85.0
APP_NLIU_3601,Rule_3_i_Passwords,1135249,XSS,1,0,1,1,0,2497547800.0,255431024.99999997,2752978825.0,55.00000000000001,55.00000000000001
APP_NLIU_3602,Rule_3_iii_v_Health_Medical_Records,1629804,,1,0,1,1,1,3259608000.0,366705899.99999994,3626313900.0,55.00000000000001,75.0
APP_NLIU_3603,Rule_3_i_Passwords,91796,,0,1,0,1,0,183592000.0,34423500.0,218015500.0,25.0,25.0
APP_NLIU_3604,Rule_3_ii_Financial_Data,1090052,SSRF,1,1,1,1,0,3052145600.0,109005199.99999997,3161150800.0,80.0,80.0
APP_NLIU_3605,Rule_3_ii_Financial_Data,1997363,XSS,0,1,1,1,1,4394198600.0,599208900.0,4993407500.0,40.0,60.0
APP_NLIU_3606,Rule_3_i_Passwords,662129,XSS,0,1,0,1,1,1456683800.0,248298375.0,1704982175.0,25.0,45.0
APP_NLIU_3607,Rule_3_vi_Biometric_Information,309422,Exception_Handling_Failure,1,1,1,1,0,835439400.0,30942199.999999993,866381600.0,80.0,80.0
APP_NLIU_3608,Rule_3_ii_Financial_Data,1231642,SSRF,1,0,1,0,0,3448597600.0,369492600.0,3818090200.0,40.0,40.0
APP_NLIU_3609,Multi_Category_SPDI,1855642,Exception_Handling_Failure,1,0,0,0,1,5010233400.0,556692600.0,5566926000.0,40.0,60.0
APP_NLIU_3610,Multi_Category_SPDI,765395,,1,1,1,1,1,1530790000.0,76539499.99999999,1607329500.0,80.0,100.0
APP_NLIU_3611,Rule_3_iii_v_Health_Medical_Records,131259,XSS,1,1,1,1,1,288769800.0,13125899.999999996,301895700.0,80.0,100.0
APP_NLIU_3612,Rule_3_i_Passwords,1457757,,0,1,1,1,0,2915514000.0,437327100.0,3352841100.0,40.0,40.0
APP_NLIU_3613,Rule_3_ii_Financial_Data,1998646,,1,1,1,0,1,3997292000.0,349763050.0,4347055050.0,65.0,85.0
APP_NLIU_3614,Rule_3_vi_Biometric_Information,843628,SQL_Injection,1,1,0,1,1,2530884000.0,147634900.0,2678518900.0,65.0,85.0
APP_NLIU_3615,Rule_3_ii_Financial_Data,1414399,SSRF,1,1,1,1,1,3960317199.9999995,141439899.99999997,4101757099.9999995,80.0,100.0
APP_NLIU_3616,Rule_3_i_Passwords,1232933,,1,1,1,0,1,2465866000.0,215763275.0,2681629275.0,65.0,85.0
APP_NLIU_3617,Rule_3_iii_v_Health_Medical_Records,922293,,0,0,0,1,1,1844586000.0,461146500.0,2305732500.0,0.0,20.0
APP_NLIU_3618,Rule_3_vi_Biometric_Information,1240147,SQL_Injection,1,1,1,1,0,3720441000.0,124014699.99999997,3844455700.0,80.0,80.0
APP_NLIU_3619,Rule_3_vi_Biometric_Information,548708,SQL_Injection,0,0,0,1,0,1646124000.0,274354000.0,1920478000.0,0.0,0.0
APP_NLIU_3620,Rule_3_i_Passwords,1209884,SSRF,1,1,1,0,1,3387675200.0,211729700.0,3599404900.0,65.0,85.0
APP_NLIU_3621,Rule_3_iii_v_Health_Medical_Records,797650,,1,1,0,1,1,1595300000.0,139588750.0,1734888750.0,65.0,85.0
APP_NLIU_3622,Rule_3_ii_Financial_Data,129283,SSRF,1,1,0,1,1,361992400.0,22624525.0,384616925.0,65.0,85.0
APP_NLIU_3623,Rule_3_ii_Financial_Data,448108,XSS,1,1,0,1,0,985837600.0000001,78418900.0,1064256500.0000001,65.0,65.0
APP_NLIU_3624,Multi_Category_SPDI,734391,,1,1,1,1,0,1468782000.0,73439099.99999999,1542221100.0,80.0,80.0
APP_NLIU_3625,Rule_3_ii_Financial_Data,235461,SQL_Injection,1,0,1,1,1,706383000.0,52978724.99999999,759361725.0,55.00000000000001,75.0
APP_NLIU_3626,Rule_3_ii_Financial_Data,1641921,Exception_Handling_Failure,0,1,1,1,1,4433186700.0,492576300.0,4925763000.0,40.0,60.0
APP_NLIU_3627,Rule_3_i_Passwords,1918617,CSRF,0,0,1,0,0,4604680800.0,959308500.0,5563989300.0,0.0,0.0
APP_NLIU_3628,Multi_Category_SPDI,1785843,,0,1,1,1,1,3571686000.0,535752900.0,4107438900.0,40.0,60.0
APP_NLIU_3629,Rule_3_vi_Biometric_Information,219202,CSRF,1,1,1,1,0,526084800.0,21920199.999999996,548005000.0,80.0,80.0
APP_NLIU_3630,Rule_3_iii_v_Health_Medical_Records,147298,Exception_Handling_Failure,0,0,1,1,1,397704600.0,62601650.0,460306250.0,15.0,35.0
APP_NLIU_3631,Rule_3_vi_Biometric_Information,652396,Exception_Handling_Failure,1,1,1,1,1,1761469200.0,65239599.999999985,1826708800.0,80.0,100.0
APP_NLIU_3632,Rule_3_i_Passwords,974775,SSRF,1,1,1,0,1,2729370000.0,170585625.0,2899955625.0,65.0,85.0
APP_NLIU_3633,Rule_3_ii_Financial_Data,801478,SQL_Injection,1,1,1,1,0,2404434000.0,80147799.99999999,2484581800.0,80.0,80.0
APP_NLIU_3634,Rule_3_ii_Financial_Data,251027,XSS,1,1,1,1,1,552259400.0,25102699.999999996,577362100.0,80.0,100.0
APP_NLIU_3635,Rule_3_i_Passwords,908894,CSRF,1,1,1,1,1,2181345600.0,90889399.99999999,2272235000.0,80.0,100.0
APP_NLIU_3636,Rule_3_ii_Financial_Data,1949353,,1,0,1,1,0,3898706000.0,438604424.99999994,4337310425.0,55.00000000000001,55.00000000000001
APP_NLIU_3637,Multi_Category_SPDI,42117,,1,1,1,1,1,84234000.0,4211699.999999999,88445700.0,80.0,100.0
APP_NLIU_3638,Rule_3_i_Passwords,1183556,XSS,0,1,1,1,1,2603823200.0,355066800.0,2958890000.0,40.0,60.0
APP_NLIU_3639,Rule_3_ii_Financial_Data,927469,Exception_Handling_Failure,1,0,1,1,1,2504166300.0,208680524.99999997,2712846825.0,55.00000000000001,75.0
APP_NLIU_3640,Rule_3_ii_Financial_Data,1034300,Exception_Handling_Failure,1,1,0,1,0,2792610000.0,181002500.0,2973612500.0,65.0,65.0
APP_NLIU_3641,Rule_3_ii_Financial_Data,1263520,,0,1,1,1,1,2527040000.0,379056000.0,2906096000.0,40.0,60.0
APP_NLIU_3642,Multi_Category_SPDI,193349,XSS,1,1,1,1,0,425367800.00000006,19334899.999999996,444702700.00000006,80.0,80.0
APP_NLIU_3643,Rule_3_ii_Financial_Data,1794315,CSRF,1,0,1,1,1,4306356000.0,403720874.99999994,4710076875.0,55.00000000000001,75.0
APP_NLIU_3644,Rule_3_ii_Financial_Data,1506405,CSRF,0,1,1,1,1,3615372000.0,451921500.0,4067293500.0,40.0,60.0
APP_NLIU_3645,Rule_3_vi_Biometric_Information,546661,XSS,1,0,0,1,1,1202654200.0,163998300.0,1366652500.0,40.0,60.0
APP_NLIU_3646,Rule_3_i_Passwords,50452,XSS,0,1,1,0,1,110994400.00000001,18919500.0,129913900.00000001,25.0,45.0
APP_NLIU_3647,Rule_3_ii_Financial_Data,1234737,XSS,1,1,1,1,0,2716421400.0,123473699.99999997,2839895100.0,80.0,80.0
APP_NLIU_3648,Rule_3_ii_Financial_Data,1060230,SQL_Injection,1,0,1,1,1,3180690000.0,238551749.99999997,3419241750.0,55.00000000000001,75.0
APP_NLIU_3649,Rule_3_iii_v_Health_Medical_Records,953784,,1,0,0,1,0,1907568000.0,286135200.0,2193703200.0,40.0,40.0
APP_NLIU_3650,Multi_Category_SPDI,1240789,SSRF,1,1,1,1,1,3474209200.0,124078899.99999997,3598288100.0,80.0,100.0
APP_NLIU_3651,Rule_3_vi_Biometric_Information,128319,SSRF,1,0,1,0,0,359293200.0,38495700.0,397788900.0,40.0,40.0
APP_NLIU_3652,Rule_3_ii_Financial_Data,897078,XSS,1,0,1,0,0,1973571600.0000002,269123400.0,2242695000.0,40.0,40.0
APP_NLIU_3653,Rule_3_vi_Biometric_Information,224015,SSRF,1,1,1,1,1,627242000.0,22401499.999999996,649643500.0,80.0,100.0
APP_NLIU_3654,Rule_3_i_Passwords,1514686,XSS,1,1,1,1,1,3332309200.0000005,151468599.99999997,3483777800.0000005,80.0,100.0
APP_NLIU_3655,Rule_3_i_Passwords,1866591,CSRF,1,1,0,1,0,4479818400.0,326653425.0,4806471825.0,65.0,65.0
APP_NLIU_3656,Rule_3_ii_Financial_Data,1826969,XSS,1,1,1,1,0,4019331800.0000005,182696899.99999997,4202028700.0000005,80.0,80.0
APP_NLIU_3657,Rule_3_ii_Financial_Data,1672106,XSS,1,1,1,1,1,3678633200.0000005,167210599.99999997,3845843800.0000005,80.0,100.0
APP_NLIU_3658,Rule_3_iii_v_Health_Medical_Records,928864,SSRF,1,1,1,1,1,2600819200.0,92886399.99999999,2693705600.0,80.0,100.0
APP_NLIU_3659,Rule_3_iii_v_Health_Medical_Records,583256,SSRF,1,0,1,1,0,1633116800.0,131232599.99999999,1764349400.0,55.00000000000001,55.00000000000001
APP_NLIU_3660,Multi_Category_SPDI,664103,,0,1,0,0,1,1328206000.0,249038625.0,1577244625.0,25.0,45.0
APP_NLIU_3661,Rule_3_iii_v_Health_Medical_Records,1453951,XSS,1,1,0,0,0,3198692200.0000005,254441424.99999997,3453133625.0000005,65.0,65.0
APP_NLIU_3662,Rule_3_iii_v_Health_Medical_Records,168223,XSS,1,0,0,1,0,370090600.00000006,50466900.0,420557500.00000006,40.0,40.0
APP_NLIU_3663,Rule_3_i_Passwords,136590,SQL_Injection,1,1,0,0,1,409770000.0,23903250.0,433673250.0,65.0,85.0
APP_NLIU_3664,Rule_3_i_Passwords,283796,XSS,0,1,1,1,1,624351200.0,85138800.0,709490000.0,40.0,60.0
APP_NLIU_3665,Rule_3_iii_v_Health_Medical_Records,1525253,XSS,1,1,0,0,0,3355556600.0000005,266919274.99999997,3622475875.0000005,65.0,65.0
APP_NLIU_3666,Rule_3_ii_Financial_Data,1690978,XSS,0,1,1,0,1,3720151600.0000005,634116750.0,4354268350.0,25.0,45.0
APP_NLIU_3667,Rule_3_vi_Biometric_Information,250615,,0,1,1,0,1,501230000.0,93980625.0,595210625.0,25.0,45.0
APP_NLIU_3668,Rule_3_i_Passwords,780492,SSRF,1,1,1,1,1,2185377600.0,78049199.99999999,2263426800.0,80.0,100.0
APP_NLIU_3669,Rule_3_i_Passwords,993515,CSRF,1,0,1,1,1,2384436000.0,223540874.99999997,2607976875.0,55.00000000000001,75.0
APP_NLIU_3670,Rule_3_ii_Financial_Data,1418209,,0,1,1,1,0,2836418000.0,425462700.0,3261880700.0,40.0,40.0
APP_NLIU_3671,Rule_3_ii_Financial_Data,239537,,1,0,0,1,1,479074000.0,71861100.0,550935100.0,40.0,60.0
APP_NLIU_3672,Rule_3_i_Passwords,1226996,SQL_Injection,1,0,0,1,1,3680988000.0,368098800.0,4049086800.0,40.0,60.0
APP_NLIU_3673,Rule_3_iii_v_Health_Medical_Records,735782,XSS,0,1,1,0,0,1618720400.0000002,275918250.0,1894638650.0000002,25.0,25.0
APP_NLIU_3674,Rule_3_i_Passwords,1130577,SSRF,0,0,1,1,0,3165615600.0,480495225.0,3646110825.0,15.0,15.0
APP_NLIU_3675,Rule_3_iii_v_Health_Medical_Records,1964277,SQL_Injection,1,0,1,1,1,5892831000.0,441962324.99999994,6334793325.0,55.00000000000001,75.0
APP_NLIU_3676,Rule_3_ii_Financial_Data,1565345,CSRF,0,0,1,0,1,3756828000.0,782672500.0,4539500500.0,0.0,20.0
APP_NLIU_3677,Rule_3_i_Passwords,81757,SQL_Injection,0,1,1,1,1,245271000.0,24527100.0,269798100.0,40.0,60.0
APP_NLIU_3678,Rule_3_ii_Financial_Data,1602259,,1,0,1,1,1,3204518000.0,360508274.99999994,3565026275.0,55.00000000000001,75.0
APP_NLIU_3679,Rule_3_vi_Biometric_Information,138407,XSS,1,1,1,1,1,304495400.0,13840699.999999996,318336100.0,80.0,100.0
APP_NLIU_3680,Rule_3_ii_Financial_Data,1679842,SQL_Injection,1,0,0,1,1,5039526000.0,503952600.0,5543478600.0,40.0,60.0
APP_NLIU_3681,Rule_3_vi_Biometric_Information,1516904,SQL_Injection,1,1,0,1,0,4550712000.0,265458199.99999997,4816170200.0,65.0,65.0
APP_NLIU_3682,Rule_3_i_Passwords,249348,,1,1,1,0,0,498696000.0,43635900.0,542331900.0,65.0,65.0
APP_NLIU_3683,Rule_3_vi_Biometric_Information,660860,SSRF,0,1,1,1,1,1850408000.0,198258000.0,2048666000.0,40.0,60.0
APP_NLIU_3684,Rule_3_ii_Financial_Data,1702405,Exception_Handling_Failure,1,1,1,1,1,4596493500.0,170240499.99999997,4766734000.0,80.0,100.0
APP_NLIU_3685,Rule_3_iii_v_Health_Medical_Records,1276859,CSRF,1,1,1,0,1,3064461600.0,223450325.0,3287911925.0,65.0,85.0
APP_NLIU_3686,Rule_3_iii_v_Health_Medical_Records,1848091,XSS,0,1,0,1,0,4065800200.0000005,693034125.0,4758834325.0,25.0,25.0
APP_NLIU_3687,Multi_Category_SPDI,373742,CSRF,0,1,1,0,1,896980800.0,140153250.0,1037134050.0,25.0,45.0
APP_NLIU_3688,Rule_3_ii_Financial_Data,217328,SQL_Injection,1,0,1,1,1,651984000.0,48898799.99999999,700882800.0,55.00000000000001,75.0
APP_NLIU_3689,Rule_3_i_Passwords,403759,SSRF,0,1,1,1,1,1130525200.0,121127700.0,1251652900.0,40.0,60.0
APP_NLIU_3690,Rule_3_i_Passwords,1039938,SSRF,1,1,1,0,1,2911826400.0,181989150.0,3093815550.0,65.0,85.0
APP_NLIU_3691,Rule_3_vi_Biometric_Information,712597,XSS,1,1,1,0,0,1567713400.0000002,124704474.99999999,1692417875.0000002,65.0,65.0
APP_NLIU_3692,Rule_3_iii_v_Health_Medical_Records,1411891,Exception_Handling_Failure,0,1,1,1,0,3812105700.0000005,423567300.0,4235673000.0000005,40.0,40.0
APP_NLIU_3693,Rule_3_vi_Biometric_Information,1698287,CSRF,0,1,1,1,1,4075888800.0,509486100.0,4585374900.0,40.0,60.0
APP_NLIU_3694,Rule_3_ii_Financial_Data,750076,SQL_Injection,1,1,1,1,1,2250228000.0,75007599.99999999,2325235600.0,80.0,100.0
APP_NLIU_3695,Rule_3_ii_Financial_Data,535901,XSS,1,1,1,1,1,1178982200.0,53590099.999999985,1232572300.0,80.0,100.0
APP_NLIU_3696,Rule_3_i_Passwords,901465,Exception_Handling_Failure,1,1,1,1,1,2433955500.0,90146499.99999999,2524102000.0,80.0,100.0
APP_NLIU_3697,Multi_Category_SPDI,1251511,,1,1,0,0,0,2503022000.0,219014425.0,2722036425.0,65.0,65.0
APP_NLIU_3698,Rule_3_iii_v_Health_Medical_Records,963044,XSS,1,0,1,1,0,2118696800.0000002,216684899.99999997,2335381700.0,55.00000000000001,55.00000000000001
APP_NLIU_3699,Multi_Category_SPDI,867634,XSS,1,1,1,1,0,1908794800.0000002,86763399.99999999,1995558200.0000002,80.0,80.0
APP_NLIU_3700,Rule_3_ii_Financial_Data,1997335,XSS,0,1,1,1,1,4394137000.0,599200500.0,4993337500.0,40.0,60.0
APP_NLIU_3701,Rule_3_iii_v_Health_Medical_Records,1575925,,0,1,1,1,0,3151850000.0,472777500.0,3624627500.0,40.0,40.0
APP_NLIU_3702,Rule_3_iii_v_Health_Medical_Records,90666,,1,0,1,1,1,181332000.0,20399849.999999996,201731850.0,55.00000000000001,75.0
APP_NLIU_3703,Rule_3_ii_Financial_Data,551356,CSRF,1,0,1,1,1,1323254400.0,124055099.99999999,1447309500.0,55.00000000000001,75.0
APP_NLIU_3704,Rule_3_vi_Biometric_Information,840489,SSRF,0,1,1,1,0,2353369200.0,252146700.0,2605515900.0,40.0,40.0
APP_NLIU_3705,Multi_Category_SPDI,810378,CSRF,1,0,0,0,0,1944907200.0,243113400.0,2188020600.0,40.0,40.0
APP_NLIU_3706,Multi_Category_SPDI,680907,XSS,0,1,0,1,0,1497995400.0000002,255340125.0,1753335525.0000002,25.0,25.0
APP_NLIU_3707,Rule_3_iii_v_Health_Medical_Records,614525,,1,0,0,1,0,1229050000.0,184357500.0,1413407500.0,40.0,40.0
APP_NLIU_3708,Rule_3_ii_Financial_Data,1039628,XSS,1,0,0,1,1,2287181600.0,311888400.0,2599070000.0,40.0,60.0
APP_NLIU_3709,Rule_3_ii_Financial_Data,272913,SQL_Injection,1,1,0,1,1,818739000.0,47759775.0,866498775.0,65.0,85.0
APP_NLIU_3710,Multi_Category_SPDI,1733819,,0,0,1,1,1,3467638000.0,736873075.0,4204511075.0,15.0,35.0
APP_NLIU_3711,Rule_3_i_Passwords,1639204,,0,1,1,1,1,3278408000.0,491761200.0,3770169200.0,40.0,60.0
APP_NLIU_3712,Rule_3_iii_v_Health_Medical_Records,1132775,CSRF,1,1,1,0,0,2718660000.0,198235625.0,2916895625.0,65.0,65.0
APP_NLIU_3713,Rule_3_iii_v_Health_Medical_Records,1157798,Exception_Handling_Failure,1,1,1,1,1,3126054600.0,115779799.99999997,3241834400.0,80.0,100.0
APP_NLIU_3714,Rule_3_iii_v_Health_Medical_Records,1038281,XSS,0,1,1,1,1,2284218200.0,311484300.0,2595702500.0,40.0,60.0
APP_NLIU_3715,Multi_Category_SPDI,238931,,1,1,1,1,0,477862000.0,23893099.999999996,501755100.0,80.0,80.0
APP_NLIU_3716,Rule_3_ii_Financial_Data,171234,,1,1,0,1,0,342468000.0,29965949.999999996,372433950.0,65.0,65.0
APP_NLIU_3717,Rule_3_ii_Financial_Data,486604,XSS,1,0,1,1,1,1070528800.0000001,109485899.99999999,1180014700.0,55.00000000000001,75.0
APP_NLIU_3718,Rule_3_i_Passwords,38434,Exception_Handling_Failure,0,0,1,1,0,103771800.0,16334450.0,120106250.0,15.0,15.0
APP_NLIU_3719,Rule_3_ii_Financial_Data,813534,,0,1,1,0,1,1627068000.0,305075250.0,1932143250.0,25.0,45.0
APP_NLIU_3720,Rule_3_ii_Financial_Data,1075112,XSS,1,1,1,1,0,2365246400.0,107511199.99999997,2472757600.0,80.0,80.0
APP_NLIU_3721,Rule_3_ii_Financial_Data,1786827,CSRF,1,1,1,0,0,4288384800.0,312694725.0,4601079525.0,65.0,65.0
APP_NLIU_3722,Rule_3_vi_Biometric_Information,728130,,1,0,1,0,0,1456260000.0,218439000.0,1674699000.0,40.0,40.0
APP_NLIU_3723,Multi_Category_SPDI,1158215,SSRF,1,1,1,1,1,3243002000.0,115821499.99999997,3358823500.0,80.0,100.0
APP_NLIU_3724,Rule_3_i_Passwords,448604,CSRF,1,1,1,0,0,1076649600.0,78505700.0,1155155300.0,65.0,65.0
APP_NLIU_3725,Rule_3_ii_Financial_Data,1628639,,0,1,0,1,0,3257278000.0,610739625.0,3868017625.0,25.0,25.0
APP_NLIU_3726,Multi_Category_SPDI,560435,,1,0,1,1,0,1120870000.0,126097874.99999999,1246967875.0,55.00000000000001,55.00000000000001
APP_NLIU_3727,Rule_3_i_Passwords,1366246,XSS,1,0,1,1,0,3005741200.0000005,307405349.99999994,3313146550.0000005,55.00000000000001,55.00000000000001
APP_NLIU_3728,Rule_3_i_Passwords,1208307,SSRF,0,0,1,0,0,3383259600.0,604153500.0,3987413100.0,0.0,0.0
APP_NLIU_3729,Rule_3_i_Passwords,1818743,CSRF,0,0,1,1,0,4364983200.0,772965775.0,5137948975.0,15.0,15.0
APP_NLIU_3730,Rule_3_iii_v_Health_Medical_Records,109663,CSRF,1,1,0,1,1,263191200.0,19191025.0,282382225.0,65.0,85.0
APP_NLIU_3731,Rule_3_i_Passwords,1791032,SSRF,1,0,1,1,1,5014889600.0,402982199.99999994,5417871800.0,55.00000000000001,75.0
APP_NLIU_3732,Multi_Category_SPDI,1952188,,0,1,1,0,0,3904376000.0,732070500.0,4636446500.0,25.0,25.0
APP_NLIU_3733,Rule_3_ii_Financial_Data,1439953,CSRF,1,1,1,1,0,3455887200.0,143995299.99999997,3599882500.0,80.0,80.0
APP_NLIU_3734,Rule_3_iii_v_Health_Medical_Records,28088,XSS,1,1,1,1,1,61793600.00000001,2808799.9999999995,64602400.00000001,80.0,100.0
APP_NLIU_3735,Rule_3_ii_Financial_Data,1122040,CSRF,1,1,1,1,1,2692896000.0,112203999.99999997,2805100000.0,80.0,100.0
APP_NLIU_3736,Rule_3_ii_Financial_Data,1945929,,1,1,1,0,1,3891858000.0,340537575.0,4232395575.0,65.0,85.0
APP_NLIU_3737,Rule_3_iii_v_Health_Medical_Records,851430,CSRF,1,1,1,1,0,2043432000.0,85142999.99999999,2128575000.0,80.0,80.0
APP_NLIU_3738,Rule_3_vi_Biometric_Information,1880390,SQL_Injection,1,0,1,1,0,5641170000.0,423087749.99999994,6064257750.0,55.00000000000001,55.00000000000001
APP_NLIU_3739,Rule_3_vi_Biometric_Information,1343904,SQL_Injection,0,0,0,1,1,4031712000.0,671952000.0,4703664000.0,0.0,20.0
APP_NLIU_3740,Rule_3_iii_v_Health_Medical_Records,156171,XSS,0,0,1,1,0,343576200.0,66372675.0,409948875.0,15.0,15.0
APP_NLIU_3741,Multi_Category_SPDI,992314,XSS,0,0,0,1,0,2183090800.0,496157000.0,2679247800.0,0.0,0.0
APP_NLIU_3742,Rule_3_vi_Biometric_Information,1799442,XSS,1,1,1,1,0,3958772400.0000005,179944199.99999997,4138716600.0000005,80.0,80.0
APP_NLIU_3743,Rule_3_vi_Biometric_Information,1800216,XSS,1,1,1,1,0,3960475200.0000005,180021599.99999997,4140496800.0000005,80.0,80.0
APP_NLIU_3744,Rule_3_i_Passwords,1091315,SQL_Injection,0,0,0,0,0,3273945000.0,545657500.0,3819602500.0,0.0,0.0
APP_NLIU_3745,Rule_3_i_Passwords,1967945,XSS,1,1,1,1,1,4329479000.0,196794499.99999997,4526273500.0,80.0,100.0
APP_NLIU_3746,Rule_3_ii_Financial_Data,1193037,XSS,0,1,0,1,1,2624681400.0,447388875.0,3072070275.0,25.0,45.0
APP_NLIU_3747,Rule_3_iii_v_Health_Medical_Records,22352,SQL_Injection,1,1,1,0,0,67056000.0,3911599.9999999995,70967600.0,65.0,65.0
APP_NLIU_3748,Rule_3_ii_Financial_Data,131788,SQL_Injection,1,0,1,1,0,395364000.0,29652299.999999996,425016300.0,55.00000000000001,55.00000000000001
APP_NLIU_3749,Rule_3_ii_Financial_Data,1957851,SQL_Injection,0,0,1,1,1,5873553000.0,832086675.0,6705639675.0,15.0,35.0
APP_NLIU_3750,Multi_Category_SPDI,419364,SQL_Injection,1,1,0,1,0,1258092000.0,73388700.0,1331480700.0,65.0,65.0
APP_NLIU_3751,Multi_Category_SPDI,1609692,Exception_Handling_Failure,0,0,1,1,1,4346168400.0,684119100.0,5030287500.0,15.0,35.0
APP_NLIU_3752,Multi_Category_SPDI,597328,SSRF,1,1,1,1,1,1672518400.0,59732799.999999985,1732251200.0,80.0,100.0
APP_NLIU_3753,Rule_3_ii_Financial_Data,981124,CSRF,0,1,0,1,0,2354697600.0,367921500.0,2722619100.0,25.0,25.0
APP_NLIU_3754,Rule_3_iii_v_Health_Medical_Records,1409999,SSRF,1,1,1,1,0,3947997199.9999995,140999899.99999997,4088997099.9999995,80.0,80.0
APP_NLIU_3755,Rule_3_ii_Financial_Data,1148006,,1,1,0,1,1,2296012000.0,200901050.0,2496913050.0,65.0,85.0
APP_NLIU_3756,Rule_3_i_Passwords,1805467,,1,0,1,1,0,3610934000.0,406230074.99999994,4017164075.0,55.00000000000001,55.00000000000001
APP_NLIU_3757,Rule_3_i_Passwords,455330,SSRF,0,1,1,0,0,1274924000.0,170748750.0,1445672750.0,25.0,25.0
APP_NLIU_3758,Rule_3_ii_Financial_Data,963215,CSRF,1,0,0,1,0,2311716000.0,288964500.0,2600680500.0,40.0,40.0
APP_NLIU_3759,Rule_3_ii_Financial_Data,645245,SSRF,1,1,0,1,1,1806686000.0,112917875.0,1919603875.0,65.0,85.0
APP_NLIU_3760,Rule_3_vi_Biometric_Information,547036,XSS,1,0,1,1,1,1203479200.0,123083099.99999999,1326562300.0,55.00000000000001,75.0
APP_NLIU_3761,Rule_3_i_Passwords,1666500,SQL_Injection,0,1,0,1,1,4999500000.0,624937500.0,5624437500.0,25.0,45.0
APP_NLIU_3762,Rule_3_iii_v_Health_Medical_Records,1742627,Exception_Handling_Failure,1,0,0,1,0,4705092900.0,522788100.0,5227881000.0,40.0,40.0
APP_NLIU_3763,Rule_3_iii_v_Health_Medical_Records,120158,XSS,1,1,1,1,1,264347600.00000003,12015799.999999998,276363400.0,80.0,100.0
APP_NLIU_3764,Rule_3_ii_Financial_Data,1273165,,0,1,1,0,0,2546330000.0,477436875.0,3023766875.0,25.0,25.0
APP_NLIU_3765,Rule_3_ii_Financial_Data,1249930,SSRF,0,1,1,1,0,3499804000.0,374979000.0,3874783000.0,40.0,40.0
APP_NLIU_3766,Rule_3_ii_Financial_Data,1807180,,1,0,1,1,1,3614360000.0,406615499.99999994,4020975500.0,55.00000000000001,75.0
APP_NLIU_3767,Rule_3_iii_v_Health_Medical_Records,720720,,0,1,1,1,1,1441440000.0,216216000.0,1657656000.0,40.0,60.0
APP_NLIU_3768,Rule_3_ii_Financial_Data,1325966,SQL_Injection,1,1,1,1,0,3977898000.0,132596599.99999997,4110494600.0,80.0,80.0
APP_NLIU_3769,Rule_3_i_Passwords,246851,CSRF,1,1,1,1,1,592442400.0,24685099.999999996,617127500.0,80.0,100.0
APP_NLIU_3770,Rule_3_i_Passwords,64395,SSRF,1,1,1,1,0,180306000.0,6439499.999999998,186745500.0,80.0,80.0
APP_NLIU_3771,Rule_3_iii_v_Health_Medical_Records,1741422,CSRF,1,1,1,1,1,4179412800.0,174142199.99999997,4353555000.0,80.0,100.0
APP_NLIU_3772,Multi_Category_SPDI,1477132,CSRF,0,0,1,1,1,3545116800.0,627781100.0,4172897900.0,15.0,35.0
APP_NLIU_3773,Rule_3_ii_Financial_Data,1007378,XSS,0,1,0,1,0,2216231600.0,377766750.0,2593998350.0,25.0,25.0
APP_NLIU_3774,Rule_3_iii_v_Health_Medical_Records,1366020,XSS,0,1,0,1,0,3005244000.0000005,512257500.0,3517501500.0000005,25.0,25.0
APP_NLIU_3775,Rule_3_iii_v_Health_Medical_Records,1449878,,1,1,0,1,0,2899756000.0,253728649.99999997,3153484650.0,65.0,65.0
APP_NLIU_3776,Multi_Category_SPDI,227143,SQL_Injection,1,1,1,1,1,681429000.0,22714299.999999996,704143300.0,80.0,100.0
APP_NLIU_3777,Rule_3_vi_Biometric_Information,791401,,1,1,1,1,1,1582802000.0,79140099.99999999,1661942100.0,80.0,100.0
APP_NLIU_3778,Rule_3_iii_v_Health_Medical_Records,806292,SSRF,0,1,0,1,0,2257617600.0,302359500.0,2559977100.0,25.0,25.0
APP_NLIU_3779,Rule_3_iii_v_Health_Medical_Records,546301,,1,0,1,1,1,1092602000.0,122917724.99999999,1215519725.0,55.00000000000001,75.0
APP_NLIU_3780,Multi_Category_SPDI,405623,CSRF,0,1,1,1,1,973495200.0,121686900.0,1095182100.0,40.0,60.0
APP_NLIU_3781,Rule_3_ii_Financial_Data,1611406,SQL_Injection,0,0,1,1,0,4834218000.0,684847550.0,5519065550.0,15.0,15.0
APP_NLIU_3782,Rule_3_ii_Financial_Data,1078511,,0,1,1,1,1,2157022000.0,323553300.0,2480575300.0,40.0,60.0
APP_NLIU_3783,Rule_3_i_Passwords,505229,CSRF,1,1,1,1,0,1212549600.0,50522899.999999985,1263072500.0,80.0,80.0
APP_NLIU_3784,Rule_3_vi_Biometric_Information,578367,Exception_Handling_Failure,1,1,1,1,0,1561590900.0,57836699.999999985,1619427600.0,80.0,80.0
APP_NLIU_3785,Rule_3_vi_Biometric_Information,39111,XSS,1,1,1,1,0,86044200.0,3911099.999999999,89955300.0,80.0,80.0
APP_NLIU_3786,Rule_3_i_Passwords,847982,XSS,1,1,1,0,0,1865560400.0000002,148396850.0,2013957250.0000002,65.0,65.0
APP_NLIU_3787,Rule_3_iii_v_Health_Medical_Records,211769,XSS,1,0,1,1,1,465891800.00000006,47648024.99999999,513539825.00000006,55.00000000000001,75.0
APP_NLIU_3788,Rule_3_ii_Financial_Data,487333,,1,0,1,1,0,974666000.0,109649924.99999999,1084315925.0,55.00000000000001,55.00000000000001
APP_NLIU_3789,Rule_3_i_Passwords,1544605,SQL_Injection,1,1,1,1,0,4633815000.0,154460499.99999997,4788275500.0,80.0,80.0
APP_NLIU_3790,Multi_Category_SPDI,223008,Exception_Handling_Failure,1,0,0,0,1,602121600.0,66902400.0,669024000.0,40.0,60.0
APP_NLIU_3791,Rule_3_ii_Financial_Data,1916963,,1,0,1,0,0,3833926000.0,575088900.0,4409014900.0,40.0,40.0
APP_NLIU_3792,Rule_3_i_Passwords,45565,SQL_Injection,1,1,0,1,0,136695000.0,7973874.999999999,144668875.0,65.0,65.0
APP_NLIU_3793,Rule_3_iii_v_Health_Medical_Records,1072859,SQL_Injection,1,0,1,1,1,3218577000.0,241393274.99999997,3459970275.0,55.00000000000001,75.0
APP_NLIU_3794,Rule_3_iii_v_Health_Medical_Records,1906478,,0,0,0,1,1,3812956000.0,953239000.0,4766195000.0,0.0,20.0
APP_NLIU_3795,Rule_3_i_Passwords,1284938,XSS,1,0,1,1,0,2826863600.0,289111050.0,3115974650.0,55.00000000000001,55.00000000000001
APP_NLIU_3796,Rule_3_iii_v_Health_Medical_Records,616204,XSS,0,1,0,0,1,1355648800.0,231076500.0,1586725300.0,25.0,45.0
APP_NLIU_3797,Rule_3_iii_v_Health_Medical_Records,1133128,SQL_Injection,0,0,1,0,1,3399384000.0,566564000.0,3965948000.0,0.0,20.0
APP_NLIU_3798,Rule_3_i_Passwords,1043734,XSS,1,1,1,0,1,2296214800.0,182653450.0,2478868250.0,65.0,85.0
APP_NLIU_3799,Rule_3_i_Passwords,43233,SQL_Injection,1,0,1,1,1,129699000.0,9727424.999999998,139426425.0,55.00000000000001,75.0
APP_NLIU_3800,Rule_3_iii_v_Health_Medical_Records,1574986,XSS,1,1,1,1,1,3464969200.0000005,157498599.99999997,3622467800.0000005,80.0,100.0
APP_NLIU_3801,Rule_3_ii_Financial_Data,289839,,1,1,0,1,1,579678000.0,50721825.0,630399825.0,65.0,85.0
APP_NLIU_3802,Multi_Category_SPDI,1012992,CSRF,1,1,1,1,1,2431180800.0,101299199.99999997,2532480000.0,80.0,100.0
APP_NLIU_3803,Rule_3_vi_Biometric_Information,1704304,XSS,1,1,0,1,0,3749468800.0000005,298253200.0,4047722000.0000005,65.0,65.0
APP_NLIU_3804,Multi_Category_SPDI,178806,,1,1,1,1,1,357612000.0,17880599.999999996,375492600.0,80.0,100.0
APP_NLIU_3805,Rule_3_ii_Financial_Data,348401,Exception_Handling_Failure,1,1,0,1,0,940682700.0000001,60970174.99999999,1001652875.0000001,65.0,65.0
APP_NLIU_3806,Multi_Category_SPDI,792937,,1,1,1,1,1,1585874000.0,79293699.99999999,1665167700.0,80.0,100.0
APP_NLIU_3807,Rule_3_ii_Financial_Data,1976443,XSS,1,1,0,1,1,4348174600.0,345877525.0,4694052125.0,65.0,85.0
APP_NLIU_3808,Rule_3_ii_Financial_Data,971212,,1,1,1,0,0,1942424000.0,169962100.0,2112386100.0,65.0,65.0
APP_NLIU_3809,Rule_3_i_Passwords,310758,SQL_Injection,0,1,0,1,0,932274000.0,116534250.0,1048808250.0,25.0,25.0
APP_NLIU_3810,Rule_3_i_Passwords,1054586,SQL_Injection,0,1,1,1,1,3163758000.0,316375800.0,3480133800.0,40.0,60.0
APP_NLIU_3811,Rule_3_iii_v_Health_Medical_Records,249300,SSRF,0,0,1,1,0,698040000.0,105952500.0,803992500.0,15.0,15.0
APP_NLIU_3812,Rule_3_ii_Financial_Data,1558578,XSS,1,1,1,1,0,3428871600.0000005,155857799.99999997,3584729400.0000005,80.0,80.0
APP_NLIU_3813,Rule_3_ii_Financial_Data,1708424,,1,1,1,0,1,3416848000.0,298974200.0,3715822200.0,65.0,85.0
APP_NLIU_3814,Rule_3_iii_v_Health_Medical_Records,155933,CSRF,0,1,1,1,0,374239200.0,46779900.0,421019100.0,40.0,40.0
APP_NLIU_3815,Rule_3_ii_Financial_Data,1470917,Exception_Handling_Failure,0,1,0,1,1,3971475900.0000005,551593875.0,4523069775.0,25.0,45.0
APP_NLIU_3816,Rule_3_iii_v_Health_Medical_Records,784470,,0,0,1,1,0,1568940000.0,333399750.0,1902339750.0,15.0,15.0
APP_NLIU_3817,Rule_3_ii_Financial_Data,669729,XSS,1,1,0,1,1,1473403800.0,117202575.0,1590606375.0,65.0,85.0
APP_NLIU_3818,Rule_3_vi_Biometric_Information,1909401,CSRF,0,1,1,0,1,4582562400.0,716025375.0,5298587775.0,25.0,45.0
APP_NLIU_3819,Rule_3_vi_Biometric_Information,687031,XSS,0,0,0,1,1,1511468200.0000002,343515500.0,1854983700.0000002,0.0,20.0
APP_NLIU_3820,Rule_3_ii_Financial_Data,997904,CSRF,1,1,1,1,1,2394969600.0,99790399.99999999,2494760000.0,80.0,100.0
APP_NLIU_3821,Rule_3_ii_Financial_Data,1118088,SQL_Injection,1,1,1,1,1,3354264000.0,111808799.99999997,3466072800.0,80.0,100.0
APP_NLIU_3822,Rule_3_ii_Financial_Data,1151602,,1,0,1,1,0,2303204000.0,259110449.99999997,2562314450.0,55.00000000000001,55.00000000000001
APP_NLIU_3823,Rule_3_vi_Biometric_Information,1129232,SQL_Injection,1,0,1,1,0,3387696000.0,254077199.99999997,3641773200.0,55.00000000000001,55.00000000000001
APP_NLIU_3824,Rule_3_ii_Financial_Data,1794695,SQL_Injection,1,0,1,0,1,5384085000.0,538408500.0,5922493500.0,40.0,60.0
APP_NLIU_3825,Rule_3_ii_Financial_Data,364830,,0,1,0,1,1,729660000.0,136811250.0,866471250.0,25.0,45.0
APP_NLIU_3826,Rule_3_i_Passwords,1228786,CSRF,1,1,1,1,1,2949086400.0,122878599.99999997,3071965000.0,80.0,100.0
APP_NLIU_3827,Rule_3_ii_Financial_Data,1238068,Exception_Handling_Failure,1,0,1,0,1,3342783600.0,371420400.0,3714204000.0,40.0,60.0
APP_NLIU_3828,Rule_3_ii_Financial_Data,990593,CSRF,0,1,1,1,0,2377423200.0,297177900.0,2674601100.0,40.0,40.0
APP_NLIU_3829,Rule_3_vi_Biometric_Information,282633,CSRF,0,0,1,1,0,678319200.0,120119025.0,798438225.0,15.0,15.0
APP_NLIU_3830,Rule_3_ii_Financial_Data,64789,CSRF,0,1,1,1,0,155493600.0,19436700.0,174930300.0,40.0,40.0
APP_NLIU_3831,Rule_3_ii_Financial_Data,1647789,CSRF,1,0,0,1,1,3954693600.0,494336700.0,4449030300.0,40.0,60.0
APP_NLIU_3832,Rule_3_vi_Biometric_Information,1365423,XSS,1,1,1,1,1,3003930600.0000005,136542299.99999997,3140472900.0000005,80.0,100.0
APP_NLIU_3833,Rule_3_vi_Biometric_Information,1534278,,1,1,1,1,1,3068556000.0,153427799.99999997,3221983800.0,80.0,100.0
APP_NLIU_3834,Rule_3_ii_Financial_Data,1130201,XSS,0,1,1,1,1,2486442200.0,339060300.0,2825502500.0,40.0,60.0
APP_NLIU_3835,Rule_3_ii_Financial_Data,1947543,,1,0,1,1,0,3895086000.0,438197174.99999994,4333283175.0,55.00000000000001,55.00000000000001
APP_NLIU_3836,Rule_3_ii_Financial_Data,1829382,SQL_Injection,1,0,0,0,0,5488146000.0,548814600.0,6036960600.0,40.0,40.0
APP_NLIU_3837,Multi_Category_SPDI,1767164,XSS,1,1,1,1,0,3887760800.0000005,176716399.99999997,4064477200.0000005,80.0,80.0
APP_NLIU_3838,Rule_3_i_Passwords,526564,XSS,1,0,1,0,0,1158440800.0,157969200.0,1316410000.0,40.0,40.0
APP_NLIU_3839,Multi_Category_SPDI,532339,,1,1,1,1,0,1064678000.0,53233899.999999985,1117911900.0,80.0,80.0
APP_NLIU_3840,Rule_3_iii_v_Health_Medical_Records,174162,SQL_Injection,1,1,1,1,0,522486000.0,17416199.999999996,539902200.0,80.0,80.0
APP_NLIU_3841,Rule_3_iii_v_Health_Medical_Records,1606669,XSS,1,1,1,1,1,3534671800.0000005,160666899.99999997,3695338700.0000005,80.0,100.0
APP_NLIU_3842,Rule_3_i_Passwords,1672842,,0,1,1,1,1,3345684000.0,501852600.0,3847536600.0,40.0,60.0
APP_NLIU_3843,Rule_3_ii_Financial_Data,835989,SSRF,1,1,1,1,0,2340769200.0,83598899.99999999,2424368100.0,80.0,80.0
APP_NLIU_3844,Rule_3_ii_Financial_Data,400771,,0,1,1,1,1,801542000.0,120231300.0,921773300.0,40.0,60.0
APP_NLIU_3845,Rule_3_i_Passwords,1628105,SQL_Injection,0,1,0,1,0,4884315000.0,610539375.0,5494854375.0,25.0,25.0
APP_NLIU_3846,Rule_3_iii_v_Health_Medical_Records,1000807,,1,1,1,0,1,2001614000.0,175141225.0,2176755225.0,65.0,85.0
APP_NLIU_3847,Multi_Category_SPDI,1181414,,1,1,1,1,0,2362828000.0,118141399.99999997,2480969400.0,80.0,80.0
APP_NLIU_3848,Rule_3_iii_v_Health_Medical_Records,595282,Exception_Handling_Failure,1,0,1,1,1,1607261400.0,133938449.99999999,1741199850.0,55.00000000000001,75.0
APP_NLIU_3849,Rule_3_iii_v_Health_Medical_Records,381149,XSS,1,1,0,1,0,838527800.0000001,66701074.99999999,905228875.0000001,65.0,65.0
APP_NLIU_3850,Rule_3_i_Passwords,807498,SQL_Injection,1,0,1,0,1,2422494000.0,242249400.0,2664743400.0,40.0,60.0
APP_NLIU_3851,Rule_3_ii_Financial_Data,665081,,1,1,0,0,1,1330162000.0,116389175.0,1446551175.0,65.0,85.0
APP_NLIU_3852,Rule_3_i_Passwords,1917990,XSS,1,0,1,1,1,4219578000.0000005,431547749.99999994,4651125750.0,55.00000000000001,75.0
APP_NLIU_3853,Rule_3_iii_v_Health_Medical_Records,797736,SQL_Injection,0,1,0,1,1,2393208000.0,299151000.0,2692359000.0,25.0,45.0
APP_NLIU_3854,Multi_Category_SPDI,1296517,Exception_Handling_Failure,0,1,1,1,0,3500595900.0,388955100.0,3889551000.0,40.0,40.0
APP_NLIU_3855,Rule_3_iii_v_Health_Medical_Records,1620831,XSS,1,1,1,0,0,3565828200.0000005,283645425.0,3849473625.0000005,65.0,65.0
APP_NLIU_3856,Rule_3_i_Passwords,760584,SQL_Injection,1,1,1,1,0,2281752000.0,76058399.99999999,2357810400.0,80.0,80.0
APP_NLIU_3857,Rule_3_ii_Financial_Data,345907,SSRF,0,0,0,1,1,968539599.9999999,172953500.0,1141493100.0,0.0,20.0
APP_NLIU_3858,Rule_3_iii_v_Health_Medical_Records,1880470,SQL_Injection,1,1,0,1,0,5641410000.0,329082250.0,5970492250.0,65.0,65.0
APP_NLIU_3859,Rule_3_ii_Financial_Data,1960364,XSS,0,1,0,1,0,4312800800.0,735136500.0,5047937300.0,25.0,25.0
APP_NLIU_3860,Rule_3_vi_Biometric_Information,1649698,Exception_Handling_Failure,0,1,1,0,0,4454184600.0,618636750.0,5072821350.0,25.0,25.0
APP_NLIU_3861,Rule_3_vi_Biometric_Information,378167,XSS,1,1,1,1,1,831967400.0000001,37816699.99999999,869784100.0000001,80.0,100.0
APP_NLIU_3862,Rule_3_iii_v_Health_Medical_Records,647059,,1,1,1,1,0,1294118000.0,64705899.999999985,1358823900.0,80.0,80.0
APP_NLIU_3863,Rule_3_ii_Financial_Data,80842,,0,1,1,1,0,161684000.0,24252600.0,185936600.0,40.0,40.0
APP_NLIU_3864,Rule_3_ii_Financial_Data,7589,Exception_Handling_Failure,1,1,1,1,0,20490300.0,758899.9999999999,21249200.0,80.0,80.0
APP_NLIU_3865,Rule_3_i_Passwords,392167,SQL_Injection,1,0,1,1,0,1176501000.0,88237574.99999999,1264738575.0,55.00000000000001,55.00000000000001
APP_NLIU_3866,Rule_3_ii_Financial_Data,1483870,Exception_Handling_Failure,1,1,1,1,1,4006449000.0000005,148386999.99999997,4154836000.0000005,80.0,100.0
APP_NLIU_3867,Rule_3_ii_Financial_Data,1285193,XSS,1,1,1,1,1,2827424600.0,128519299.99999997,2955943900.0,80.0,100.0
APP_NLIU_3868,Rule_3_iii_v_Health_Medical_Records,59918,XSS,0,0,0,1,1,131819600.00000001,29959000.0,161778600.0,0.0,20.0
APP_NLIU_3869,Rule_3_iii_v_Health_Medical_Records,1984681,Exception_Handling_Failure,1,1,1,1,1,5358638700.0,198468099.99999997,5557106800.0,80.0,100.0
APP_NLIU_3870,Rule_3_i_Passwords,12711,CSRF,1,0,1,1,0,30506400.0,2859974.9999999995,33366375.0,55.00000000000001,55.00000000000001
APP_NLIU_3871,Rule_3_ii_Financial_Data,1271548,,1,0,1,1,1,2543096000.0,286098300.0,2829194300.0,55.00000000000001,75.0
APP_NLIU_3872,Rule_3_i_Passwords,326574,SQL_Injection,1,1,0,1,1,979722000.0,57150450.0,1036872450.0,65.0,85.0
APP_NLIU_3873,Rule_3_i_Passwords,723687,Exception_Handling_Failure,1,1,1,1,0,1953954900.0000002,72368699.99999999,2026323600.0000002,80.0,80.0
APP_NLIU_3874,Rule_3_vi_Biometric_Information,1283890,SQL_Injection,0,0,1,1,1,3851670000.0,545653250.0,4397323250.0,15.0,35.0
APP_NLIU_3875,Rule_3_i_Passwords,755506,,1,1,1,1,1,1511012000.0,75550599.99999999,1586562600.0,80.0,100.0
APP_NLIU_3876,Rule_3_ii_Financial_Data,894037,SQL_Injection,1,1,1,1,0,2682111000.0,89403699.99999999,2771514700.0,80.0,80.0
APP_NLIU_3877,Rule_3_i_Passwords,1581834,SQL_Injection,1,0,1,1,1,4745502000.0,355912649.99999994,5101414650.0,55.00000000000001,75.0
APP_NLIU_3878,Multi_Category_SPDI,263989,CSRF,1,1,1,0,1,633573600.0,46198075.0,679771675.0,65.0,85.0
APP_NLIU_3879,Rule_3_iii_v_Health_Medical_Records,1385255,CSRF,0,1,1,1,0,3324612000.0,415576500.0,3740188500.0,40.0,40.0
APP_NLIU_3880,Rule_3_ii_Financial_Data,878002,SSRF,1,1,1,1,0,2458405600.0,87800199.99999999,2546205800.0,80.0,80.0
APP_NLIU_3881,Rule_3_iii_v_Health_Medical_Records,126315,XSS,1,0,1,1,1,277893000.0,28420874.999999996,306313875.0,55.00000000000001,75.0
APP_NLIU_3882,Rule_3_iii_v_Health_Medical_Records,958680,XSS,0,1,1,1,0,2109096000.0000002,287604000.0,2396700000.0,40.0,40.0
APP_NLIU_3883,Multi_Category_SPDI,1427831,SQL_Injection,1,0,1,1,0,4283493000.0,321261974.99999994,4604754975.0,55.00000000000001,55.00000000000001
APP_NLIU_3884,Rule_3_ii_Financial_Data,308874,CSRF,1,0,1,1,1,741297600.0,69496650.0,810794250.0,55.00000000000001,75.0
APP_NLIU_3885,Multi_Category_SPDI,1528960,,1,1,1,1,0,3057920000.0,152895999.99999997,3210816000.0,80.0,80.0
APP_NLIU_3886,Multi_Category_SPDI,1722321,Exception_Handling_Failure,0,0,1,1,1,4650266700.0,731986425.0,5382253125.0,15.0,35.0
APP_NLIU_3887,Multi_Category_SPDI,1176828,,1,0,1,1,1,2353656000.0,264786299.99999997,2618442300.0,55.00000000000001,75.0
APP_NLIU_3888,Rule_3_iii_v_Health_Medical_Records,1190598,Exception_Handling_Failure,0,1,0,0,1,3214614600.0,446474250.0,3661088850.0,25.0,45.0
APP_NLIU_3889,Rule_3_iii_v_Health_Medical_Records,1810166,CSRF,1,1,0,0,0,4344398400.0,316779050.0,4661177450.0,65.0,65.0
APP_NLIU_3890,Rule_3_ii_Financial_Data,1258159,SQL_Injection,0,0,1,1,1,3774477000.0,534717575.0,4309194575.0,15.0,35.0
APP_NLIU_3891,Rule_3_vi_Biometric_Information,975513,CSRF,0,1,1,1,1,2341231200.0,292653900.0,2633885100.0,40.0,60.0
APP_NLIU_3892,Rule_3_iii_v_Health_Medical_Records,1009354,,0,0,1,1,0,2018708000.0,428975450.0,2447683450.0,15.0,15.0
APP_NLIU_3893,Rule_3_iii_v_Health_Medical_Records,1994478,,0,1,1,1,1,3988956000.0,598343400.0,4587299400.0,40.0,60.0
APP_NLIU_3894,Rule_3_ii_Financial_Data,947781,XSS,1,0,0,1,0,2085118200.0000002,284334300.0,2369452500.0,40.0,40.0
APP_NLIU_3895,Rule_3_iii_v_Health_Medical_Records,687121,SQL_Injection,1,1,0,1,0,2061363000.0,120246174.99999999,2181609175.0,65.0,65.0
APP_NLIU_3896,Rule_3_vi_Biometric_Information,200507,SQL_Injection,1,1,1,1,0,601521000.0,20050699.999999996,621571700.0,80.0,80.0
APP_NLIU_3897,Rule_3_i_Passwords,68944,CSRF,1,0,1,1,1,165465600.0,15512399.999999998,180978000.0,55.00000000000001,75.0
APP_NLIU_3898,Rule_3_vi_Biometric_Information,470718,XSS,1,1,1,1,1,1035579600.0000001,47071799.99999999,1082651400.0,80.0,100.0
APP_NLIU_3899,Rule_3_iii_v_Health_Medical_Records,1161013,SQL_Injection,1,1,1,1,1,3483039000.0,116101299.99999997,3599140300.0,80.0,100.0
APP_NLIU_3900,Rule_3_vi_Biometric_Information,1180370,,1,1,1,1,1,2360740000.0,118036999.99999997,2478777000.0,80.0,100.0
APP_NLIU_3901,Rule_3_ii_Financial_Data,339267,CSRF,0,1,1,1,1,814240800.0,101780100.0,916020900.0,40.0,60.0
APP_NLIU_3902,Rule_3_ii_Financial_Data,290024,,1,1,0,1,1,580048000.0,50754200.0,630802200.0,65.0,85.0
APP_NLIU_3903,Multi_Category_SPDI,993131,,1,1,1,1,1,1986262000.0,99313099.99999999,2085575100.0,80.0,100.0
APP_NLIU_3904,Rule_3_ii_Financial_Data,1488545,,1,1,1,1,1,2977090000.0,148854499.99999997,3125944500.0,80.0,100.0
APP_NLIU_3905,Rule_3_vi_Biometric_Information,1019170,Exception_Handling_Failure,1,1,1,1,0,2751759000.0,101916999.99999997,2853676000.0,80.0,80.0
APP_NLIU_3906,Rule_3_ii_Financial_Data,879261,Exception_Handling_Failure,0,1,1,1,0,2374004700.0,263778300.0,2637783000.0,40.0,40.0
APP_NLIU_3907,Rule_3_iii_v_Health_Medical_Records,661921,Exception_Handling_Failure,1,1,1,1,0,1787186700.0,66192099.999999985,1853378800.0,80.0,80.0
APP_NLIU_3908,Rule_3_ii_Financial_Data,58205,Exception_Handling_Failure,1,1,1,1,0,157153500.0,5820499.999999999,162974000.0,80.0,80.0
APP_NLIU_3909,Rule_3_iii_v_Health_Medical_Records,111948,XSS,1,1,1,1,0,246285600.00000003,11194799.999999998,257480400.00000003,80.0,80.0
APP_NLIU_3910,Rule_3_ii_Financial_Data,1375530,,1,1,1,0,1,2751060000.0,240717749.99999997,2991777750.0,65.0,85.0
APP_NLIU_3911,Rule_3_i_Passwords,380233,,1,0,1,0,1,760466000.0,114069900.0,874535900.0,40.0,60.0
APP_NLIU_3912,Rule_3_ii_Financial_Data,1642346,,0,1,1,0,1,3284692000.0,615879750.0,3900571750.0,25.0,45.0
APP_NLIU_3913,Rule_3_i_Passwords,1384912,,0,1,1,1,0,2769824000.0,415473600.0,3185297600.0,40.0,40.0
APP_NLIU_3914,Multi_Category_SPDI,616442,SSRF,1,1,1,0,1,1726037600.0,107877350.0,1833914950.0,65.0,85.0
APP_NLIU_3915,Multi_Category_SPDI,1663930,SQL_Injection,1,1,1,0,0,4991790000.0,291187750.0,5282977750.0,65.0,65.0
APP_NLIU_3916,Rule_3_ii_Financial_Data,223480,XSS,1,1,0,1,1,491656000.00000006,39109000.0,530765000.00000006,65.0,85.0
APP_NLIU_3917,Rule_3_iii_v_Health_Medical_Records,520985,XSS,1,1,1,1,1,1146167000.0,52098499.999999985,1198265500.0,80.0,100.0
APP_NLIU_3918,Rule_3_ii_Financial_Data,1737266,,1,1,1,1,1,3474532000.0,173726599.99999997,3648258600.0,80.0,100.0
APP_NLIU_3919,Rule_3_iii_v_Health_Medical_Records,1462931,XSS,0,1,1,0,0,3218448200.0000005,548599125.0,3767047325.0000005,25.0,25.0
APP_NLIU_3920,Rule_3_vi_Biometric_Information,133514,XSS,1,0,0,1,1,293730800.0,40054200.0,333785000.0,40.0,60.0
APP_NLIU_3921,Multi_Category_SPDI,824409,XSS,0,1,0,1,0,1813699800.0000002,309153375.0,2122853175.0000002,25.0,25.0
APP_NLIU_3922,Rule_3_ii_Financial_Data,9983,SQL_Injection,0,1,1,1,1,29949000.0,2994900.0,32943900.0,40.0,60.0
APP_NLIU_3923,Rule_3_vi_Biometric_Information,700269,Exception_Handling_Failure,1,1,1,1,1,1890726300.0000002,70026899.99999999,1960753200.0000002,80.0,100.0
APP_NLIU_3924,Rule_3_ii_Financial_Data,1030926,,1,1,0,1,1,2061852000.0,180412050.0,2242264050.0,65.0,85.0
APP_NLIU_3925,Multi_Category_SPDI,1249128,SSRF,1,1,1,1,0,3497558400.0,124912799.99999997,3622471200.0,80.0,80.0
APP_NLIU_3926,Rule_3_i_Passwords,1364749,XSS,0,0,1,1,1,3002447800.0000005,580018325.0,3582466125.0000005,15.0,35.0
APP_NLIU_3927,Rule_3_iii_v_Health_Medical_Records,1730265,XSS,1,1,1,1,0,3806583000.0000005,173026499.99999997,3979609500.0000005,80.0,80.0
APP_NLIU_3928,Rule_3_iii_v_Health_Medical_Records,1700532,SSRF,0,0,1,0,0,4761489600.0,850266000.0,5611755600.0,0.0,0.0
APP_NLIU_3929,Rule_3_iii_v_Health_Medical_Records,172806,SQL_Injection,1,1,1,0,1,518418000.0,30241049.999999996,548659050.0,65.0,85.0
APP_NLIU_3930,Rule_3_i_Passwords,1882845,,0,0,1,1,0,3765690000.0,800209125.0,4565899125.0,15.0,15.0
APP_NLIU_3931,Multi_Category_SPDI,734714,CSRF,1,1,1,1,1,1763313600.0,73471399.99999999,1836785000.0,80.0,100.0
APP_NLIU_3932,Rule_3_i_Passwords,1261102,SSRF,0,1,1,1,0,3531085600.0,378330600.0,3909416200.0,40.0,40.0
APP_NLIU_3933,Rule_3_iii_v_Health_Medical_Records,1292602,SSRF,0,0,1,1,1,3619285600.0,549355850.0,4168641450.0,15.0,35.0
APP_NLIU_3934,Rule_3_ii_Financial_Data,646800,Exception_Handling_Failure,1,1,1,1,1,1746360000.0,64679999.999999985,1811040000.0,80.0,100.0
APP_NLIU_3935,Rule_3_ii_Financial_Data,71786,Exception_Handling_Failure,0,0,1,0,1,193822200.0,35893000.0,229715200.0,0.0,20.0
APP_NLIU_3936,Rule_3_iii_v_Health_Medical_Records,271902,Exception_Handling_Failure,1,0,1,1,1,734135400.0,61177949.99999999,795313350.0,55.00000000000001,75.0
APP_NLIU_3937,Rule_3_ii_Financial_Data,1418387,SQL_Injection,1,1,1,1,1,4255161000.0,141838699.99999997,4396999700.0,80.0,100.0
APP_NLIU_3938,Rule_3_i_Passwords,1514491,,0,1,1,0,1,3028982000.0,567934125.0,3596916125.0,25.0,45.0
APP_NLIU_3939,Rule_3_i_Passwords,1685983,CSRF,1,0,1,1,1,4046359200.0,379346174.99999994,4425705375.0,55.00000000000001,75.0
APP_NLIU_3940,Rule_3_ii_Financial_Data,1415877,CSRF,1,1,1,0,1,3398104800.0,247778474.99999997,3645883275.0,65.0,85.0
APP_NLIU_3941,Rule_3_vi_Biometric_Information,87673,XSS,1,1,0,1,1,192880600.00000003,15342774.999999998,208223375.00000003,65.0,85.0
APP_NLIU_3942,Multi_Category_SPDI,1413359,CSRF,1,0,0,0,0,3392061600.0,424007700.0,3816069300.0,40.0,40.0
APP_NLIU_3943,Rule_3_i_Passwords,157904,,0,1,1,1,0,315808000.0,47371200.0,363179200.0,40.0,40.0
APP_NLIU_3944,Rule_3_ii_Financial_Data,924372,,0,1,1,0,0,1848744000.0,346639500.0,2195383500.0,25.0,25.0
APP_NLIU_3945,Rule_3_i_Passwords,264111,CSRF,0,1,0,0,1,633866400.0,99041625.0,732908025.0,25.0,45.0
APP_NLIU_3946,Rule_3_i_Passwords,644157,,0,1,1,1,0,1288314000.0,193247100.0,1481561100.0,40.0,40.0
APP_NLIU_3947,Rule_3_iii_v_Health_Medical_Records,1497457,,1,1,1,1,1,2994914000.0,149745699.99999997,3144659700.0,80.0,100.0
APP_NLIU_3948,Rule_3_iii_v_Health_Medical_Records,1298520,,0,1,1,1,0,2597040000.0,389556000.0,2986596000.0,40.0,40.0
APP_NLIU_3949,Rule_3_i_Passwords,440078,SSRF,1,1,1,1,1,1232218400.0,44007799.99999999,1276226200.0,80.0,100.0
APP_NLIU_3950,Rule_3_ii_Financial_Data,286872,XSS,0,1,1,1,1,631118400.0,86061600.0,717180000.0,40.0,60.0
APP_NLIU_3951,Rule_3_i_Passwords,1943550,CSRF,1,0,1,1,0,4664520000.0,437298749.99999994,5101818750.0,55.00000000000001,55.00000000000001
APP_NLIU_3952,Rule_3_vi_Biometric_Information,1933573,,0,1,1,1,1,3867146000.0,580071900.0,4447217900.0,40.0,60.0
APP_NLIU_3953,Multi_Category_SPDI,438073,SQL_Injection,0,1,1,1,1,1314219000.0,131421900.0,1445640900.0,40.0,60.0
APP_NLIU_3954,Rule_3_i_Passwords,1474975,XSS,1,1,1,1,0,3244945000.0000005,147497499.99999997,3392442500.0000005,80.0,80.0
APP_NLIU_3955,Rule_3_ii_Financial_Data,486537,CSRF,0,1,1,1,1,1167688800.0,145961100.0,1313649900.0,40.0,60.0
APP_NLIU_3956,Multi_Category_SPDI,1837418,CSRF,1,1,1,1,1,4409803200.0,183741799.99999997,4593545000.0,80.0,100.0
APP_NLIU_3957,Multi_Category_SPDI,1465732,Exception_Handling_Failure,1,0,1,1,1,3957476400.0000005,329789699.99999994,4287266100.0000005,55.00000000000001,75.0
APP_NLIU_3958,Rule_3_ii_Financial_Data,654307,,1,1,1,1,1,1308614000.0,65430699.999999985,1374044700.0,80.0,100.0
APP_NLIU_3959,Rule_3_i_Passwords,1452072,Exception_Handling_Failure,1,0,1,1,1,3920594400.0000005,326716199.99999994,4247310600.0000005,55.00000000000001,75.0
APP_NLIU_3960,Rule_3_i_Passwords,1156124,,1,1,1,1,1,2312248000.0,115612399.99999997,2427860400.0,80.0,100.0
APP_NLIU_3961,Rule_3_iii_v_Health_Medical_Records,400380,CSRF,1,1,1,1,1,960912000.0,40037999.99999999,1000950000.0,80.0,100.0
APP_NLIU_3962,Rule_3_ii_Financial_Data,1437009,XSS,1,0,1,0,1,3161419800.0000005,431102700.0,3592522500.0000005,40.0,60.0
APP_NLIU_3963,Rule_3_i_Passwords,490940,XSS,1,1,1,1,0,1080068000.0,49093999.99999999,1129162000.0,80.0,80.0
APP_NLIU_3964,Rule_3_iii_v_Health_Medical_Records,1822389,SQL_Injection,1,1,1,1,0,5467167000.0,182238899.99999997,5649405900.0,80.0,80.0
APP_NLIU_3965,Rule_3_i_Passwords,1444788,XSS,1,1,1,1,1,3178533600.0000005,144478799.99999997,3323012400.0000005,80.0,100.0
APP_NLIU_3966,Rule_3_vi_Biometric_Information,346768,Exception_Handling_Failure,1,0,1,0,1,936273600.0000001,104030400.0,1040304000.0000001,40.0,60.0
APP_NLIU_3967,Rule_3_ii_Financial_Data,1727341,XSS,1,1,0,1,1,3800150200.0000005,302284675.0,4102434875.0000005,65.0,85.0
APP_NLIU_3968,Rule_3_i_Passwords,1580685,,1,1,0,1,1,3161370000.0,276619875.0,3437989875.0,65.0,85.0
APP_NLIU_3969,Rule_3_iii_v_Health_Medical_Records,322234,XSS,0,1,1,1,0,708914800.0,96670200.0,805585000.0,40.0,40.0
APP_NLIU_3970,Rule_3_ii_Financial_Data,1469308,SQL_Injection,0,1,0,0,1,4407924000.0,550990500.0,4958914500.0,25.0,45.0
APP_NLIU_3971,Multi_Category_SPDI,1981553,SQL_Injection,0,1,1,0,1,5944659000.0,743082375.0,6687741375.0,25.0,45.0
APP_NLIU_3972,Rule_3_iii_v_Health_Medical_Records,1886462,XSS,0,1,1,1,1,4150216400.0000005,565938600.0,4716155000.0,40.0,60.0
APP_NLIU_3973,Rule_3_ii_Financial_Data,1227178,CSRF,0,1,1,0,1,2945227200.0,460191750.0,3405418950.0,25.0,45.0
APP_NLIU_3974,Rule_3_iii_v_Health_Medical_Records,1157849,SQL_Injection,1,1,1,1,1,3473547000.0,115784899.99999997,3589331900.0,80.0,100.0
APP_NLIU_3975,Rule_3_ii_Financial_Data,261196,XSS,0,1,1,1,0,574631200.0,78358800.0,652990000.0,40.0,40.0
APP_NLIU_3976,Multi_Category_SPDI,1944480,XSS,1,1,1,1,1,4277856000.0000005,194447999.99999997,4472304000.0,80.0,100.0
APP_NLIU_3977,Rule_3_ii_Financial_Data,228626,CSRF,0,1,1,1,1,548702400.0,68587800.0,617290200.0,40.0,60.0
APP_NLIU_3978,Rule_3_iii_v_Health_Medical_Records,215704,,0,1,0,0,1,431408000.0,80889000.0,512297000.0,25.0,45.0
APP_NLIU_3979,Rule_3_i_Passwords,241579,Exception_Handling_Failure,1,1,1,1,0,652263300.0,24157899.999999996,676421200.0,80.0,80.0
APP_NLIU_3980,Rule_3_ii_Financial_Data,947302,CSRF,1,1,0,0,1,2273524800.0,165777850.0,2439302650.0,65.0,85.0
APP_NLIU_3981,Rule_3_vi_Biometric_Information,399079,,1,1,0,0,1,798158000.0,69838825.0,867996825.0,65.0,85.0
APP_NLIU_3982,Rule_3_vi_Biometric_Information,545436,Exception_Handling_Failure,1,0,0,0,0,1472677200.0,163630800.0,1636308000.0,40.0,40.0
APP_NLIU_3983,Rule_3_ii_Financial_Data,91545,Exception_Handling_Failure,1,1,1,1,1,247171500.00000003,9154499.999999998,256326000.00000003,80.0,100.0
APP_NLIU_3984,Rule_3_ii_Financial_Data,1108035,XSS,0,0,1,1,0,2437677000.0,470914875.0,2908591875.0,15.0,15.0
APP_NLIU_3985,Rule_3_vi_Biometric_Information,743705,SQL_Injection,1,0,1,0,0,2231115000.0,223111500.0,2454226500.0,40.0,40.0
APP_NLIU_3986,Multi_Category_SPDI,1924232,Exception_Handling_Failure,0,0,1,1,0,5195426400.0,817798600.0,6013225000.0,15.0,15.0
APP_NLIU_3987,Rule_3_i_Passwords,333333,CSRF,1,1,1,0,1,799999200.0,58333275.0,858332475.0,65.0,85.0
APP_NLIU_3988,Rule_3_ii_Financial_Data,1570831,,1,1,0,0,0,3141662000.0,274895425.0,3416557425.0,65.0,65.0
APP_NLIU_3989,Rule_3_ii_Financial_Data,406345,,1,0,1,1,0,812690000.0,91427624.99999999,904117625.0,55.00000000000001,55.00000000000001
APP_NLIU_3990,Multi_Category_SPDI,96954,XSS,0,1,1,0,1,213298800.00000003,36357750.0,249656550.00000003,25.0,45.0
APP_NLIU_3991,Rule_3_i_Passwords,1863126,CSRF,1,0,1,1,1,4471502400.0,419203349.99999994,4890705750.0,55.00000000000001,75.0
APP_NLIU_3992,Rule_3_ii_Financial_Data,1709379,SSRF,0,1,0,1,1,4786261200.0,641017125.0,5427278325.0,25.0,45.0
APP_NLIU_3993,Rule_3_vi_Biometric_Information,949545,CSRF,0,1,1,0,1,2278908000.0,356079375.0,2634987375.0,25.0,45.0
APP_NLIU_3994,Rule_3_i_Passwords,618667,XSS,0,0,1,1,1,1361067400.0,262933475.0,1624000875.0,15.0,35.0
APP_NLIU_3995,Rule_3_ii_Financial_Data,288197,CSRF,1,0,1,1,1,691672800.0,64844324.99999999,756517125.0,55.00000000000001,75.0
APP_NLIU_3996,Rule_3_ii_Financial_Data,887816,XSS,0,1,1,1,0,1953195200.0000002,266344800.0,2219540000.0,40.0,40.0
APP_NLIU_3997,Rule_3_ii_Financial_Data,501626,SSRF,1,1,1,1,1,1404552800.0,50162599.99999999,1454715400.0,80.0,100.0
APP_NLIU_3998,Rule_3_ii_Financial_Data,1221852,,1,0,0,1,1,2443704000.0,366555600.0,2810259600.0,40.0,60.0
APP_NLIU_3999,Rule_3_iii_v_Health_Medical_Records,1957553,SQL_Injection,0,1,0,1,0,5872659000.0,734082375.0,6606741375.0,25.0,25.0
APP_NLIU_4000,Rule_3_i_Passwords,1751176,,1,1,0,1,1,3502352000.0,306455800.0,3808807800.0,65.0,85.0
APP_NLIU_4001,Rule_3_iii_v_Health_Medical_Records,237415,,0,1,0,1,1,474830000.0,89030625.0,563860625.0,25.0,45.0
APP_NLIU_4002,Rule_3_vi_Biometric_Information,918107,XSS,1,1,0,0,0,2019835400.0000002,160668725.0,2180504125.0,65.0,65.0
APP_NLIU_4003,Rule_3_vi_Biometric_Information,1409469,,0,1,1,0,1,2818938000.0,528550875.0,3347488875.0,25.0,45.0
APP_NLIU_4004,Rule_3_i_Passwords,459318,XSS,1,1,1,1,0,1010499600.0000001,45931799.99999999,1056431400.0000001,80.0,80.0
APP_NLIU_4005,Rule_3_i_Passwords,1192939,Exception_Handling_Failure,1,1,0,1,1,3220935300.0,208764325.0,3429699625.0,65.0,85.0
APP_NLIU_4006,Rule_3_ii_Financial_Data,1817518,CSRF,1,1,1,1,1,4362043200.0,181751799.99999997,4543795000.0,80.0,100.0
APP_NLIU_4007,Rule_3_ii_Financial_Data,283429,CSRF,0,0,1,1,0,680229600.0,120457325.0,800686925.0,15.0,15.0
APP_NLIU_4008,Rule_3_ii_Financial_Data,1014926,XSS,1,1,1,1,1,2232837200.0,101492599.99999997,2334329800.0,80.0,100.0
APP_NLIU_4009,Rule_3_iii_v_Health_Medical_Records,328733,XSS,1,0,1,0,1,723212600.0,98619900.0,821832500.0,40.0,60.0
APP_NLIU_4010,Rule_3_i_Passwords,18944,XSS,1,0,0,1,0,41676800.0,5683200.0,47360000.0,40.0,40.0
APP_NLIU_4011,Rule_3_i_Passwords,630329,CSRF,1,1,1,1,1,1512789600.0,63032899.999999985,1575822500.0,80.0,100.0
APP_NLIU_4012,Rule_3_ii_Financial_Data,1928884,CSRF,0,1,1,0,0,4629321600.0,723331500.0,5352653100.0,25.0,25.0
APP_NLIU_4013,Rule_3_iii_v_Health_Medical_Records,886993,SQL_Injection,1,0,1,1,1,2660979000.0,199573424.99999997,2860552425.0,55.00000000000001,75.0
APP_NLIU_4014,Rule_3_i_Passwords,1632255,SQL_Injection,1,1,1,1,0,4896765000.0,163225499.99999997,5059990500.0,80.0,80.0
APP_NLIU_4015,Rule_3_iii_v_Health_Medical_Records,6607,CSRF,1,1,1,1,0,15856800.0,660699.9999999999,16517500.0,80.0,80.0
APP_NLIU_4016,Rule_3_ii_Financial_Data,1313890,SQL_Injection,1,1,1,0,0,3941670000.0,229930750.0,4171600750.0,65.0,65.0
APP_NLIU_4017,Multi_Category_SPDI,1056529,SQL_Injection,0,0,0,0,1,3169587000.0,528264500.0,3697851500.0,0.0,20.0
APP_NLIU_4018,Multi_Category_SPDI,1622805,,0,1,1,1,1,3245610000.0,486841500.0,3732451500.0,40.0,60.0
APP_NLIU_4019,Rule_3_ii_Financial_Data,1780405,SQL_Injection,0,1,1,1,1,5341215000.0,534121500.0,5875336500.0,40.0,60.0
APP_NLIU_4020,Rule_3_ii_Financial_Data,999426,Exception_Handling_Failure,1,1,1,1,1,2698450200.0,99942599.99999999,2798392800.0,80.0,100.0
APP_NLIU_4021,Rule_3_ii_Financial_Data,853115,CSRF,1,1,0,1,0,2047476000.0,149295125.0,2196771125.0,65.0,65.0
APP_NLIU_4022,Rule_3_ii_Financial_Data,1560317,,1,1,1,1,0,3120634000.0,156031699.99999997,3276665700.0,80.0,80.0
APP_NLIU_4023,Rule_3_iii_v_Health_Medical_Records,1779154,XSS,1,1,0,1,1,3914138800.0000005,311351950.0,4225490750.0000005,65.0,85.0
APP_NLIU_4024,Rule_3_vi_Biometric_Information,1035661,CSRF,1,1,1,0,0,2485586400.0,181240675.0,2666827075.0,65.0,65.0
APP_NLIU_4025,Rule_3_iii_v_Health_Medical_Records,901020,XSS,1,1,1,0,0,1982244000.0000002,157678500.0,2139922500.0000002,65.0,65.0
APP_NLIU_4026,Rule_3_vi_Biometric_Information,1043525,CSRF,0,1,1,1,1,2504460000.0,313057500.0,2817517500.0,40.0,60.0
APP_NLIU_4027,Rule_3_ii_Financial_Data,1962088,XSS,1,0,1,1,0,4316593600.0,441469799.99999994,4758063400.0,55.00000000000001,55.00000000000001
APP_NLIU_4028,Rule_3_i_Passwords,1326874,SQL_Injection,1,1,1,1,0,3980622000.0,132687399.99999997,4113309400.0,80.0,80.0
APP_NLIU_4029,Rule_3_iii_v_Health_Medical_Records,916974,,1,1,1,1,0,1833948000.0,91697399.99999999,1925645400.0,80.0,80.0
APP_NLIU_4030,Rule_3_ii_Financial_Data,1717983,XSS,0,0,1,0,0,3779562600.0000005,858991500.0,4638554100.0,0.0,0.0
APP_NLIU_4031,Rule_3_iii_v_Health_Medical_Records,1666393,CSRF,1,1,1,0,1,3999343200.0,291618775.0,4290961975.0,65.0,85.0
APP_NLIU_4032,Rule_3_ii_Financial_Data,1260522,,1,1,1,0,0,2521044000.0,220591350.0,2741635350.0,65.0,65.0
APP_NLIU_4033,Rule_3_i_Passwords,1592187,CSRF,1,1,1,0,0,3821248800.0,278632725.0,4099881525.0,65.0,65.0
APP_NLIU_4034,Multi_Category_SPDI,1353413,,1,0,1,1,1,2706826000.0,304517924.99999994,3011343925.0,55.00000000000001,75.0
APP_NLIU_4035,Rule_3_i_Passwords,719090,XSS,1,1,1,1,1,1581998000.0000002,71908999.99999999,1653907000.0000002,80.0,100.0
APP_NLIU_4036,Multi_Category_SPDI,1314668,,1,1,1,1,1,2629336000.0,131466799.99999997,2760802800.0,80.0,100.0
APP_NLIU_4037,Multi_Category_SPDI,356314,SQL_Injection,1,1,0,1,1,1068942000.0,62354949.99999999,1131296950.0,65.0,85.0
APP_NLIU_4038,Rule_3_vi_Biometric_Information,1473084,,1,0,0,0,1,2946168000.0,441925200.0,3388093200.0,40.0,60.0
APP_NLIU_4039,Rule_3_iii_v_Health_Medical_Records,1550879,,1,1,1,1,1,3101758000.0,155087899.99999997,3256845900.0,80.0,100.0
APP_NLIU_4040,Rule_3_iii_v_Health_Medical_Records,574399,SSRF,1,1,1,1,1,1608317200.0,57439899.999999985,1665757100.0,80.0,100.0
APP_NLIU_4041,Multi_Category_SPDI,997957,SQL_Injection,1,1,1,0,1,2993871000.0,174642475.0,3168513475.0,65.0,85.0
APP_NLIU_4042,Rule_3_ii_Financial_Data,473897,CSRF,1,0,1,0,1,1137352800.0,142169100.0,1279521900.0,40.0,60.0
APP_NLIU_4043,Rule_3_ii_Financial_Data,1279901,,1,1,0,1,1,2559802000.0,223982675.0,2783784675.0,65.0,85.0
APP_NLIU_4044,Rule_3_iii_v_Health_Medical_Records,306635,CSRF,1,1,0,1,1,735924000.0,53661125.0,789585125.0,65.0,85.0
APP_NLIU_4045,Rule_3_ii_Financial_Data,1627200,XSS,1,0,0,1,0,3579840000.0000005,488160000.0,4068000000.0000005,40.0,40.0
APP_NLIU_4046,Rule_3_ii_Financial_Data,1070481,SQL_Injection,1,0,1,1,1,3211443000.0,240858224.99999997,3452301225.0,55.00000000000001,75.0
APP_NLIU_4047,Rule_3_ii_Financial_Data,1083849,CSRF,1,0,0,1,1,2601237600.0,325154700.0,2926392300.0,40.0,60.0
APP_NLIU_4048,Rule_3_iii_v_Health_Medical_Records,1178767,XSS,1,0,1,1,1,2593287400.0,265222574.99999997,2858509975.0,55.00000000000001,75.0
APP_NLIU_4049,Multi_Category_SPDI,1431656,,0,1,1,1,0,2863312000.0,429496800.0,3292808800.0,40.0,40.0
APP_NLIU_4050,Rule_3_ii_Financial_Data,1210882,XSS,1,1,1,1,0,2663940400.0,121088199.99999997,2785028600.0,80.0,80.0
APP_NLIU_4051,Multi_Category_SPDI,1263533,,1,0,0,1,0,2527066000.0,379059900.0,2906125900.0,40.0,40.0
APP_NLIU_4052,Rule_3_iii_v_Health_Medical_Records,71538,XSS,1,1,1,1,0,157383600.0,7153799.999999998,164537400.0,80.0,80.0
APP_NLIU_4053,Rule_3_vi_Biometric_Information,1158146,SQL_Injection,1,1,1,0,1,3474438000.0,202675550.0,3677113550.0,65.0,85.0
APP_NLIU_4054,Rule_3_iii_v_Health_Medical_Records,692933,CSRF,0,0,1,1,0,1663039200.0,294496525.0,1957535725.0,15.0,15.0
APP_NLIU_4055,Rule_3_vi_Biometric_Information,1933347,XSS,1,1,1,1,1,4253363400.0000005,193334699.99999997,4446698100.0,80.0,100.0
APP_NLIU_4056,Rule_3_i_Passwords,267025,,1,0,1,0,0,534050000.0,80107500.0,614157500.0,40.0,40.0
APP_NLIU_4057,Rule_3_vi_Biometric_Information,1436852,,1,1,1,0,0,2873704000.0,251449099.99999997,3125153100.0,65.0,65.0
APP_NLIU_4058,Rule_3_i_Passwords,200392,SSRF,1,0,0,1,1,561097600.0,60117600.0,621215200.0,40.0,60.0
APP_NLIU_4059,Multi_Category_SPDI,1182569,SSRF,1,1,1,1,0,3311193200.0,118256899.99999997,3429450100.0,80.0,80.0
APP_NLIU_4060,Multi_Category_SPDI,802762,SSRF,1,0,1,1,1,2247733600.0,180621449.99999997,2428355050.0,55.00000000000001,75.0
APP_NLIU_4061,Rule_3_ii_Financial_Data,1276688,,1,1,1,1,1,2553376000.0,127668799.99999997,2681044800.0,80.0,100.0
APP_NLIU_4062,Rule_3_ii_Financial_Data,1265164,,0,1,0,1,0,2530328000.0,474436500.0,3004764500.0,25.0,25.0
APP_NLIU_4063,Rule_3_vi_Biometric_Information,1912561,,0,1,1,1,0,3825122000.0,573768300.0,4398890300.0,40.0,40.0
APP_NLIU_4064,Rule_3_ii_Financial_Data,1750289,CSRF,0,1,0,1,0,4200693600.0,656358375.0,4857051975.0,25.0,25.0
APP_NLIU_4065,Multi_Category_SPDI,152083,XSS,0,0,1,1,1,334582600.0,64635275.0,399217875.0,15.0,35.0
APP_NLIU_4066,Rule_3_i_Passwords,1137113,XSS,0,1,0,1,0,2501648600.0,426417375.0,2928065975.0,25.0,25.0
APP_NLIU_4067,Rule_3_i_Passwords,590273,CSRF,0,1,1,1,1,1416655200.0,177081900.0,1593737100.0,40.0,60.0
APP_NLIU_4068,Multi_Category_SPDI,1594908,XSS,1,1,1,1,1,3508797600.0000005,159490799.99999997,3668288400.0000005,80.0,100.0
APP_NLIU_4069,Rule_3_iii_v_Health_Medical_Records,436508,SQL_Injection,0,0,1,1,1,1309524000.0,185515900.0,1495039900.0,15.0,35.0
APP_NLIU_4070,Rule_3_vi_Biometric_Information,651592,SQL_Injection,0,0,1,1,0,1954776000.0,276926600.0,2231702600.0,15.0,15.0
APP_NLIU_4071,Rule_3_ii_Financial_Data,141322,,0,1,0,1,1,282644000.0,52995750.0,335639750.0,25.0,45.0
APP_NLIU_4072,Rule_3_iii_v_Health_Medical_Records,263116,,1,0,0,1,0,526232000.0,78934800.0,605166800.0,40.0,40.0
APP_NLIU_4073,Rule_3_iii_v_Health_Medical_Records,1863297,XSS,1,1,1,1,1,4099253400.0000005,186329699.99999997,4285583100.0000005,80.0,100.0
APP_NLIU_4074,Rule_3_iii_v_Health_Medical_Records,38087,XSS,0,0,1,0,0,83791400.0,19043500.0,102834900.0,0.0,0.0
APP_NLIU_4075,Rule_3_iii_v_Health_Medical_Records,1129528,CSRF,1,1,1,1,0,2710867200.0,112952799.99999997,2823820000.0,80.0,80.0
APP_NLIU_4076,Rule_3_iii_v_Health_Medical_Records,1799631,,1,1,1,1,1,3599262000.0,179963099.99999997,3779225100.0,80.0,100.0
APP_NLIU_4077,Rule_3_ii_Financial_Data,41368,,1,0,1,0,1,82736000.0,12410400.0,95146400.0,40.0,60.0
APP_NLIU_4078,Rule_3_ii_Financial_Data,1698512,,1,1,1,1,0,3397024000.0,169851199.99999997,3566875200.0,80.0,80.0
APP_NLIU_4079,Rule_3_vi_Biometric_Information,862247,,1,1,1,1,0,1724494000.0,86224699.99999999,1810718700.0,80.0,80.0
APP_NLIU_4080,Rule_3_ii_Financial_Data,1144269,SSRF,0,1,1,1,1,3203953200.0,343280700.0,3547233900.0,40.0,60.0
APP_NLIU_4081,Rule_3_iii_v_Health_Medical_Records,1507832,CSRF,1,1,1,1,0,3618796800.0,150783199.99999997,3769580000.0,80.0,80.0
APP_NLIU_4082,Rule_3_ii_Financial_Data,588188,XSS,1,0,1,1,0,1294013600.0,132342299.99999999,1426355900.0,55.00000000000001,55.00000000000001
APP_NLIU_4083,Rule_3_iii_v_Health_Medical_Records,1855502,CSRF,1,0,1,1,0,4453204800.0,417487949.99999994,4870692750.0,55.00000000000001,55.00000000000001
APP_NLIU_4084,Rule_3_iii_v_Health_Medical_Records,1432206,,0,1,1,1,1,2864412000.0,429661800.0,3294073800.0,40.0,60.0
APP_NLIU_4085,Rule_3_ii_Financial_Data,705526,CSRF,1,1,1,1,1,1693262400.0,70552599.99999999,1763815000.0,80.0,100.0
APP_NLIU_4086,Rule_3_i_Passwords,227182,SQL_Injection,1,1,1,1,0,681546000.0,22718199.999999996,704264200.0,80.0,80.0
APP_NLIU_4087,Rule_3_i_Passwords,161405,CSRF,0,0,1,1,1,387372000.0,68597125.0,455969125.0,15.0,35.0
APP_NLIU_4088,Rule_3_iii_v_Health_Medical_Records,1873058,,1,1,1,1,1,3746116000.0,187305799.99999997,3933421800.0,80.0,100.0
APP_NLIU_4089,Rule_3_vi_Biometric_Information,1675663,SSRF,1,1,0,1,1,4691856400.0,293241025.0,4985097425.0,65.0,85.0
APP_NLIU_4090,Rule_3_i_Passwords,136016,Exception_Handling_Failure,1,0,0,1,1,367243200.0,40804800.0,408048000.0,40.0,60.0
APP_NLIU_4091,Rule_3_iii_v_Health_Medical_Records,1282723,XSS,1,1,1,0,0,2821990600.0,224476525.0,3046467125.0,65.0,65.0
APP_NLIU_4092,Rule_3_ii_Financial_Data,1666121,SQL_Injection,0,1,1,1,1,4998363000.0,499836300.0,5498199300.0,40.0,60.0
APP_NLIU_4093,Rule_3_ii_Financial_Data,53070,XSS,1,1,1,1,1,116754000.00000001,5306999.999999999,122061000.00000001,80.0,100.0
APP_NLIU_4094,Multi_Category_SPDI,1845174,,1,1,0,0,0,3690348000.0,322905450.0,4013253450.0,65.0,65.0
APP_NLIU_4095,Rule_3_ii_Financial_Data,405337,XSS,0,1,1,1,1,891741400.0000001,121601100.0,1013342500.0000001,40.0,60.0
APP_NLIU_4096,Rule_3_ii_Financial_Data,675037,,1,0,0,1,1,1350074000.0,202511100.0,1552585100.0,40.0,60.0
APP_NLIU_4097,Rule_3_i_Passwords,716921,CSRF,1,1,1,1,1,1720610400.0,71692099.99999999,1792302500.0,80.0,100.0
APP_NLIU_4098,Rule_3_i_Passwords,1019281,SQL_Injection,1,0,1,1,1,3057843000.0,229338224.99999997,3287181225.0,55.00000000000001,75.0
APP_NLIU_4099,Rule_3_ii_Financial_Data,1528701,,1,1,1,1,0,3057402000.0,152870099.99999997,3210272100.0,80.0,80.0
APP_NLIU_4100,Rule_3_i_Passwords,878841,CSRF,1,1,1,1,1,2109218400.0,87884099.99999999,2197102500.0,80.0,100.0
APP_NLIU_4101,Rule_3_iii_v_Health_Medical_Records,1091240,XSS,1,1,0,1,0,2400728000.0,190967000.0,2591695000.0,65.0,65.0
APP_NLIU_4102,Rule_3_ii_Financial_Data,921358,,1,1,1,1,0,1842716000.0,92135799.99999999,1934851800.0,80.0,80.0
APP_NLIU_4103,Rule_3_iii_v_Health_Medical_Records,1561610,CSRF,0,1,0,1,1,3747864000.0,585603750.0,4333467750.0,25.0,45.0
APP_NLIU_4104,Rule_3_i_Passwords,1841301,,1,0,0,0,1,3682602000.0,552390300.0,4234992300.0,40.0,60.0
APP_NLIU_4105,Rule_3_ii_Financial_Data,944947,SQL_Injection,0,0,0,1,1,2834841000.0,472473500.0,3307314500.0,0.0,20.0
APP_NLIU_4106,Rule_3_iii_v_Health_Medical_Records,1552053,CSRF,0,1,1,0,1,3724927200.0,582019875.0,4306947075.0,25.0,45.0
APP_NLIU_4107,Multi_Category_SPDI,316356,SQL_Injection,1,1,1,1,0,949068000.0,31635599.999999993,980703600.0,80.0,80.0
APP_NLIU_4108,Rule_3_i_Passwords,1006635,,0,1,1,1,1,2013270000.0,301990500.0,2315260500.0,40.0,60.0
APP_NLIU_4109,Multi_Category_SPDI,1128852,SSRF,1,1,0,1,1,3160785600.0,197549100.0,3358334700.0,65.0,85.0
APP_NLIU_4110,Rule_3_iii_v_Health_Medical_Records,1852567,,1,1,1,0,0,3705134000.0,324199225.0,4029333225.0,65.0,65.0
APP_NLIU_4111,Rule_3_iii_v_Health_Medical_Records,70231,,1,0,1,1,0,140462000.0,15801974.999999998,156263975.0,55.00000000000001,55.00000000000001
APP_NLIU_4112,Rule_3_iii_v_Health_Medical_Records,1686141,XSS,0,1,0,1,1,3709510200.0000005,632302875.0,4341813075.0,25.0,45.0
APP_NLIU_4113,Rule_3_i_Passwords,1223692,XSS,0,1,1,1,0,2692122400.0,367107600.0,3059230000.0,40.0,40.0
APP_NLIU_4114,Rule_3_i_Passwords,1337467,XSS,0,1,1,1,0,2942427400.0,401240100.0,3343667500.0,40.0,40.0
APP_NLIU_4115,Rule_3_iii_v_Health_Medical_Records,766816,CSRF,1,1,1,1,1,1840358400.0,76681599.99999999,1917040000.0,80.0,100.0
APP_NLIU_4116,Rule_3_ii_Financial_Data,1520301,XSS,1,0,1,1,1,3344662200.0000005,342067724.99999994,3686729925.0000005,55.00000000000001,75.0
APP_NLIU_4117,Multi_Category_SPDI,1476921,Exception_Handling_Failure,0,1,1,0,1,3987686700.0000005,553845375.0,4541532075.0,25.0,45.0
APP_NLIU_4118,Rule_3_ii_Financial_Data,1315757,,1,1,1,0,1,2631514000.0,230257475.0,2861771475.0,65.0,85.0
APP_NLIU_4119,Rule_3_i_Passwords,1944302,,1,0,1,1,0,3888604000.0,437467949.99999994,4326071950.0,55.00000000000001,55.00000000000001
APP_NLIU_4120,Rule_3_iii_v_Health_Medical_Records,102847,,1,1,0,1,0,205694000.0,17998225.0,223692225.0,65.0,65.0
APP_NLIU_4121,Rule_3_ii_Financial_Data,1681606,,0,1,1,1,1,3363212000.0,504481800.0,3867693800.0,40.0,60.0
APP_NLIU_4122,Rule_3_iii_v_Health_Medical_Records,782725,XSS,1,1,1,1,1,1721995000.0000002,78272499.99999999,1800267500.0000002,80.0,100.0
APP_NLIU_4123,Rule_3_iii_v_Health_Medical_Records,53503,Exception_Handling_Failure,1,1,1,1,1,144458100.0,5350299.999999999,149808400.0,80.0,100.0
APP_NLIU_4124,Multi_Category_SPDI,819639,,1,1,1,1,0,1639278000.0,81963899.99999999,1721241900.0,80.0,80.0
APP_NLIU_4125,Rule_3_vi_Biometric_Information,507376,CSRF,0,0,1,1,1,1217702400.0,215634800.0,1433337200.0,15.0,35.0
APP_NLIU_4126,Rule_3_iii_v_Health_Medical_Records,1348961,,0,0,0,1,0,2697922000.0,674480500.0,3372402500.0,0.0,0.0
APP_NLIU_4127,Rule_3_iii_v_Health_Medical_Records,1971138,XSS,1,1,1,1,0,4336503600.0,197113799.99999997,4533617400.0,80.0,80.0
APP_NLIU_4128,Multi_Category_SPDI,1411891,Exception_Handling_Failure,0,0,1,1,0,3812105700.0000005,600053675.0,4412159375.0,15.0,15.0
APP_NLIU_4129,Rule_3_ii_Financial_Data,1723770,,1,1,1,0,1,3447540000.0,301659750.0,3749199750.0,65.0,85.0
APP_NLIU_4130,Rule_3_i_Passwords,1527905,,1,1,1,1,1,3055810000.0,152790499.99999997,3208600500.0,80.0,100.0
APP_NLIU_4131,Rule_3_ii_Financial_Data,264966,SSRF,1,1,0,1,1,741904800.0,46369050.0,788273850.0,65.0,85.0
APP_NLIU_4132,Rule_3_ii_Financial_Data,908734,,1,1,1,1,0,1817468000.0,90873399.99999999,1908341400.0,80.0,80.0
APP_NLIU_4133,Rule_3_iii_v_Health_Medical_Records,1736126,XSS,1,0,1,1,1,3819477200.0000005,390628349.99999994,4210105550.0000005,55.00000000000001,75.0
APP_NLIU_4134,Rule_3_iii_v_Health_Medical_Records,77832,CSRF,1,1,1,1,1,186796800.0,7783199.999999998,194580000.0,80.0,100.0
APP_NLIU_4135,Rule_3_iii_v_Health_Medical_Records,1337103,,1,1,1,1,0,2674206000.0,133710299.99999997,2807916300.0,80.0,80.0
APP_NLIU_4136,Rule_3_i_Passwords,1819910,XSS,0,1,1,0,1,4003802000.0000005,682466250.0,4686268250.0,25.0,45.0
APP_NLIU_4137,Rule_3_iii_v_Health_Medical_Records,391435,Exception_Handling_Failure,1,1,0,1,1,1056874500.0000001,68501125.0,1125375625.0,65.0,85.0
APP_NLIU_4138,Rule_3_ii_Financial_Data,1995740,CSRF,1,0,0,1,0,4789776000.0,598722000.0,5388498000.0,40.0,40.0
APP_NLIU_4139,Rule_3_iii_v_Health_Medical_Records,768389,XSS,1,1,1,1,0,1690455800.0000002,76838899.99999999,1767294700.0000002,80.0,80.0
APP_NLIU_4140,Rule_3_iii_v_Health_Medical_Records,794106,Exception_Handling_Failure,1,1,1,1,1,2144086200.0000002,79410599.99999999,2223496800.0,80.0,100.0
APP_NLIU_4141,Rule_3_ii_Financial_Data,1429820,XSS,0,1,1,1,0,3145604000.0000005,428946000.0,3574550000.0000005,40.0,40.0
APP_NLIU_4142,Rule_3_i_Passwords,1425089,SSRF,1,1,1,1,0,3990249199.9999995,142508899.99999997,4132758099.9999995,80.0,80.0
APP_NLIU_4143,Rule_3_i_Passwords,1600684,,0,0,0,1,1,3201368000.0,800342000.0,4001710000.0,0.0,20.0
APP_NLIU_4144,Rule_3_vi_Biometric_Information,1793976,XSS,1,1,1,1,1,3946747200.0000005,179397599.99999997,4126144800.0000005,80.0,100.0
APP_NLIU_4145,Multi_Category_SPDI,1472458,,1,0,1,1,1,2944916000.0,331303049.99999994,3276219050.0,55.00000000000001,75.0
APP_NLIU_4146,Rule_3_iii_v_Health_Medical_Records,1097370,XSS,0,1,1,1,1,2414214000.0,329211000.0,2743425000.0,40.0,60.0
APP_NLIU_4147,Rule_3_i_Passwords,924580,CSRF,0,1,0,1,1,2218992000.0,346717500.0,2565709500.0,25.0,45.0
APP_NLIU_4148,Rule_3_ii_Financial_Data,1182120,XSS,1,1,1,1,0,2600664000.0,118211999.99999997,2718876000.0,80.0,80.0
APP_NLIU_4149,Rule_3_iii_v_Health_Medical_Records,42555,XSS,1,0,0,1,0,93621000.00000001,12766500.0,106387500.00000001,40.0,40.0
APP_NLIU_4150,Rule_3_vi_Biometric_Information,1764144,XSS,1,1,1,1,0,3881116800.0000005,176414399.99999997,4057531200.0000005,80.0,80.0
APP_NLIU_4151,Rule_3_i_Passwords,823838,XSS,1,1,1,1,1,1812443600.0000002,82383799.99999999,1894827400.0000002,80.0,100.0
APP_NLIU_4152,Rule_3_i_Passwords,1508364,XSS,1,1,1,1,1,3318400800.0000005,150836399.99999997,3469237200.0000005,80.0,100.0
APP_NLIU_4153,Rule_3_iii_v_Health_Medical_Records,45262,SQL_Injection,0,0,1,0,1,135786000.0,22631000.0,158417000.0,0.0,20.0
APP_NLIU_4154,Rule_3_ii_Financial_Data,1931328,XSS,1,1,1,1,0,4248921600.0000005,193132799.99999997,4442054400.0,80.0,80.0
APP_NLIU_4155,Rule_3_ii_Financial_Data,747021,SSRF,0,0,1,1,1,2091658799.9999998,317483925.0,2409142725.0,15.0,35.0
APP_NLIU_4156,Rule_3_i_Passwords,1470008,SQL_Injection,1,1,0,0,0,4410024000.0,257251399.99999997,4667275400.0,65.0,65.0
APP_NLIU_4157,Rule_3_iii_v_Health_Medical_Records,466333,,0,1,1,1,0,932666000.0,139899900.0,1072565900.0,40.0,40.0
APP_NLIU_4158,Multi_Category_SPDI,1790072,Exception_Handling_Failure,1,1,0,1,1,4833194400.0,313262600.0,5146457000.0,65.0,85.0
APP_NLIU_4159,Multi_Category_SPDI,297428,Exception_Handling_Failure,1,0,1,1,1,803055600.0,66921299.99999999,869976900.0,55.00000000000001,75.0
APP_NLIU_4160,Rule_3_iii_v_Health_Medical_Records,680531,XSS,1,1,1,1,0,1497168200.0000002,68053099.99999999,1565221300.0000002,80.0,80.0
APP_NLIU_4161,Rule_3_iii_v_Health_Medical_Records,1930635,,1,0,1,1,1,3861270000.0,434392874.99999994,4295662875.0,55.00000000000001,75.0
APP_NLIU_4162,Rule_3_i_Passwords,1985413,Exception_Handling_Failure,0,1,0,1,1,5360615100.0,744529875.0,6105144975.0,25.0,45.0
APP_NLIU_4163,Rule_3_iii_v_Health_Medical_Records,428751,,1,1,1,1,0,857502000.0,42875099.99999999,900377100.0,80.0,80.0
APP_NLIU_4164,Rule_3_ii_Financial_Data,94023,CSRF,0,1,1,1,1,225655200.0,28206900.0,253862100.0,40.0,60.0
APP_NLIU_4165,Rule_3_iii_v_Health_Medical_Records,212012,,1,0,1,1,1,424024000.0,47702699.99999999,471726700.0,55.00000000000001,75.0
APP_NLIU_4166,Rule_3_ii_Financial_Data,169772,,0,0,1,1,0,339544000.0,72153100.0,411697100.0,15.0,15.0
APP_NLIU_4167,Rule_3_ii_Financial_Data,1530375,,0,1,1,1,1,3060750000.0,459112500.0,3519862500.0,40.0,60.0
APP_NLIU_4168,Rule_3_i_Passwords,1095092,SSRF,0,1,0,0,0,3066257600.0,410659500.0,3476917100.0,25.0,25.0
APP_NLIU_4169,Rule_3_ii_Financial_Data,1331297,CSRF,0,1,1,1,0,3195112800.0,399389100.0,3594501900.0,40.0,40.0
APP_NLIU_4170,Rule_3_i_Passwords,1012338,CSRF,1,0,1,1,0,2429611200.0,227776049.99999997,2657387250.0,55.00000000000001,55.00000000000001
APP_NLIU_4171,Rule_3_i_Passwords,260623,CSRF,1,0,1,1,1,625495200.0,58640174.99999999,684135375.0,55.00000000000001,75.0
APP_NLIU_4172,Multi_Category_SPDI,544303,,0,1,1,1,0,1088606000.0,163290900.0,1251896900.0,40.0,40.0
APP_NLIU_4173,Rule_3_ii_Financial_Data,96104,SQL_Injection,1,1,1,1,1,288312000.0,9610399.999999998,297922400.0,80.0,100.0
APP_NLIU_4174,Rule_3_iii_v_Health_Medical_Records,1430132,SQL_Injection,1,1,0,0,1,4290396000.0,250273099.99999997,4540669100.0,65.0,85.0
APP_NLIU_4175,Multi_Category_SPDI,358884,CSRF,1,1,1,0,0,861321600.0,62804699.99999999,924126300.0,65.0,65.0
APP_NLIU_4176,Multi_Category_SPDI,1806220,SSRF,1,1,1,1,1,5057416000.0,180621999.99999997,5238038000.0,80.0,100.0
APP_NLIU_4177,Rule_3_iii_v_Health_Medical_Records,1468028,SSRF,0,1,1,1,1,4110478399.9999995,440408400.0,4550886800.0,40.0,60.0
APP_NLIU_4178,Rule_3_vi_Biometric_Information,333784,,0,0,1,1,0,667568000.0,141858200.0,809426200.0,15.0,15.0
APP_NLIU_4179,Rule_3_ii_Financial_Data,1661054,XSS,1,1,1,1,0,3654318800.0000005,166105399.99999997,3820424200.0000005,80.0,80.0
APP_NLIU_4180,Rule_3_ii_Financial_Data,1183092,SQL_Injection,1,1,1,1,1,3549276000.0,118309199.99999997,3667585200.0,80.0,100.0
APP_NLIU_4181,Rule_3_ii_Financial_Data,968208,XSS,1,1,1,1,0,2130057600.0000002,96820799.99999999,2226878400.0,80.0,80.0
APP_NLIU_4182,Rule_3_iii_v_Health_Medical_Records,1227017,XSS,1,1,0,1,1,2699437400.0,214727975.0,2914165375.0,65.0,85.0
APP_NLIU_4183,Rule_3_iii_v_Health_Medical_Records,1712582,SQL_Injection,1,1,1,1,0,5137746000.0,171258199.99999997,5309004200.0,80.0,80.0
APP_NLIU_4184,Rule_3_ii_Financial_Data,1140583,Exception_Handling_Failure,1,1,1,1,0,3079574100.0,114058299.99999997,3193632400.0,80.0,80.0
APP_NLIU_4185,Rule_3_i_Passwords,1734842,,1,1,1,1,0,3469684000.0,173484199.99999997,3643168200.0,80.0,80.0
APP_NLIU_4186,Rule_3_iii_v_Health_Medical_Records,747003,,1,1,1,0,1,1494006000.0,130725524.99999999,1624731525.0,65.0,85.0
APP_NLIU_4187,Rule_3_i_Passwords,52728,,1,1,1,1,0,105456000.0,5272799.999999999,110728800.0,80.0,80.0
APP_NLIU_4188,Rule_3_iii_v_Health_Medical_Records,806310,SQL_Injection,1,1,0,1,0,2418930000.0,141104250.0,2560034250.0,65.0,65.0
APP_NLIU_4189,Rule_3_iii_v_Health_Medical_Records,514958,,1,0,1,0,0,1029916000.0,154487400.0,1184403400.0,40.0,40.0
APP_NLIU_4190,Rule_3_iii_v_Health_Medical_Records,920357,,1,0,1,1,1,1840714000.0,207080324.99999997,2047794325.0,55.00000000000001,75.0
APP_NLIU_4191,Rule_3_vi_Biometric_Information,1062721,,0,1,0,1,0,2125442000.0,398520375.0,2523962375.0,25.0,25.0
APP_NLIU_4192,Multi_Category_SPDI,1666442,SQL_Injection,1,1,1,0,0,4999326000.0,291627350.0,5290953350.0,65.0,65.0
APP_NLIU_4193,Rule_3_ii_Financial_Data,23226,,1,1,1,1,0,46452000.0,2322599.9999999995,48774600.0,80.0,80.0
APP_NLIU_4194,Rule_3_iii_v_Health_Medical_Records,1318522,,1,1,0,1,1,2637044000.0,230741350.0,2867785350.0,65.0,85.0
APP_NLIU_4195,Rule_3_iii_v_Health_Medical_Records,553407,,1,1,0,1,1,1106814000.0,96846225.0,1203660225.0,65.0,85.0
APP_NLIU_4196,Rule_3_i_Passwords,1117136,SQL_Injection,0,0,1,0,1,3351408000.0,558568000.0,3909976000.0,0.0,20.0
APP_NLIU_4197,Rule_3_i_Passwords,62353,,0,1,1,1,0,124706000.0,18705900.0,143411900.0,40.0,40.0
APP_NLIU_4198,Rule_3_ii_Financial_Data,1299317,,1,0,0,1,0,2598634000.0,389795100.0,2988429100.0,40.0,40.0
APP_NLIU_4199,Rule_3_ii_Financial_Data,1801657,Exception_Handling_Failure,0,1,1,0,1,4864473900.0,675621375.0,5540095275.0,25.0,45.0
APP_NLIU_4200,Rule_3_iii_v_Health_Medical_Records,390145,XSS,1,1,1,1,1,858319000.0000001,39014499.99999999,897333500.0000001,80.0,100.0
APP_NLIU_4201,Rule_3_vi_Biometric_Information,1508918,,0,1,1,1,0,3017836000.0,452675400.0,3470511400.0,40.0,40.0
APP_NLIU_4202,Rule_3_i_Passwords,600929,XSS,1,0,1,1,0,1322043800.0,135209025.0,1457252825.0,55.00000000000001,55.00000000000001
APP_NLIU_4203,Rule_3_i_Passwords,56712,XSS,1,1,1,1,1,124766400.00000001,5671199.999999999,130437600.00000001,80.0,100.0
APP_NLIU_4204,Multi_Category_SPDI,450405,XSS,1,1,1,1,0,990891000.0000001,45040499.99999999,1035931500.0000001,80.0,80.0
APP_NLIU_4205,Rule_3_i_Passwords,980288,,0,1,1,1,0,1960576000.0,294086400.0,2254662400.0,40.0,40.0
APP_NLIU_4206,Rule_3_ii_Financial_Data,1707949,SQL_Injection,1,0,1,0,0,5123847000.0,512384700.0,5636231700.0,40.0,40.0
APP_NLIU_4207,Rule_3_iii_v_Health_Medical_Records,335429,XSS,0,1,1,1,0,737943800.0,100628700.0,838572500.0,40.0,40.0
APP_NLIU_4208,Rule_3_iii_v_Health_Medical_Records,120278,Exception_Handling_Failure,0,1,1,0,0,324750600.0,45104250.0,369854850.0,25.0,25.0
APP_NLIU_4209,Rule_3_i_Passwords,514272,,0,1,1,1,0,1028544000.0,154281600.0,1182825600.0,40.0,40.0
APP_NLIU_4210,Rule_3_i_Passwords,1751885,XSS,1,0,0,1,0,3854147000.0000005,525565500.0,4379712500.0,40.0,40.0
APP_NLIU_4211,Rule_3_i_Passwords,170201,,0,0,1,0,0,340402000.0,85100500.0,425502500.0,0.0,0.0
APP_NLIU_4212,Rule_3_iii_v_Health_Medical_Records,815944,,1,1,1,1,0,1631888000.0,81594399.99999999,1713482400.0,80.0,80.0
APP_NLIU_4213,Rule_3_iii_v_Health_Medical_Records,1679941,SQL_Injection,0,1,1,1,0,5039823000.0,503982300.0,5543805300.0,40.0,40.0
APP_NLIU_4214,Rule_3_ii_Financial_Data,739391,XSS,1,1,1,0,0,1626660200.0000002,129393424.99999999,1756053625.0000002,65.0,65.0
APP_NLIU_4215,Rule_3_iii_v_Health_Medical_Records,461770,SQL_Injection,0,1,1,1,1,1385310000.0,138531000.0,1523841000.0,40.0,60.0
APP_NLIU_4216,Rule_3_vi_Biometric_Information,1317784,CSRF,1,0,1,0,1,3162681600.0,395335200.0,3558016800.0,40.0,60.0
APP_NLIU_4217,Rule_3_i_Passwords,624902,XSS,0,0,0,0,1,1374784400.0,312451000.0,1687235400.0,0.0,20.0
APP_NLIU_4218,Rule_3_ii_Financial_Data,1236215,,1,0,0,1,1,2472430000.0,370864500.0,2843294500.0,40.0,60.0
APP_NLIU_4219,Rule_3_iii_v_Health_Medical_Records,122639,,1,1,0,0,1,245278000.0,21461825.0,266739825.0,65.0,85.0
APP_NLIU_4220,Rule_3_ii_Financial_Data,1345731,SQL_Injection,1,1,0,1,0,4037193000.0,235502924.99999997,4272695925.0,65.0,65.0
APP_NLIU_4221,Rule_3_ii_Financial_Data,1386872,SQL_Injection,0,0,1,0,1,4160616000.0,693436000.0,4854052000.0,0.0,20.0
APP_NLIU_4222,Rule_3_iii_v_Health_Medical_Records,733871,XSS,1,0,1,0,1,1614516200.0000002,220161300.0,1834677500.0000002,40.0,60.0
APP_NLIU_4223,Multi_Category_SPDI,15960,XSS,1,1,1,1,1,35112000.0,1595999.9999999995,36708000.0,80.0,100.0
APP_NLIU_4224,Rule_3_vi_Biometric_Information,491744,CSRF,1,1,1,1,0,1180185600.0,49174399.99999999,1229360000.0,80.0,80.0
APP_NLIU_4225,Rule_3_iii_v_Health_Medical_Records,1175365,,1,1,1,1,0,2350730000.0,117536499.99999997,2468266500.0,80.0,80.0
APP_NLIU_4226,Rule_3_iii_v_Health_Medical_Records,326064,,1,1,1,1,0,652128000.0,32606399.999999993,684734400.0,80.0,80.0
APP_NLIU_4227,Rule_3_ii_Financial_Data,812819,XSS,0,1,1,0,1,1788201800.0000002,304807125.0,2093008925.0000002,25.0,45.0
APP_NLIU_4228,Rule_3_iii_v_Health_Medical_Records,413540,,1,0,1,0,0,827080000.0,124062000.0,951142000.0,40.0,40.0
APP_NLIU_4229,Rule_3_ii_Financial_Data,593248,CSRF,0,0,0,1,1,1423795200.0,296624000.0,1720419200.0,0.0,20.0
APP_NLIU_4230,Rule_3_i_Passwords,127994,,0,0,1,1,0,255988000.0,54397450.0,310385450.0,15.0,15.0
APP_NLIU_4231,Rule_3_iii_v_Health_Medical_Records,1348348,XSS,1,0,1,0,1,2966365600.0000005,404504400.0,3370870000.0000005,40.0,60.0
APP_NLIU_4232,Rule_3_iii_v_Health_Medical_Records,912701,SQL_Injection,1,1,1,1,0,2738103000.0,91270099.99999999,2829373100.0,80.0,80.0
APP_NLIU_4233,Rule_3_ii_Financial_Data,735456,,1,1,1,1,1,1470912000.0,73545599.99999999,1544457600.0,80.0,100.0
APP_NLIU_4234,Multi_Category_SPDI,1887460,XSS,1,0,1,1,0,4152412000.0000005,424678499.99999994,4577090500.0,55.00000000000001,55.00000000000001
APP_NLIU_4235,Rule_3_i_Passwords,832530,,1,1,0,1,1,1665060000.0,145692750.0,1810752750.0,65.0,85.0
APP_NLIU_4236,Rule_3_ii_Financial_Data,1517251,CSRF,1,1,1,1,0,3641402400.0,151725099.99999997,3793127500.0,80.0,80.0
APP_NLIU_4237,Rule_3_i_Passwords,699595,SQL_Injection,1,1,0,1,1,2098785000.0,122429124.99999999,2221214125.0,65.0,85.0
APP_NLIU_4238,Rule_3_vi_Biometric_Information,1402581,SQL_Injection,0,1,1,0,1,4207743000.0,525967875.0,4733710875.0,25.0,45.0
APP_NLIU_4239,Rule_3_iii_v_Health_Medical_Records,32949,XSS,1,1,1,1,0,72487800.0,3294899.999999999,75782700.0,80.0,80.0
APP_NLIU_4240,Rule_3_ii_Financial_Data,1207469,Exception_Handling_Failure,0,0,0,1,1,3260166300.0,603734500.0,3863900800.0,0.0,20.0
APP_NLIU_4241,Rule_3_iii_v_Health_Medical_Records,1256260,CSRF,0,1,1,0,0,3015024000.0,471097500.0,3486121500.0,25.0,25.0
APP_NLIU_4242,Rule_3_ii_Financial_Data,944536,Exception_Handling_Failure,1,1,1,1,0,2550247200.0,94453599.99999999,2644700800.0,80.0,80.0
APP_NLIU_4243,Rule_3_vi_Biometric_Information,340681,Exception_Handling_Failure,1,1,1,1,1,919838700.0000001,34068099.99999999,953906800.0000001,80.0,100.0
APP_NLIU_4244,Rule_3_ii_Financial_Data,1462095,,1,1,0,1,1,2924190000.0,255866624.99999997,3180056625.0,65.0,85.0
APP_NLIU_4245,Rule_3_ii_Financial_Data,383147,XSS,1,1,1,0,1,842923400.0000001,67050724.99999999,909974125.0000001,65.0,85.0
APP_NLIU_4246,Multi_Category_SPDI,1266641,,1,1,0,1,1,2533282000.0,221662175.0,2754944175.0,65.0,85.0
APP_NLIU_4247,Rule_3_ii_Financial_Data,1835662,XSS,0,1,1,1,1,4038456400.0000005,550698600.0,4589155000.0,40.0,60.0
APP_NLIU_4248,Rule_3_i_Passwords,1029483,XSS,1,1,1,1,1,2264862600.0,102948299.99999997,2367810900.0,80.0,100.0
APP_NLIU_4249,Rule_3_iii_v_Health_Medical_Records,1459095,SSRF,1,1,0,0,0,4085465999.9999995,255341624.99999997,4340807624.999999,65.0,65.0
APP_NLIU_4250,Multi_Category_SPDI,579989,CSRF,1,1,1,1,1,1391973600.0,57998899.999999985,1449972500.0,80.0,100.0
APP_NLIU_4251,Rule_3_ii_Financial_Data,841943,SQL_Injection,1,1,0,1,1,2525829000.0,147340025.0,2673169025.0,65.0,85.0
APP_NLIU_4252,Rule_3_i_Passwords,85664,Exception_Handling_Failure,1,0,1,1,1,231292800.00000003,19274399.999999996,250567200.00000003,55.00000000000001,75.0
APP_NLIU_4253,Rule_3_ii_Financial_Data,416496,SSRF,1,1,0,1,0,1166188800.0,72886800.0,1239075600.0,65.0,65.0
APP_NLIU_4254,Rule_3_iii_v_Health_Medical_Records,1093003,CSRF,1,1,1,0,1,2623207200.0,191275525.0,2814482725.0,65.0,85.0
APP_NLIU_4255,Rule_3_i_Passwords,102180,,0,0,0,1,1,204360000.0,51090000.0,255450000.0,0.0,20.0
APP_NLIU_4256,Rule_3_iii_v_Health_Medical_Records,632838,CSRF,0,1,1,1,1,1518811200.0,189851400.0,1708662600.0,40.0,60.0
APP_NLIU_4257,Multi_Category_SPDI,1978047,SSRF,1,1,1,1,0,5538531600.0,197804699.99999997,5736336300.0,80.0,80.0
APP_NLIU_4258,Rule_3_ii_Financial_Data,1977741,SSRF,1,1,1,1,1,5537674800.0,197774099.99999997,5735448900.0,80.0,100.0
APP_NLIU_4259,Rule_3_ii_Financial_Data,1131528,,1,0,1,1,0,2263056000.0,254593799.99999997,2517649800.0,55.00000000000001,55.00000000000001
APP_NLIU_4260,Rule_3_ii_Financial_Data,71046,SQL_Injection,0,1,1,0,0,213138000.0,26642250.0,239780250.0,25.0,25.0
APP_NLIU_4261,Rule_3_i_Passwords,111918,XSS,1,0,1,0,1,246219600.00000003,33575400.0,279795000.0,40.0,60.0
APP_NLIU_4262,Multi_Category_SPDI,1875208,XSS,1,1,1,1,0,4125457600.0000005,187520799.99999997,4312978400.0,80.0,80.0
APP_NLIU_4263,Rule_3_ii_Financial_Data,1383162,Exception_Handling_Failure,1,1,1,1,1,3734537400.0000005,138316199.99999997,3872853600.0000005,80.0,100.0
APP_NLIU_4264,Rule_3_ii_Financial_Data,1508463,Exception_Handling_Failure,0,1,1,0,1,4072850100.0000005,565673625.0,4638523725.0,25.0,45.0
APP_NLIU_4265,Rule_3_iii_v_Health_Medical_Records,620358,,1,1,1,1,1,1240716000.0,62035799.999999985,1302751800.0,80.0,100.0
APP_NLIU_4266,Rule_3_ii_Financial_Data,1636032,SQL_Injection,1,0,1,1,0,4908096000.0,368107199.99999994,5276203200.0,55.00000000000001,55.00000000000001
APP_NLIU_4267,Rule_3_iii_v_Health_Medical_Records,839754,CSRF,1,1,1,1,0,2015409600.0,83975399.99999999,2099385000.0,80.0,80.0
APP_NLIU_4268,Rule_3_i_Passwords,1004488,CSRF,1,1,0,1,0,2410771200.0,175785400.0,2586556600.0,65.0,65.0
APP_NLIU_4269,Rule_3_vi_Biometric_Information,960200,SQL_Injection,1,0,1,1,0,2880600000.0,216044999.99999997,3096645000.0,55.00000000000001,55.00000000000001
APP_NLIU_4270,Multi_Category_SPDI,1123822,CSRF,0,1,1,0,0,2697172800.0,421433250.0,3118606050.0,25.0,25.0
APP_NLIU_4271,Rule_3_iii_v_Health_Medical_Records,1032348,CSRF,1,1,1,1,1,2477635200.0,103234799.99999997,2580870000.0,80.0,100.0
APP_NLIU_4272,Multi_Category_SPDI,1747828,XSS,1,1,1,1,0,3845221600.0000005,174782799.99999997,4020004400.0000005,80.0,80.0
APP_NLIU_4273,Rule_3_i_Passwords,544871,Exception_Handling_Failure,0,0,1,1,0,1471151700.0,231570175.0,1702721875.0,15.0,15.0
APP_NLIU_4274,Rule_3_ii_Financial_Data,1398440,CSRF,1,1,0,1,0,3356256000.0,244726999.99999997,3600983000.0,65.0,65.0
APP_NLIU_4275,Rule_3_iii_v_Health_Medical_Records,453431,,0,1,1,1,0,906862000.0,136029300.0,1042891300.0,40.0,40.0
APP_NLIU_4276,Rule_3_iii_v_Health_Medical_Records,1733789,CSRF,1,0,1,1,0,4161093600.0,390102524.99999994,4551196125.0,55.00000000000001,55.00000000000001
APP_NLIU_4277,Rule_3_ii_Financial_Data,404325,CSRF,1,0,1,1,1,970380000.0,90973124.99999999,1061353125.0,55.00000000000001,75.0
APP_NLIU_4278,Rule_3_ii_Financial_Data,1292861,XSS,0,0,1,1,1,2844294200.0,549465925.0,3393760125.0,15.0,35.0
APP_NLIU_4279,Rule_3_i_Passwords,326901,SQL_Injection,1,1,0,0,1,980703000.0,57207675.0,1037910675.0,65.0,85.0
APP_NLIU_4280,Rule_3_ii_Financial_Data,798091,SQL_Injection,1,1,0,1,1,2394273000.0,139665925.0,2533938925.0,65.0,85.0
APP_NLIU_4281,Rule_3_i_Passwords,1316958,XSS,0,1,1,1,1,2897307600.0,395087400.0,3292395000.0,40.0,60.0
APP_NLIU_4282,Rule_3_iii_v_Health_Medical_Records,650558,,1,0,1,1,0,1301116000.0,146375550.0,1447491550.0,55.00000000000001,55.00000000000001
APP_NLIU_4283,Rule_3_ii_Financial_Data,910643,,0,1,1,1,1,1821286000.0,273192900.0,2094478900.0,40.0,60.0
APP_NLIU_4284,Rule_3_i_Passwords,20064,SQL_Injection,1,1,1,1,0,60192000.0,2006399.9999999995,62198400.0,80.0,80.0
APP_NLIU_4285,Rule_3_iii_v_Health_Medical_Records,1215763,,0,0,1,1,1,2431526000.0,516699275.0,2948225275.0,15.0,35.0
APP_NLIU_4286,Rule_3_iii_v_Health_Medical_Records,1740888,,0,1,1,0,0,3481776000.0,652833000.0,4134609000.0,25.0,25.0
APP_NLIU_4287,Multi_Category_SPDI,1714556,Exception_Handling_Failure,1,0,1,1,1,4629301200.0,385775099.99999994,5015076300.0,55.00000000000001,75.0
APP_NLIU_4288,Rule_3_iii_v_Health_Medical_Records,1677654,,1,1,1,1,1,3355308000.0,167765399.99999997,3523073400.0,80.0,100.0
APP_NLIU_4289,Rule_3_ii_Financial_Data,894417,XSS,0,1,1,1,0,1967717400.0000002,268325100.0,2236042500.0,40.0,40.0
APP_NLIU_4290,Rule_3_vi_Biometric_Information,1097834,SSRF,1,1,1,1,1,3073935200.0,109783399.99999997,3183718600.0,80.0,100.0
APP_NLIU_4291,Rule_3_iii_v_Health_Medical_Records,664830,XSS,1,1,0,1,0,1462626000.0,116345250.0,1578971250.0,65.0,65.0
APP_NLIU_4292,Rule_3_i_Passwords,944507,XSS,1,1,1,1,0,2077915400.0000002,94450699.99999999,2172366100.0,80.0,80.0
APP_NLIU_4293,Rule_3_iii_v_Health_Medical_Records,1998651,XSS,1,0,1,0,0,4397032200.0,599595300.0,4996627500.0,40.0,40.0
APP_NLIU_4294,Multi_Category_SPDI,816100,XSS,1,1,1,1,0,1795420000.0000002,81609999.99999999,1877030000.0000002,80.0,80.0
APP_NLIU_4295,Rule_3_ii_Financial_Data,1392979,,1,1,0,1,0,2785958000.0,243771324.99999997,3029729325.0,65.0,65.0
APP_NLIU_4296,Rule_3_ii_Financial_Data,641480,,1,1,0,1,0,1282960000.0,112259000.0,1395219000.0,65.0,65.0
APP_NLIU_4297,Rule_3_i_Passwords,1412296,,1,0,1,0,0,2824592000.0,423688800.0,3248280800.0,40.0,40.0
APP_NLIU_4298,Rule_3_i_Passwords,634769,,0,0,1,1,0,1269538000.0,269776825.0,1539314825.0,15.0,15.0
APP_NLIU_4299,Rule_3_ii_Financial_Data,1951513,,0,1,1,1,0,3903026000.0,585453900.0,4488479900.0,40.0,40.0
APP_NLIU_4300,Rule_3_iii_v_Health_Medical_Records,1216694,SQL_Injection,0,0,1,1,0,3650082000.0,517094950.0,4167176950.0,15.0,15.0
APP_NLIU_4301,Rule_3_i_Passwords,1255625,CSRF,0,0,1,0,1,3013500000.0,627812500.0,3641312500.0,0.0,20.0
APP_NLIU_4302,Multi_Category_SPDI,1825464,XSS,0,1,1,1,1,4016020800.0000005,547639200.0,4563660000.0,40.0,60.0
APP_NLIU_4303,Rule_3_vi_Biometric_Information,475471,,1,1,1,1,1,950942000.0,47547099.99999999,998489100.0,80.0,100.0
APP_NLIU_4304,Rule_3_iii_v_Health_Medical_Records,10397,XSS,1,1,1,1,0,22873400.0,1039699.9999999998,23913100.0,80.0,80.0
APP_NLIU_4305,Rule_3_vi_Biometric_Information,891357,,1,1,1,1,1,1782714000.0,89135699.99999999,1871849700.0,80.0,100.0
APP_NLIU_4306,Rule_3_i_Passwords,612769,SQL_Injection,1,1,0,1,1,1838307000.0,107234575.0,1945541575.0,65.0,85.0
APP_NLIU_4307,Rule_3_ii_Financial_Data,158305,CSRF,0,0,1,1,0,379932000.0,67279625.0,447211625.0,15.0,15.0
APP_NLIU_4308,Rule_3_iii_v_Health_Medical_Records,1530128,,1,1,1,1,1,3060256000.0,153012799.99999997,3213268800.0,80.0,100.0
APP_NLIU_4309,Rule_3_vi_Biometric_Information,1376028,SSRF,1,1,0,1,1,3852878399.9999995,240804899.99999997,4093683299.9999995,65.0,85.0
APP_NLIU_4310,Rule_3_vi_Biometric_Information,1254374,CSRF,0,1,1,0,1,3010497600.0,470390250.0,3480887850.0,25.0,45.0
APP_NLIU_4311,Rule_3_ii_Financial_Data,461435,CSRF,1,1,1,1,0,1107444000.0,46143499.99999999,1153587500.0,80.0,80.0
APP_NLIU_4312,Multi_Category_SPDI,1550150,CSRF,1,0,1,0,1,3720360000.0,465045000.0,4185405000.0,40.0,60.0
APP_NLIU_4313,Rule_3_i_Passwords,530418,,1,0,1,1,0,1060836000.0,119344049.99999999,1180180050.0,55.00000000000001,55.00000000000001
APP_NLIU_4314,Multi_Category_SPDI,1702157,CSRF,0,1,0,0,0,4085176800.0,638308875.0,4723485675.0,25.0,25.0
APP_NLIU_4315,Multi_Category_SPDI,543359,XSS,1,1,1,1,1,1195389800.0,54335899.999999985,1249725700.0,80.0,100.0
APP_NLIU_4316,Rule_3_i_Passwords,1925525,SQL_Injection,1,0,1,1,0,5776575000.0,433243124.99999994,6209818125.0,55.00000000000001,55.00000000000001
APP_NLIU_4317,Rule_3_iii_v_Health_Medical_Records,377384,,1,0,1,1,0,754768000.0,84911399.99999999,839679400.0,55.00000000000001,55.00000000000001
APP_NLIU_4318,Rule_3_i_Passwords,531406,CSRF,1,1,1,1,0,1275374400.0,53140599.999999985,1328515000.0,80.0,80.0
APP_NLIU_4319,Rule_3_ii_Financial_Data,1709599,Exception_Handling_Failure,1,1,0,0,1,4615917300.0,299179825.0,4915097125.0,65.0,85.0
APP_NLIU_4320,Rule_3_iii_v_Health_Medical_Records,1115984,,1,1,1,1,1,2231968000.0,111598399.99999997,2343566400.0,80.0,100.0
APP_NLIU_4321,Rule_3_iii_v_Health_Medical_Records,1105362,SSRF,1,0,1,0,1,3095013600.0,331608600.0,3426622200.0,40.0,60.0
APP_NLIU_4322,Multi_Category_SPDI,610559,,1,1,1,1,0,1221118000.0,61055899.999999985,1282173900.0,80.0,80.0
APP_NLIU_4323,Rule_3_iii_v_Health_Medical_Records,24158,Exception_Handling_Failure,1,1,1,1,1,65226600.00000001,2415799.9999999995,67642400.0,80.0,100.0
APP_NLIU_4324,Rule_3_ii_Financial_Data,1871095,XSS,1,1,1,1,1,4116409000.0000005,187109499.99999997,4303518500.0,80.0,100.0
APP_NLIU_4325,Rule_3_vi_Biometric_Information,93114,SSRF,0,0,1,1,1,260719199.99999997,39573450.0,300292650.0,15.0,35.0
APP_NLIU_4326,Multi_Category_SPDI,713481,,1,1,1,1,1,1426962000.0,71348099.99999999,1498310100.0,80.0,100.0
APP_NLIU_4327,Rule_3_i_Passwords,526358,,1,1,1,0,0,1052716000.0,92112650.0,1144828650.0,65.0,65.0
APP_NLIU_4328,Multi_Category_SPDI,549162,SSRF,1,0,0,1,0,1537653600.0,164748600.0,1702402200.0,40.0,40.0
APP_NLIU_4329,Rule_3_i_Passwords,244139,CSRF,0,0,0,1,1,585933600.0,122069500.0,708003100.0,0.0,20.0
APP_NLIU_4330,Rule_3_vi_Biometric_Information,874875,,1,1,1,1,0,1749750000.0,87487499.99999999,1837237500.0,80.0,80.0
APP_NLIU_4331,Rule_3_ii_Financial_Data,1618685,Exception_Handling_Failure,1,1,0,0,1,4370449500.0,283269875.0,4653719375.0,65.0,85.0
APP_NLIU_4332,Rule_3_i_Passwords,1693539,,1,1,1,1,0,3387078000.0,169353899.99999997,3556431900.0,80.0,80.0
APP_NLIU_4333,Rule_3_ii_Financial_Data,1376302,XSS,1,1,1,1,1,3027864400.0000005,137630199.99999997,3165494600.0000005,80.0,100.0
APP_NLIU_4334,Rule_3_iii_v_Health_Medical_Records,127603,,0,1,1,1,0,255206000.0,38280900.0,293486900.0,40.0,40.0
APP_NLIU_4335,Rule_3_ii_Financial_Data,1993867,CSRF,0,0,0,1,0,4785280800.0,996933500.0,5782214300.0,0.0,0.0
APP_NLIU_4336,Rule_3_i_Passwords,987207,SSRF,1,1,1,1,0,2764179600.0,98720699.99999999,2862900300.0,80.0,80.0
APP_NLIU_4337,Rule_3_iii_v_Health_Medical_Records,1468497,Exception_Handling_Failure,0,1,1,0,1,3964941900.0000005,550686375.0,4515628275.0,25.0,45.0
APP_NLIU_4338,Multi_Category_SPDI,1647245,,1,1,1,1,0,3294490000.0,164724499.99999997,3459214500.0,80.0,80.0
APP_NLIU_4339,Rule_3_ii_Financial_Data,1951808,CSRF,1,0,1,1,1,4684339200.0,439156799.99999994,5123496000.0,55.00000000000001,75.0
APP_NLIU_4340,Rule_3_ii_Financial_Data,502821,XSS,1,0,1,1,0,1106206200.0,113134724.99999999,1219340925.0,55.00000000000001,55.00000000000001
APP_NLIU_4341,Rule_3_ii_Financial_Data,1446525,Exception_Handling_Failure,0,1,1,1,1,3905617500.0000005,433957500.0,4339575000.0,40.0,60.0
APP_NLIU_4342,Rule_3_i_Passwords,1229301,XSS,0,0,0,0,1,2704462200.0,614650500.0,3319112700.0,0.0,20.0
APP_NLIU_4343,Rule_3_vi_Biometric_Information,873450,,1,0,1,1,1,1746900000.0,196526249.99999997,1943426250.0,55.00000000000001,75.0
APP_NLIU_4344,Rule_3_vi_Biometric_Information,892024,,1,0,1,1,0,1784048000.0,200705399.99999997,1984753400.0,55.00000000000001,55.00000000000001
APP_NLIU_4345,Rule_3_iii_v_Health_Medical_Records,883058,SQL_Injection,0,0,1,1,1,2649174000.0,375299650.0,3024473650.0,15.0,35.0
APP_NLIU_4346,Rule_3_ii_Financial_Data,1664081,,1,1,1,0,0,3328162000.0,291214175.0,3619376175.0,65.0,65.0
APP_NLIU_4347,Rule_3_vi_Biometric_Information,783873,,1,1,0,1,0,1567746000.0,137177775.0,1704923775.0,65.0,65.0
APP_NLIU_4348,Rule_3_iii_v_Health_Medical_Records,954756,,0,0,1,1,1,1909512000.0,405771300.0,2315283300.0,15.0,35.0
APP_NLIU_4349,Rule_3_vi_Biometric_Information,471548,Exception_Handling_Failure,0,1,1,1,1,1273179600.0,141464400.0,1414644000.0,40.0,60.0
APP_NLIU_4350,Rule_3_iii_v_Health_Medical_Records,339943,,1,1,1,1,1,679886000.0,33994299.99999999,713880300.0,80.0,100.0
APP_NLIU_4351,Rule_3_vi_Biometric_Information,329329,SQL_Injection,0,1,1,1,1,987987000.0,98798700.0,1086785700.0,40.0,60.0
APP_NLIU_4352,Rule_3_iii_v_Health_Medical_Records,1525105,CSRF,0,1,1,1,1,3660252000.0,457531500.0,4117783500.0,40.0,60.0
APP_NLIU_4353,Rule_3_ii_Financial_Data,308682,,0,1,1,1,1,617364000.0,92604600.0,709968600.0,40.0,60.0
APP_NLIU_4354,Multi_Category_SPDI,1860351,SSRF,1,0,1,1,1,5208982800.0,418578974.99999994,5627561775.0,55.00000000000001,75.0
APP_NLIU_4355,Rule_3_iii_v_Health_Medical_Records,503905,SQL_Injection,1,1,1,1,0,1511715000.0,50390499.999999985,1562105500.0,80.0,80.0
APP_NLIU_4356,Rule_3_iii_v_Health_Medical_Records,1265046,,0,1,1,1,1,2530092000.0,379513800.0,2909605800.0,40.0,60.0
APP_NLIU_4357,Rule_3_ii_Financial_Data,1488024,,0,1,1,1,1,2976048000.0,446407200.0,3422455200.0,40.0,60.0
APP_NLIU_4358,Rule_3_iii_v_Health_Medical_Records,125026,SSRF,0,1,1,1,0,350072800.0,37507800.0,387580600.0,40.0,40.0
APP_NLIU_4359,Rule_3_iii_v_Health_Medical_Records,239257,,1,1,0,0,0,478514000.0,41869975.0,520383975.0,65.0,65.0
APP_NLIU_4360,Rule_3_i_Passwords,1106682,Exception_Handling_Failure,0,1,0,1,1,2988041400.0,415005750.0,3403047150.0,25.0,45.0
APP_NLIU_4361,Rule_3_i_Passwords,1954330,XSS,1,1,1,1,0,4299526000.0,195432999.99999997,4494959000.0,80.0,80.0
APP_NLIU_4362,Rule_3_iii_v_Health_Medical_Records,1134803,,0,1,1,0,0,2269606000.0,425551125.0,2695157125.0,25.0,25.0
APP_NLIU_4363,Rule_3_vi_Biometric_Information,451295,XSS,0,0,1,1,1,992849000.0000001,191800375.0,1184649375.0,15.0,35.0
APP_NLIU_4364,Rule_3_iii_v_Health_Medical_Records,685388,SSRF,0,0,0,1,0,1919086399.9999998,342694000.0,2261780400.0,0.0,0.0
APP_NLIU_4365,Rule_3_ii_Financial_Data,1619999,CSRF,1,1,1,1,0,3887997600.0,161999899.99999997,4049997500.0,80.0,80.0
APP_NLIU_4366,Rule_3_iii_v_Health_Medical_Records,691426,XSS,1,0,1,1,1,1521137200.0000002,155570849.99999997,1676708050.0000002,55.00000000000001,75.0
APP_NLIU_4367,Rule_3_i_Passwords,648887,XSS,1,1,1,1,0,1427551400.0,64888699.999999985,1492440100.0,80.0,80.0
APP_NLIU_4368,Rule_3_ii_Financial_Data,759077,,0,1,1,1,1,1518154000.0,227723100.0,1745877100.0,40.0,60.0
APP_NLIU_4369,Rule_3_i_Passwords,1137046,,0,1,1,1,0,2274092000.0,341113800.0,2615205800.0,40.0,40.0
APP_NLIU_4370,Rule_3_i_Passwords,1860918,XSS,1,1,1,1,1,4094019600.0000005,186091799.99999997,4280111400.0000005,80.0,100.0
APP_NLIU_4371,Rule_3_ii_Financial_Data,773378,,1,1,1,1,0,1546756000.0,77337799.99999999,1624093800.0,80.0,80.0
APP_NLIU_4372,Rule_3_ii_Financial_Data,1191789,SSRF,1,0,1,1,1,3337009200.0,268152524.99999997,3605161725.0,55.00000000000001,75.0
APP_NLIU_4373,Rule_3_i_Passwords,1099526,SQL_Injection,0,1,1,1,1,3298578000.0,329857800.0,3628435800.0,40.0,60.0
APP_NLIU_4374,Rule_3_ii_Financial_Data,1764659,,0,1,1,1,1,3529318000.0,529397700.0,4058715700.0,40.0,60.0
APP_NLIU_4375,Rule_3_iii_v_Health_Medical_Records,283369,SQL_Injection,0,1,1,0,0,850107000.0,106263375.0,956370375.0,25.0,25.0
APP_NLIU_4376,Rule_3_ii_Financial_Data,498466,SSRF,1,1,1,1,1,1395704800.0,49846599.99999999,1445551400.0,80.0,100.0
APP_NLIU_4377,Rule_3_ii_Financial_Data,1009627,Exception_Handling_Failure,1,1,0,0,1,2725992900.0,176684725.0,2902677625.0,65.0,85.0
APP_NLIU_4378,Rule_3_vi_Biometric_Information,1348679,XSS,1,1,1,0,1,2967093800.0000005,236018824.99999997,3203112625.0000005,65.0,85.0
APP_NLIU_4379,Rule_3_i_Passwords,840624,,0,1,0,1,0,1681248000.0,315234000.0,1996482000.0,25.0,25.0
APP_NLIU_4380,Rule_3_iii_v_Health_Medical_Records,84711,CSRF,1,1,1,1,1,203306400.0,8471099.999999998,211777500.0,80.0,100.0
APP_NLIU_4381,Rule_3_i_Passwords,146123,SQL_Injection,1,1,0,0,0,438369000.0,25571525.0,463940525.0,65.0,65.0
APP_NLIU_4382,Rule_3_i_Passwords,207500,CSRF,0,0,1,1,0,498000000.0,88187500.0,586187500.0,15.0,15.0
APP_NLIU_4383,Rule_3_iii_v_Health_Medical_Records,1833148,XSS,1,1,1,0,1,4032925600.0000005,320800900.0,4353726500.0,65.0,85.0
APP_NLIU_4384,Rule_3_iii_v_Health_Medical_Records,270593,CSRF,1,1,1,1,1,649423200.0,27059299.999999993,676482500.0,80.0,100.0
APP_NLIU_4385,Multi_Category_SPDI,963599,XSS,1,1,1,1,1,2119917800.0000002,96359899.99999999,2216277700.0,80.0,100.0
APP_NLIU_4386,Rule_3_iii_v_Health_Medical_Records,1419933,,1,0,1,0,0,2839866000.0,425979900.0,3265845900.0,40.0,40.0
APP_NLIU_4387,Multi_Category_SPDI,1738126,,1,1,1,0,0,3476252000.0,304172050.0,3780424050.0,65.0,65.0
APP_NLIU_4388,Rule_3_i_Passwords,629533,CSRF,1,1,1,1,0,1510879200.0,62953299.999999985,1573832500.0,80.0,80.0
APP_NLIU_4389,Rule_3_i_Passwords,1150645,XSS,1,1,1,1,1,2531419000.0,115064499.99999997,2646483500.0,80.0,100.0
APP_NLIU_4390,Rule_3_i_Passwords,1735077,XSS,1,1,1,1,0,3817169400.0000005,173507699.99999997,3990677100.0000005,80.0,80.0
APP_NLIU_4391,Rule_3_i_Passwords,238597,,1,0,1,1,0,477194000.0,53684324.99999999,530878325.0,55.00000000000001,55.00000000000001
APP_NLIU_4392,Rule_3_iii_v_Health_Medical_Records,553196,,1,1,1,1,0,1106392000.0,55319599.999999985,1161711600.0,80.0,80.0
APP_NLIU_4393,Rule_3_iii_v_Health_Medical_Records,371991,SSRF,0,1,1,1,0,1041574799.9999999,111597300.0,1153172100.0,40.0,40.0
APP_NLIU_4394,Rule_3_i_Passwords,912342,,0,1,1,1,0,1824684000.0,273702600.0,2098386600.0,40.0,40.0
APP_NLIU_4395,Multi_Category_SPDI,783628,CSRF,0,1,1,1,1,1880707200.0,235088400.0,2115795600.0,40.0,60.0
APP_NLIU_4396,Rule_3_vi_Biometric_Information,954826,SQL_Injection,1,0,1,1,1,2864478000.0,214835849.99999997,3079313850.0,55.00000000000001,75.0
APP_NLIU_4397,Rule_3_ii_Financial_Data,805444,SQL_Injection,1,1,1,0,1,2416332000.0,140952700.0,2557284700.0,65.0,85.0
APP_NLIU_4398,Rule_3_i_Passwords,22412,XSS,1,1,1,1,1,49306400.00000001,2241199.9999999995,51547600.00000001,80.0,100.0
APP_NLIU_4399,Rule_3_i_Passwords,1018654,XSS,0,0,1,1,1,2241038800.0,432927950.0,2673966750.0,15.0,35.0
APP_NLIU_4400,Rule_3_i_Passwords,1425750,SQL_Injection,1,1,1,1,0,4277250000.0,142574999.99999997,4419825000.0,80.0,80.0
APP_NLIU_4401,Rule_3_i_Passwords,1864665,Exception_Handling_Failure,1,1,0,1,0,5034595500.0,326316375.0,5360911875.0,65.0,65.0
APP_NLIU_4402,Rule_3_iii_v_Health_Medical_Records,272800,CSRF,0,1,0,0,0,654720000.0,102300000.0,757020000.0,25.0,25.0
APP_NLIU_4403,Rule_3_ii_Financial_Data,1193615,XSS,1,1,1,1,1,2625953000.0,119361499.99999997,2745314500.0,80.0,100.0
APP_NLIU_4404,Rule_3_ii_Financial_Data,483174,CSRF,1,1,0,1,1,1159617600.0,84555450.0,1244173050.0,65.0,85.0
APP_NLIU_4405,Multi_Category_SPDI,1462556,SSRF,0,1,1,1,1,4095156799.9999995,438766800.0,4533923600.0,40.0,60.0
APP_NLIU_4406,Rule_3_iii_v_Health_Medical_Records,807305,XSS,0,1,0,1,0,1776071000.0000002,302739375.0,2078810375.0000002,25.0,25.0
APP_NLIU_4407,Multi_Category_SPDI,1672349,SSRF,1,0,1,1,0,4682577200.0,376278524.99999994,5058855725.0,55.00000000000001,55.00000000000001
APP_NLIU_4408,Rule_3_i_Passwords,1949391,XSS,1,1,0,1,1,4288660200.0000005,341143425.0,4629803625.0,65.0,85.0
APP_NLIU_4409,Rule_3_ii_Financial_Data,1497822,SSRF,1,1,0,1,0,4193901599.9999995,262118849.99999997,4456020449.999999,65.0,65.0
APP_NLIU_4410,Rule_3_iii_v_Health_Medical_Records,1252455,XSS,1,0,0,1,1,2755401000.0,375736500.0,3131137500.0,40.0,60.0
APP_NLIU_4411,Rule_3_i_Passwords,1579471,SSRF,1,1,1,1,1,4422518800.0,157947099.99999997,4580465900.0,80.0,100.0
APP_NLIU_4412,Rule_3_i_Passwords,155595,Exception_Handling_Failure,0,1,1,1,0,420106500.0,46678500.0,466785000.0,40.0,40.0
APP_NLIU_4413,Rule_3_iii_v_Health_Medical_Records,577735,,1,1,1,1,1,1155470000.0,57773499.999999985,1213243500.0,80.0,100.0
APP_NLIU_4414,Rule_3_iii_v_Health_Medical_Records,54757,SQL_Injection,0,0,1,0,1,164271000.0,27378500.0,191649500.0,0.0,20.0
APP_NLIU_4415,Rule_3_ii_Financial_Data,789402,XSS,1,1,1,1,0,1736684400.0000002,78940199.99999999,1815624600.0000002,80.0,80.0
APP_NLIU_4416,Rule_3_ii_Financial_Data,1304071,SQL_Injection,0,1,1,1,0,3912213000.0,391221300.0,4303434300.0,40.0,40.0
APP_NLIU_4417,Rule_3_ii_Financial_Data,1802462,XSS,0,1,1,1,0,3965416400.0000005,540738600.0,4506155000.0,40.0,40.0
APP_NLIU_4418,Rule_3_i_Passwords,1909209,CSRF,0,1,1,1,1,4582101600.0,572762700.0,5154864300.0,40.0,60.0
APP_NLIU_4419,Rule_3_ii_Financial_Data,1444485,XSS,0,1,0,1,0,3177867000.0000005,541681875.0,3719548875.0000005,25.0,25.0
APP_NLIU_4420,Rule_3_i_Passwords,1266492,XSS,1,0,1,1,1,2786282400.0,284960700.0,3071243100.0,55.00000000000001,75.0
APP_NLIU_4421,Rule_3_i_Passwords,993892,,0,1,1,0,1,1987784000.0,372709500.0,2360493500.0,25.0,45.0
APP_NLIU_4422,Multi_Category_SPDI,796894,XSS,1,0,0,1,0,1753166800.0000002,239068200.0,1992235000.0000002,40.0,40.0
APP_NLIU_4423,Rule_3_iii_v_Health_Medical_Records,383976,XSS,1,1,1,0,0,844747200.0000001,67195800.0,911943000.0000001,65.0,65.0
APP_NLIU_4424,Rule_3_iii_v_Health_Medical_Records,1216443,XSS,1,0,1,0,1,2676174600.0,364932900.0,3041107500.0,40.0,60.0
APP_NLIU_4425,Rule_3_ii_Financial_Data,730166,,1,1,1,1,1,1460332000.0,73016599.99999999,1533348600.0,80.0,100.0
APP_NLIU_4426,Rule_3_ii_Financial_Data,315609,,1,1,1,1,0,631218000.0,31560899.999999993,662778900.0,80.0,80.0
APP_NLIU_4427,Rule_3_ii_Financial_Data,459325,CSRF,0,1,1,1,1,1102380000.0,137797500.0,1240177500.0,40.0,60.0
APP_NLIU_4428,Rule_3_i_Passwords,95027,,1,1,1,1,1,190054000.0,9502699.999999998,199556700.0,80.0,100.0
APP_NLIU_4429,Rule_3_i_Passwords,55528,XSS,1,0,1,1,0,122161600.00000001,12493799.999999998,134655400.0,55.00000000000001,55.00000000000001
APP_NLIU_4430,Rule_3_vi_Biometric_Information,1351950,,0,1,1,1,0,2703900000.0,405585000.0,3109485000.0,40.0,40.0
APP_NLIU_4431,Rule_3_iii_v_Health_Medical_Records,53242,,1,1,0,1,1,106484000.0,9317350.0,115801350.0,65.0,85.0
APP_NLIU_4432,Rule_3_iii_v_Health_Medical_Records,464099,SSRF,1,1,1,0,0,1299477200.0,81217325.0,1380694525.0,65.0,65.0
APP_NLIU_4433,Rule_3_ii_Financial_Data,1168264,,0,0,1,1,0,2336528000.0,496512200.0,2833040200.0,15.0,15.0
APP_NLIU_4434,Multi_Category_SPDI,1545158,CSRF,1,0,0,1,0,3708379200.0,463547400.0,4171926600.0,40.0,40.0
APP_NLIU_4435,Rule_3_i_Passwords,531071,CSRF,0,1,1,0,0,1274570400.0,199151625.0,1473722025.0,25.0,25.0
APP_NLIU_4436,Rule_3_ii_Financial_Data,33390,CSRF,1,1,1,1,1,80136000.0,3338999.999999999,83475000.0,80.0,100.0
APP_NLIU_4437,Rule_3_ii_Financial_Data,1717353,,1,1,1,1,0,3434706000.0,171735299.99999997,3606441300.0,80.0,80.0
APP_NLIU_4438,Rule_3_vi_Biometric_Information,1125678,SSRF,0,0,1,1,1,3151898400.0,478413150.0,3630311550.0,15.0,35.0
APP_NLIU_4439,Multi_Category_SPDI,1333146,SQL_Injection,0,1,1,1,0,3999438000.0,399943800.0,4399381800.0,40.0,40.0
APP_NLIU_4440,Rule_3_ii_Financial_Data,1084326,,0,1,1,1,0,2168652000.0,325297800.0,2493949800.0,40.0,40.0
APP_NLIU_4441,Multi_Category_SPDI,587476,SSRF,0,0,0,0,1,1644932800.0,293738000.0,1938670800.0,0.0,20.0
APP_NLIU_4442,Rule_3_vi_Biometric_Information,278016,SQL_Injection,0,1,1,1,1,834048000.0,83404800.0,917452800.0,40.0,60.0
APP_NLIU_4443,Rule_3_ii_Financial_Data,1672095,SSRF,1,1,1,0,0,4681866000.0,292616625.0,4974482625.0,65.0,65.0
APP_NLIU_4444,Rule_3_ii_Financial_Data,1445580,CSRF,1,1,1,1,1,3469392000.0,144557999.99999997,3613950000.0,80.0,100.0
APP_NLIU_4445,Rule_3_ii_Financial_Data,708446,XSS,1,0,1,1,0,1558581200.0000002,159400349.99999997,1717981550.0000002,55.00000000000001,55.00000000000001
APP_NLIU_4446,Multi_Category_SPDI,1644634,SQL_Injection,1,1,1,1,1,4933902000.0,164463399.99999997,5098365400.0,80.0,100.0
APP_NLIU_4447,Rule_3_i_Passwords,236360,,1,0,0,1,1,472720000.0,70908000.0,543628000.0,40.0,60.0
APP_NLIU_4448,Rule_3_vi_Biometric_Information,1279016,,1,1,1,1,1,2558032000.0,127901599.99999997,2685933600.0,80.0,100.0
APP_NLIU_4449,Rule_3_ii_Financial_Data,1964166,CSRF,0,1,0,1,1,4713998400.0,736562250.0,5450560650.0,25.0,45.0
APP_NLIU_4450,Rule_3_iii_v_Health_Medical_Records,874946,CSRF,1,1,1,1,0,2099870400.0,87494599.99999999,2187365000.0,80.0,80.0
APP_NLIU_4451,Rule_3_ii_Financial_Data,748537,XSS,0,0,0,1,0,1646781400.0000002,374268500.0,2021049900.0000002,0.0,0.0
APP_NLIU_4452,Rule_3_iii_v_Health_Medical_Records,97663,Exception_Handling_Failure,1,1,1,0,0,263690100.00000003,17091025.0,280781125.0,65.0,65.0
APP_NLIU_4453,Rule_3_vi_Biometric_Information,1743656,SQL_Injection,1,0,0,1,0,5230968000.0,523096800.0,5754064800.0,40.0,40.0
APP_NLIU_4454,Rule_3_vi_Biometric_Information,678439,SSRF,1,1,1,1,1,1899629199.9999998,67843899.99999999,1967473099.9999998,80.0,100.0
APP_NLIU_4455,Multi_Category_SPDI,1988418,,1,0,1,1,0,3976836000.0,447394049.99999994,4424230050.0,55.00000000000001,55.00000000000001
APP_NLIU_4456,Rule_3_i_Passwords,1712227,CSRF,1,1,1,1,0,4109344800.0,171222699.99999997,4280567500.0,80.0,80.0
APP_NLIU_4457,Rule_3_iii_v_Health_Medical_Records,1258732,CSRF,0,1,0,1,1,3020956800.0,472024500.0,3492981300.0,25.0,45.0
APP_NLIU_4458,Rule_3_i_Passwords,1166384,,1,0,1,1,1,2332768000.0,262436399.99999997,2595204400.0,55.00000000000001,75.0
APP_NLIU_4459,Rule_3_ii_Financial_Data,115091,Exception_Handling_Failure,1,1,1,1,1,310745700.0,11509099.999999998,322254800.0,80.0,100.0
APP_NLIU_4460,Rule_3_iii_v_Health_Medical_Records,890704,CSRF,0,1,1,1,1,2137689600.0,267211200.0,2404900800.0,40.0,60.0
APP_NLIU_4461,Rule_3_ii_Financial_Data,578681,Exception_Handling_Failure,1,1,1,1,0,1562438700.0,57868099.999999985,1620306800.0,80.0,80.0
APP_NLIU_4462,Rule_3_iii_v_Health_Medical_Records,1671422,SQL_Injection,1,0,1,1,0,5014266000.0,376069949.99999994,5390335950.0,55.00000000000001,55.00000000000001
APP_NLIU_4463,Multi_Category_SPDI,1123346,,0,1,0,1,0,2246692000.0,421254750.0,2667946750.0,25.0,25.0
APP_NLIU_4464,Rule_3_i_Passwords,1866728,XSS,1,0,0,0,1,4106801600.0000005,560018400.0,4666820000.0,40.0,60.0
APP_NLIU_4465,Rule_3_iii_v_Health_Medical_Records,1029146,,1,1,1,1,1,2058292000.0,102914599.99999997,2161206600.0,80.0,100.0
APP_NLIU_4466,Rule_3_ii_Financial_Data,1028157,,1,1,1,1,1,2056314000.0,102815699.99999997,2159129700.0,80.0,100.0
APP_NLIU_4467,Rule_3_i_Passwords,804800,,1,1,1,1,0,1609600000.0,80479999.99999999,1690080000.0,80.0,80.0
APP_NLIU_4468,Rule_3_i_Passwords,190385,,1,1,1,0,0,380770000.0,33317374.999999996,414087375.0,65.0,65.0
APP_NLIU_4469,Multi_Category_SPDI,1887977,XSS,1,1,1,1,0,4153549400.0000005,188797699.99999997,4342347100.0,80.0,80.0
APP_NLIU_4470,Multi_Category_SPDI,53838,CSRF,0,0,0,1,1,129211200.0,26919000.0,156130200.0,0.0,20.0
APP_NLIU_4471,Multi_Category_SPDI,538022,XSS,0,1,0,0,0,1183648400.0,201758250.0,1385406650.0,25.0,25.0
APP_NLIU_4472,Multi_Category_SPDI,636475,Exception_Handling_Failure,0,1,1,1,0,1718482500.0,190942500.0,1909425000.0,40.0,40.0
APP_NLIU_4473,Rule_3_ii_Financial_Data,104329,,0,1,1,1,0,208658000.0,31298700.0,239956700.0,40.0,40.0
APP_NLIU_4474,Rule_3_ii_Financial_Data,525146,SSRF,0,0,1,1,1,1470408800.0,223187050.0,1693595850.0,15.0,35.0
APP_NLIU_4475,Rule_3_iii_v_Health_Medical_Records,1458989,,1,1,1,1,1,2917978000.0,145898899.99999997,3063876900.0,80.0,100.0
APP_NLIU_4476,Rule_3_ii_Financial_Data,860327,,1,1,0,1,1,1720654000.0,150557225.0,1871211225.0,65.0,85.0
APP_NLIU_4477,Rule_3_ii_Financial_Data,763921,,0,1,0,1,0,1527842000.0,286470375.0,1814312375.0,25.0,25.0
APP_NLIU_4478,Rule_3_ii_Financial_Data,1174000,,0,1,1,1,1,2348000000.0,352200000.0,2700200000.0,40.0,60.0
APP_NLIU_4479,Rule_3_iii_v_Health_Medical_Records,979335,CSRF,0,1,1,1,1,2350404000.0,293800500.0,2644204500.0,40.0,60.0
APP_NLIU_4480,Rule_3_iii_v_Health_Medical_Records,1941263,SQL_Injection,1,1,1,1,1,5823789000.0,194126299.99999997,6017915300.0,80.0,100.0
APP_NLIU_4481,Rule_3_i_Passwords,325217,SQL_Injection,0,1,1,0,0,975651000.0,121956375.0,1097607375.0,25.0,25.0
APP_NLIU_4482,Rule_3_ii_Financial_Data,1781861,CSRF,1,1,0,1,1,4276466400.0,311825675.0,4588292075.0,65.0,85.0
APP_NLIU_4483,Rule_3_iii_v_Health_Medical_Records,249042,Exception_Handling_Failure,1,0,1,1,1,672413400.0,56034449.99999999,728447850.0,55.00000000000001,75.0
APP_NLIU_4484,Rule_3_iii_v_Health_Medical_Records,1789424,,1,1,1,1,0,3578848000.0,178942399.99999997,3757790400.0,80.0,80.0
APP_NLIU_4485,Rule_3_ii_Financial_Data,230683,,1,1,0,0,1,461366000.0,40369525.0,501735525.0,65.0,85.0
APP_NLIU_4486,Rule_3_iii_v_Health_Medical_Records,1269123,Exception_Handling_Failure,0,1,1,0,1,3426632100.0,475921125.0,3902553225.0,25.0,45.0
APP_NLIU_4487,Rule_3_i_Passwords,1297179,SQL_Injection,0,1,1,1,0,3891537000.0,389153700.0,4280690700.0,40.0,40.0
APP_NLIU_4488,Rule_3_ii_Financial_Data,1759238,SSRF,0,0,1,0,1,4925866400.0,879619000.0,5805485400.0,0.0,20.0
APP_NLIU_4489,Rule_3_vi_Biometric_Information,807056,SQL_Injection,0,1,1,1,1,2421168000.0,242116800.0,2663284800.0,40.0,60.0
APP_NLIU_4490,Rule_3_iii_v_Health_Medical_Records,1251919,CSRF,0,1,1,1,1,3004605600.0,375575700.0,3380181300.0,40.0,60.0
APP_NLIU_4491,Rule_3_ii_Financial_Data,1340035,XSS,1,1,1,1,1,2948077000.0,134003499.99999997,3082080500.0,80.0,100.0
APP_NLIU_4492,Rule_3_iii_v_Health_Medical_Records,1333142,SQL_Injection,0,1,0,0,1,3999426000.0,499928250.0,4499354250.0,25.0,45.0
APP_NLIU_4493,Rule_3_iii_v_Health_Medical_Records,699497,CSRF,1,0,1,1,0,1678792800.0,157386824.99999997,1836179625.0,55.00000000000001,55.00000000000001
APP_NLIU_4494,Rule_3_vi_Biometric_Information,77663,SSRF,0,0,1,1,0,217456400.0,33006775.0,250463175.0,15.0,15.0
APP_NLIU_4495,Rule_3_iii_v_Health_Medical_Records,106216,Exception_Handling_Failure,1,1,0,1,1,286783200.0,18587800.0,305371000.0,65.0,85.0
APP_NLIU_4496,Rule_3_iii_v_Health_Medical_Records,779888,XSS,1,0,1,1,0,1715753600.0000002,175474799.99999997,1891228400.0000002,55.00000000000001,55.00000000000001
APP_NLIU_4497,Rule_3_ii_Financial_Data,1310068,XSS,0,0,1,1,0,2882149600.0,556778900.0,3438928500.0,15.0,15.0
APP_NLIU_4498,Rule_3_i_Passwords,1524934,XSS,0,1,1,1,0,3354854800.0000005,457480200.0,3812335000.0000005,40.0,40.0
APP_NLIU_4499,Rule_3_ii_Financial_Data,299887,,1,1,0,1,0,599774000.0,52480225.0,652254225.0,65.0,65.0
APP_NLIU_4500,Rule_3_ii_Financial_Data,1546338,SSRF,1,0,1,1,1,4329746400.0,347926049.99999994,4677672450.0,55.00000000000001,75.0
APP_NLIU_4501,Rule_3_iii_v_Health_Medical_Records,1462428,XSS,1,0,1,1,1,3217341600.0000005,329046299.99999994,3546387900.0000005,55.00000000000001,75.0
APP_NLIU_4502,Rule_3_iii_v_Health_Medical_Records,1537676,,0,1,1,0,1,3075352000.0,576628500.0,3651980500.0,25.0,45.0
APP_NLIU_4503,Rule_3_ii_Financial_Data,539396,XSS,1,0,1,1,0,1186671200.0,121364099.99999999,1308035300.0,55.00000000000001,55.00000000000001
APP_NLIU_4504,Rule_3_i_Passwords,1258282,,0,1,0,1,0,2516564000.0,471855750.0,2988419750.0,25.0,25.0
APP_NLIU_4505,Rule_3_ii_Financial_Data,1614044,CSRF,1,1,0,0,1,3873705600.0,282457700.0,4156163300.0,65.0,85.0
APP_NLIU_4506,Rule_3_ii_Financial_Data,286027,XSS,1,1,1,1,1,629259400.0,28602699.999999993,657862100.0,80.0,100.0
APP_NLIU_4507,Rule_3_iii_v_Health_Medical_Records,573688,SQL_Injection,0,1,1,1,1,1721064000.0,172106400.0,1893170400.0,40.0,60.0
APP_NLIU_4508,Rule_3_i_Passwords,1230647,Exception_Handling_Failure,0,0,0,1,1,3322746900.0,615323500.0,3938070400.0,0.0,20.0
APP_NLIU_4509,Rule_3_iii_v_Health_Medical_Records,577239,CSRF,0,0,0,1,1,1385373600.0,288619500.0,1673993100.0,0.0,20.0
APP_NLIU_4510,Multi_Category_SPDI,1453952,SSRF,1,1,1,0,1,4071065599.9999995,254441599.99999997,4325507199.999999,65.0,85.0
APP_NLIU_4511,Rule_3_i_Passwords,1895270,XSS,1,1,1,1,0,4169594000.0000005,189526999.99999997,4359121000.0,80.0,80.0
APP_NLIU_4512,Rule_3_ii_Financial_Data,1466721,XSS,0,1,1,1,1,3226786200.0000005,440016300.0,3666802500.0000005,40.0,60.0
APP_NLIU_4513,Rule_3_i_Passwords,1923141,SQL_Injection,1,0,1,1,0,5769423000.0,432706724.99999994,6202129725.0,55.00000000000001,55.00000000000001
APP_NLIU_4514,Rule_3_iii_v_Health_Medical_Records,671483,Exception_Handling_Failure,1,1,1,1,0,1813004100.0000002,67148299.99999999,1880152400.0000002,80.0,80.0
APP_NLIU_4515,Rule_3_iii_v_Health_Medical_Records,1430826,Exception_Handling_Failure,0,1,1,1,1,3863230200.0000005,429247800.0,4292478000.0000005,40.0,60.0
APP_NLIU_4516,Rule_3_ii_Financial_Data,1737293,SSRF,0,1,0,1,1,4864420400.0,651484875.0,5515905275.0,25.0,45.0
APP_NLIU_4517,Rule_3_iii_v_Health_Medical_Records,1910504,XSS,0,0,0,1,0,4203108800.0000005,955252000.0,5158360800.0,0.0,0.0
APP_NLIU_4518,Multi_Category_SPDI,1742492,,0,1,1,0,1,3484984000.0,653434500.0,4138418500.0,25.0,45.0
APP_NLIU_4519,Rule_3_i_Passwords,329078,XSS,0,0,0,1,0,723971600.0,164539000.0,888510600.0,0.0,0.0
APP_NLIU_4520,Rule_3_i_Passwords,1918894,CSRF,1,1,1,1,0,4605345600.0,191889399.99999997,4797235000.0,80.0,80.0
APP_NLIU_4521,Multi_Category_SPDI,35881,CSRF,1,1,0,0,1,86114400.0,6279175.0,92393575.0,65.0,85.0
APP_NLIU_4522,Rule_3_iii_v_Health_Medical_Records,1858417,Exception_Handling_Failure,0,1,0,1,1,5017725900.0,696906375.0,5714632275.0,25.0,45.0
APP_NLIU_4523,Multi_Category_SPDI,977920,,1,1,0,0,0,1955840000.0,171136000.0,2126976000.0,65.0,65.0
APP_NLIU_4524,Rule_3_iii_v_Health_Medical_Records,1151747,Exception_Handling_Failure,1,1,1,1,1,3109716900.0,115174699.99999997,3224891600.0,80.0,100.0
APP_NLIU_4525,Rule_3_vi_Biometric_Information,1306765,SQL_Injection,1,0,1,0,0,3920295000.0,392029500.0,4312324500.0,40.0,40.0
APP_NLIU_4526,Rule_3_ii_Financial_Data,953161,XSS,0,0,0,0,1,2096954200.0000002,476580500.0,2573534700.0,0.0,20.0
APP_NLIU_4527,Rule_3_iii_v_Health_Medical_Records,222815,,0,0,1,1,1,445630000.0,94696375.0,540326375.0,15.0,35.0
APP_NLIU_4528,Multi_Category_SPDI,316095,SQL_Injection,1,0,1,1,1,948285000.0,71121375.0,1019406375.0,55.00000000000001,75.0
APP_NLIU_4529,Rule_3_iii_v_Health_Medical_Records,275896,,0,0,1,1,1,551792000.0,117255800.0,669047800.0,15.0,35.0
APP_NLIU_4530,Rule_3_i_Passwords,646627,,0,1,0,1,0,1293254000.0,242485125.0,1535739125.0,25.0,25.0
APP_NLIU_4531,Rule_3_ii_Financial_Data,1460232,SQL_Injection,1,1,1,1,0,4380696000.0,146023199.99999997,4526719200.0,80.0,80.0
APP_NLIU_4532,Rule_3_i_Passwords,1098440,,0,0,1,1,1,2196880000.0,466837000.0,2663717000.0,15.0,35.0
APP_NLIU_4533,Rule_3_ii_Financial_Data,710051,CSRF,1,0,1,0,1,1704122400.0,213015300.0,1917137700.0,40.0,60.0
APP_NLIU_4534,Rule_3_ii_Financial_Data,1649899,,1,1,1,1,1,3299798000.0,164989899.99999997,3464787900.0,80.0,100.0
APP_NLIU_4535,Rule_3_iii_v_Health_Medical_Records,91675,XSS,0,1,1,1,0,201685000.00000003,27502500.0,229187500.00000003,40.0,40.0
APP_NLIU_4536,Rule_3_iii_v_Health_Medical_Records,1002807,XSS,0,0,1,1,1,2206175400.0,426192975.0,2632368375.0,15.0,35.0
APP_NLIU_4537,Rule_3_ii_Financial_Data,289487,Exception_Handling_Failure,1,1,0,0,1,781614900.0,50660225.0,832275125.0,65.0,85.0
APP_NLIU_4538,Rule_3_iii_v_Health_Medical_Records,229320,,1,1,1,1,0,458640000.0,22931999.999999996,481572000.0,80.0,80.0
APP_NLIU_4539,Rule_3_i_Passwords,548961,SQL_Injection,1,1,0,1,1,1646883000.0,96068175.0,1742951175.0,65.0,85.0
APP_NLIU_4540,Rule_3_i_Passwords,1244602,XSS,1,1,1,0,0,2738124400.0,217805350.0,2955929750.0,65.0,65.0
APP_NLIU_4541,Rule_3_i_Passwords,1239346,SSRF,1,1,1,1,1,3470168800.0,123934599.99999997,3594103400.0,80.0,100.0
APP_NLIU_4542,Rule_3_iii_v_Health_Medical_Records,1410744,CSRF,1,0,1,1,0,3385785600.0,317417399.99999994,3703203000.0,55.00000000000001,55.00000000000001
APP_NLIU_4543,Rule_3_ii_Financial_Data,1604384,CSRF,1,0,0,1,0,3850521600.0,481315200.0,4331836800.0,40.0,40.0
APP_NLIU_4544,Rule_3_ii_Financial_Data,507857,XSS,1,1,0,1,0,1117285400.0,88874975.0,1206160375.0,65.0,65.0
APP_NLIU_4545,Rule_3_ii_Financial_Data,774483,CSRF,1,1,1,1,0,1858759200.0,77448299.99999999,1936207500.0,80.0,80.0
APP_NLIU_4546,Rule_3_vi_Biometric_Information,1855792,SQL_Injection,1,1,1,1,1,5567376000.0,185579199.99999997,5752955200.0,80.0,100.0
APP_NLIU_4547,Rule_3_i_Passwords,1433166,SQL_Injection,1,0,1,1,1,4299498000.0,322462349.99999994,4621960350.0,55.00000000000001,75.0
APP_NLIU_4548,Rule_3_iii_v_Health_Medical_Records,43079,SQL_Injection,1,1,0,1,1,129237000.0,7538824.999999999,136775825.0,65.0,85.0
APP_NLIU_4549,Rule_3_iii_v_Health_Medical_Records,1097796,XSS,1,1,1,0,0,2415151200.0,192114300.0,2607265500.0,65.0,65.0
APP_NLIU_4550,Rule_3_vi_Biometric_Information,156563,,1,1,0,1,0,313126000.0,27398525.0,340524525.0,65.0,65.0
APP_NLIU_4551,Multi_Category_SPDI,117878,SQL_Injection,0,1,1,0,0,353634000.0,44204250.0,397838250.0,25.0,25.0
APP_NLIU_4552,Rule_3_i_Passwords,1170159,,1,1,1,1,1,2340318000.0,117015899.99999997,2457333900.0,80.0,100.0
APP_NLIU_4553,Rule_3_i_Passwords,53720,,0,1,1,1,0,107440000.0,16116000.0,123556000.0,40.0,40.0
APP_NLIU_4554,Multi_Category_SPDI,1285452,Exception_Handling_Failure,0,1,0,1,1,3470720400.0,482044500.0,3952764900.0,25.0,45.0
APP_NLIU_4555,Rule_3_ii_Financial_Data,1592582,Exception_Handling_Failure,1,1,1,1,0,4299971400.0,159258199.99999997,4459229600.0,80.0,80.0
APP_NLIU_4556,Rule_3_iii_v_Health_Medical_Records,1482389,,0,0,1,1,1,2964778000.0,630015325.0,3594793325.0,15.0,35.0
APP_NLIU_4557,Rule_3_iii_v_Health_Medical_Records,1901225,SQL_Injection,0,1,0,1,1,5703675000.0,712959375.0,6416634375.0,25.0,45.0
APP_NLIU_4558,Rule_3_iii_v_Health_Medical_Records,496567,XSS,0,0,1,1,0,1092447400.0,211040975.0,1303488375.0,15.0,15.0
APP_NLIU_4559,Multi_Category_SPDI,367812,Exception_Handling_Failure,0,1,0,1,1,993092400.0000001,137929500.0,1131021900.0,25.0,45.0
APP_NLIU_4560,Multi_Category_SPDI,687192,XSS,1,1,1,1,0,1511822400.0000002,68719199.99999999,1580541600.0000002,80.0,80.0
APP_NLIU_4561,Rule_3_iii_v_Health_Medical_Records,977322,,0,0,1,1,1,1954644000.0,415361850.0,2370005850.0,15.0,35.0
APP_NLIU_4562,Rule_3_ii_Financial_Data,1806334,SQL_Injection,0,0,1,1,1,5419002000.0,767691950.0,6186693950.0,15.0,35.0
APP_NLIU_4563,Multi_Category_SPDI,411080,Exception_Handling_Failure,0,1,1,0,0,1109916000.0,154155000.0,1264071000.0,25.0,25.0
APP_NLIU_4564,Rule_3_i_Passwords,617666,XSS,0,1,0,1,0,1358865200.0,231624750.0,1590489950.0,25.0,25.0
APP_NLIU_4565,Rule_3_ii_Financial_Data,1046137,CSRF,0,0,0,0,1,2510728800.0,523068500.0,3033797300.0,0.0,20.0
APP_NLIU_4566,Multi_Category_SPDI,13177,CSRF,1,0,1,1,0,31624800.0,2964824.9999999995,34589625.0,55.00000000000001,55.00000000000001
APP_NLIU_4567,Rule_3_ii_Financial_Data,706475,Exception_Handling_Failure,0,1,1,1,1,1907482500.0000002,211942500.0,2119425000.0000002,40.0,60.0
APP_NLIU_4568,Rule_3_ii_Financial_Data,1438038,,0,1,0,1,1,2876076000.0,539264250.0,3415340250.0,25.0,45.0
APP_NLIU_4569,Rule_3_i_Passwords,1815171,XSS,1,1,1,1,1,3993376200.0000005,181517099.99999997,4174893300.0000005,80.0,100.0
APP_NLIU_4570,Multi_Category_SPDI,1503002,,1,1,0,1,1,3006004000.0,263025349.99999997,3269029350.0,65.0,85.0
APP_NLIU_4571,Rule_3_iii_v_Health_Medical_Records,450170,XSS,0,1,1,0,1,990374000.0000001,168813750.0,1159187750.0,25.0,45.0
APP_NLIU_4572,Rule_3_iii_v_Health_Medical_Records,1689009,SQL_Injection,0,0,0,1,1,5067027000.0,844504500.0,5911531500.0,0.0,20.0
APP_NLIU_4573,Rule_3_ii_Financial_Data,1982924,SQL_Injection,1,1,1,1,1,5948772000.0,198292399.99999997,6147064400.0,80.0,100.0
APP_NLIU_4574,Rule_3_vi_Biometric_Information,1783066,SQL_Injection,1,1,1,0,1,5349198000.0,312036550.0,5661234550.0,65.0,85.0
APP_NLIU_4575,Rule_3_vi_Biometric_Information,1591282,CSRF,1,0,0,1,1,3819076800.0,477384600.0,4296461400.0,40.0,60.0
APP_NLIU_4576,Rule_3_ii_Financial_Data,1219502,CSRF,1,1,1,0,0,2926804800.0,213412850.0,3140217650.0,65.0,65.0
APP_NLIU_4577,Rule_3_ii_Financial_Data,1011148,,1,1,1,1,0,2022296000.0,101114799.99999997,2123410800.0,80.0,80.0
APP_NLIU_4578,Rule_3_ii_Financial_Data,998459,,1,1,1,1,1,1996918000.0,99845899.99999999,2096763900.0,80.0,100.0
APP_NLIU_4579,Multi_Category_SPDI,617363,SQL_Injection,1,1,0,1,0,1852089000.0,108038525.0,1960127525.0,65.0,65.0
APP_NLIU_4580,Rule_3_iii_v_Health_Medical_Records,1556698,SSRF,0,1,1,1,1,4358754400.0,467009400.0,4825763800.0,40.0,60.0
APP_NLIU_4581,Multi_Category_SPDI,966454,CSRF,1,1,0,1,1,2319489600.0,169129450.0,2488619050.0,65.0,85.0
APP_NLIU_4582,Rule_3_ii_Financial_Data,332371,XSS,0,1,1,0,1,731216200.0,124639125.0,855855325.0,25.0,45.0
APP_NLIU_4583,Rule_3_vi_Biometric_Information,411051,SQL_Injection,0,1,1,1,1,1233153000.0,123315300.0,1356468300.0,40.0,60.0
APP_NLIU_4584,Rule_3_vi_Biometric_Information,1333253,SQL_Injection,1,1,1,1,1,3999759000.0,133325299.99999997,4133084300.0,80.0,100.0
APP_NLIU_4585,Rule_3_iii_v_Health_Medical_Records,1561542,,0,1,0,1,1,3123084000.0,585578250.0,3708662250.0,25.0,45.0
APP_NLIU_4586,Multi_Category_SPDI,1541843,,0,1,1,1,1,3083686000.0,462552900.0,3546238900.0,40.0,60.0
APP_NLIU_4587,Rule_3_ii_Financial_Data,892889,SSRF,1,0,1,0,0,2500089200.0,267866700.0,2767955900.0,40.0,40.0
APP_NLIU_4588,Rule_3_i_Passwords,1423224,XSS,1,0,1,1,1,3131092800.0000005,320225399.99999994,3451318200.0000005,55.00000000000001,75.0
APP_NLIU_4589,Rule_3_iii_v_Health_Medical_Records,223930,CSRF,0,1,1,1,0,537432000.0,67179000.0,604611000.0,40.0,40.0
APP_NLIU_4590,Rule_3_iii_v_Health_Medical_Records,1457015,,0,1,1,1,1,2914030000.0,437104500.0,3351134500.0,40.0,60.0
APP_NLIU_4591,Rule_3_iii_v_Health_Medical_Records,1702066,XSS,0,0,1,1,0,3744545200.0000005,723378050.0,4467923250.0,15.0,15.0
APP_NLIU_4592,Rule_3_ii_Financial_Data,539561,SQL_Injection,0,0,0,1,1,1618683000.0,269780500.0,1888463500.0,0.0,20.0
APP_NLIU_4593,Rule_3_iii_v_Health_Medical_Records,1611383,,1,1,1,0,1,3222766000.0,281992025.0,3504758025.0,65.0,85.0
APP_NLIU_4594,Rule_3_ii_Financial_Data,684520,CSRF,0,1,1,1,1,1642848000.0,205356000.0,1848204000.0,40.0,60.0
APP_NLIU_4595,Rule_3_ii_Financial_Data,918456,CSRF,1,1,1,1,1,2204294400.0,91845599.99999999,2296140000.0,80.0,100.0
APP_NLIU_4596,Rule_3_iii_v_Health_Medical_Records,472601,CSRF,0,0,1,0,0,1134242400.0,236300500.0,1370542900.0,0.0,0.0
APP_NLIU_4597,Rule_3_iii_v_Health_Medical_Records,1964548,XSS,1,1,1,1,1,4322005600.0,196454799.99999997,4518460400.0,80.0,100.0
APP_NLIU_4598,Rule_3_ii_Financial_Data,513604,CSRF,1,1,1,1,0,1232649600.0,51360399.999999985,1284010000.0,80.0,80.0
APP_NLIU_4599,Rule_3_ii_Financial_Data,1537984,SSRF,1,0,1,1,0,4306355200.0,346046399.99999994,4652401600.0,55.00000000000001,55.00000000000001
APP_NLIU_4600,Rule_3_ii_Financial_Data,1233636,CSRF,1,1,0,1,1,2960726400.0,215886300.0,3176612700.0,65.0,85.0
APP_NLIU_4601,Rule_3_i_Passwords,1457140,SQL_Injection,1,1,1,1,0,4371420000.0,145713999.99999997,4517134000.0,80.0,80.0
APP_NLIU_4602,Rule_3_vi_Biometric_Information,612748,,1,0,1,0,1,1225496000.0,183824400.0,1409320400.0,40.0,60.0
APP_NLIU_4603,Multi_Category_SPDI,253792,SSRF,1,1,0,1,0,710617600.0,44413600.0,755031200.0,65.0,65.0
APP_NLIU_4604,Rule_3_ii_Financial_Data,633759,SQL_Injection,0,1,1,1,0,1901277000.0,190127700.0,2091404700.0,40.0,40.0
APP_NLIU_4605,Rule_3_vi_Biometric_Information,633956,Exception_Handling_Failure,0,0,1,1,1,1711681200.0,269431300.0,1981112500.0,15.0,35.0
APP_NLIU_4606,Multi_Category_SPDI,1907527,,0,0,1,1,1,3815054000.0,810698975.0,4625752975.0,15.0,35.0
APP_NLIU_4607,Rule_3_vi_Biometric_Information,1406146,,0,0,1,1,1,2812292000.0,597612050.0,3409904050.0,15.0,35.0
APP_NLIU_4608,Rule_3_i_Passwords,1068205,XSS,1,1,0,1,1,2350051000.0,186935875.0,2536986875.0,65.0,85.0
APP_NLIU_4609,Multi_Category_SPDI,840488,SSRF,1,0,1,1,0,2353366400.0,189109799.99999997,2542476200.0,55.00000000000001,55.00000000000001
APP_NLIU_4610,Rule_3_ii_Financial_Data,1851281,,1,1,1,1,1,3702562000.0,185128099.99999997,3887690100.0,80.0,100.0
APP_NLIU_4611,Rule_3_ii_Financial_Data,1174060,Exception_Handling_Failure,0,1,1,1,1,3169962000.0,352218000.0,3522180000.0,40.0,60.0
APP_NLIU_4612,Rule_3_i_Passwords,1150851,SSRF,0,1,1,1,0,3222382800.0,345255300.0,3567638100.0,40.0,40.0
APP_NLIU_4613,Rule_3_ii_Financial_Data,1487208,,0,1,0,0,0,2974416000.0,557703000.0,3532119000.0,25.0,25.0
APP_NLIU_4614,Rule_3_i_Passwords,143966,SQL_Injection,1,1,1,0,0,431898000.0,25194050.0,457092050.0,65.0,65.0
APP_NLIU_4615,Rule_3_ii_Financial_Data,1099649,,1,1,1,1,0,2199298000.0,109964899.99999997,2309262900.0,80.0,80.0
APP_NLIU_4616,Rule_3_ii_Financial_Data,1623557,,0,1,1,1,0,3247114000.0,487067100.0,3734181100.0,40.0,40.0
APP_NLIU_4617,Rule_3_vi_Biometric_Information,1760402,Exception_Handling_Failure,1,1,1,1,0,4753085400.0,176040199.99999997,4929125600.0,80.0,80.0
APP_NLIU_4618,Multi_Category_SPDI,1864351,,1,1,1,1,1,3728702000.0,186435099.99999997,3915137100.0,80.0,100.0
APP_NLIU_4619,Rule_3_ii_Financial_Data,572383,,1,1,1,1,0,1144766000.0,57238299.999999985,1202004300.0,80.0,80.0
APP_NLIU_4620,Multi_Category_SPDI,1215822,SSRF,0,1,1,1,1,3404301600.0,364746600.0,3769048200.0,40.0,60.0
APP_NLIU_4621,Multi_Category_SPDI,973305,XSS,1,1,1,1,1,2141271000.0000002,97330499.99999999,2238601500.0,80.0,100.0
APP_NLIU_4622,Rule_3_vi_Biometric_Information,127388,SQL_Injection,0,1,1,1,1,382164000.0,38216400.0,420380400.0,40.0,60.0
APP_NLIU_4623,Rule_3_i_Passwords,1294363,CSRF,0,1,1,0,1,3106471200.0,485386125.0,3591857325.0,25.0,45.0
APP_NLIU_4624,Rule_3_iii_v_Health_Medical_Records,208508,,1,1,0,1,0,417016000.0,36488900.0,453504900.0,65.0,65.0
APP_NLIU_4625,Multi_Category_SPDI,1168017,CSRF,1,0,1,1,0,2803240800.0,262803824.99999997,3066044625.0,55.00000000000001,55.00000000000001
APP_NLIU_4626,Rule_3_iii_v_Health_Medical_Records,630070,CSRF,0,1,1,1,1,1512168000.0,189021000.0,1701189000.0,40.0,60.0
APP_NLIU_4627,Rule_3_ii_Financial_Data,1835883,XSS,0,0,1,1,0,4038942600.0000005,780250275.0,4819192875.0,15.0,15.0
APP_NLIU_4628,Rule_3_iii_v_Health_Medical_Records,1292919,,1,0,1,1,0,2585838000.0,290906775.0,2876744775.0,55.00000000000001,55.00000000000001
APP_NLIU_4629,Rule_3_iii_v_Health_Medical_Records,1489718,SQL_Injection,1,1,1,1,0,4469154000.0,148971799.99999997,4618125800.0,80.0,80.0
APP_NLIU_4630,Rule_3_iii_v_Health_Medical_Records,1912598,CSRF,1,1,1,1,0,4590235200.0,191259799.99999997,4781495000.0,80.0,80.0
APP_NLIU_4631,Rule_3_i_Passwords,437043,SSRF,1,1,0,0,0,1223720400.0,76482525.0,1300202925.0,65.0,65.0
APP_NLIU_4632,Rule_3_ii_Financial_Data,637551,Exception_Handling_Failure,1,1,0,1,0,1721387700.0,111571425.0,1832959125.0,65.0,65.0
APP_NLIU_4633,Rule_3_vi_Biometric_Information,1491567,SQL_Injection,1,0,1,1,0,4474701000.0,335602574.99999994,4810303575.0,55.00000000000001,55.00000000000001
APP_NLIU_4634,Multi_Category_SPDI,1487993,Exception_Handling_Failure,1,1,0,1,1,4017581100.0000005,260398774.99999997,4277979875.0000005,65.0,85.0
APP_NLIU_4635,Rule_3_i_Passwords,820805,CSRF,1,1,0,1,1,1969932000.0,143640875.0,2113572875.0,65.0,85.0
APP_NLIU_4636,Multi_Category_SPDI,1343245,SSRF,1,0,0,1,0,3761085999.9999995,402973500.0,4164059499.9999995,40.0,40.0
APP_NLIU_4637,Rule_3_ii_Financial_Data,394860,,0,1,0,0,0,789720000.0,148072500.0,937792500.0,25.0,25.0
APP_NLIU_4638,Rule_3_iii_v_Health_Medical_Records,1420233,SQL_Injection,0,1,1,1,1,4260699000.0,426069900.0,4686768900.0,40.0,60.0
APP_NLIU_4639,Rule_3_vi_Biometric_Information,658689,XSS,1,1,1,0,1,1449115800.0,115270575.0,1564386375.0,65.0,85.0
APP_NLIU_4640,Rule_3_vi_Biometric_Information,1150219,SQL_Injection,0,1,1,1,1,3450657000.0,345065700.0,3795722700.0,40.0,60.0
APP_NLIU_4641,Multi_Category_SPDI,690846,XSS,1,1,1,0,0,1519861200.0000002,120898049.99999999,1640759250.0000002,65.0,65.0
APP_NLIU_4642,Rule_3_ii_Financial_Data,1525396,XSS,1,1,1,1,1,3355871200.0000005,152539599.99999997,3508410800.0000005,80.0,100.0
APP_NLIU_4643,Multi_Category_SPDI,154712,CSRF,1,1,1,1,1,371308800.0,15471199.999999996,386780000.0,80.0,100.0
APP_NLIU_4644,Rule_3_i_Passwords,364838,SQL_Injection,1,1,1,1,1,1094514000.0,36483799.99999999,1130997800.0,80.0,100.0
APP_NLIU_4645,Rule_3_iii_v_Health_Medical_Records,197527,CSRF,0,1,1,1,1,474064800.0,59258100.0,533322900.0,40.0,60.0
APP_NLIU_4646,Rule_3_iii_v_Health_Medical_Records,1614000,Exception_Handling_Failure,1,1,1,1,1,4357800000.0,161399999.99999997,4519200000.0,80.0,100.0
APP_NLIU_4647,Rule_3_iii_v_Health_Medical_Records,984929,,0,0,1,1,1,1969858000.0,418594825.0,2388452825.0,15.0,35.0
APP_NLIU_4648,Rule_3_ii_Financial_Data,61539,XSS,1,1,1,0,1,135385800.0,10769325.0,146155125.0,65.0,85.0
APP_NLIU_4649,Multi_Category_SPDI,217736,XSS,1,1,1,1,0,479019200.00000006,21773599.999999996,500792800.00000006,80.0,80.0
APP_NLIU_4650,Rule_3_i_Passwords,423158,SSRF,1,1,1,1,0,1184842400.0,42315799.99999999,1227158200.0,80.0,80.0
APP_NLIU_4651,Rule_3_i_Passwords,1121939,CSRF,1,1,1,1,0,2692653600.0,112193899.99999997,2804847500.0,80.0,80.0
APP_NLIU_4652,Rule_3_iii_v_Health_Medical_Records,194668,SSRF,0,1,1,0,1,545070400.0,73000500.0,618070900.0,25.0,45.0
APP_NLIU_4653,Rule_3_ii_Financial_Data,610814,SSRF,0,1,1,1,0,1710279200.0,183244200.0,1893523400.0,40.0,40.0
APP_NLIU_4654,Rule_3_vi_Biometric_Information,1350975,SSRF,0,1,1,0,0,3782729999.9999995,506615625.0,4289345624.9999995,25.0,25.0
APP_NLIU_4655,Rule_3_ii_Financial_Data,1246777,XSS,1,1,0,1,1,2742909400.0,218185975.0,2961095375.0,65.0,85.0
APP_NLIU_4656,Rule_3_i_Passwords,483739,XSS,1,1,0,1,1,1064225800.0000001,84654325.0,1148880125.0,65.0,85.0
APP_NLIU_4657,Rule_3_vi_Biometric_Information,1696073,,1,1,0,1,1,3392146000.0,296812775.0,3688958775.0,65.0,85.0
APP_NLIU_4658,Rule_3_iii_v_Health_Medical_Records,247723,SSRF,1,1,1,1,1,693624400.0,24772299.999999996,718396700.0,80.0,100.0
APP_NLIU_4659,Rule_3_i_Passwords,615725,Exception_Handling_Failure,1,1,0,1,0,1662457500.0,107751875.0,1770209375.0,65.0,65.0
APP_NLIU_4660,Rule_3_iii_v_Health_Medical_Records,1200925,,0,1,0,1,0,2401850000.0,450346875.0,2852196875.0,25.0,25.0
APP_NLIU_4661,Rule_3_iii_v_Health_Medical_Records,662003,XSS,1,0,0,1,0,1456406600.0,198600900.0,1655007500.0,40.0,40.0
APP_NLIU_4662,Rule_3_iii_v_Health_Medical_Records,1955908,CSRF,0,0,1,1,0,4694179200.0,831260900.0,5525440100.0,15.0,15.0
APP_NLIU_4663,Rule_3_ii_Financial_Data,815161,CSRF,1,1,1,1,1,1956386400.0,81516099.99999999,2037902500.0,80.0,100.0
APP_NLIU_4664,Rule_3_vi_Biometric_Information,1009127,SQL_Injection,0,1,0,1,0,3027381000.0,378422625.0,3405803625.0,25.0,25.0
APP_NLIU_4665,Rule_3_vi_Biometric_Information,813250,CSRF,1,1,1,1,0,1951800000.0,81324999.99999999,2033125000.0,80.0,80.0
APP_NLIU_4666,Rule_3_iii_v_Health_Medical_Records,1119131,,0,1,0,1,1,2238262000.0,419674125.0,2657936125.0,25.0,45.0
APP_NLIU_4667,Rule_3_i_Passwords,1676843,SQL_Injection,0,1,1,1,1,5030529000.0,503052900.0,5533581900.0,40.0,60.0
APP_NLIU_4668,Rule_3_vi_Biometric_Information,1107205,SSRF,1,1,1,1,1,3100174000.0,110720499.99999997,3210894500.0,80.0,100.0
APP_NLIU_4669,Rule_3_iii_v_Health_Medical_Records,1693160,,0,0,1,1,1,3386320000.0,719593000.0,4105913000.0,15.0,35.0
APP_NLIU_4670,Rule_3_iii_v_Health_Medical_Records,1371158,,1,1,1,1,0,2742316000.0,137115799.99999997,2879431800.0,80.0,80.0
APP_NLIU_4671,Rule_3_ii_Financial_Data,1823685,XSS,1,1,1,1,1,4012107000.0000005,182368499.99999997,4194475500.0000005,80.0,100.0
APP_NLIU_4672,Multi_Category_SPDI,276601,Exception_Handling_Failure,1,1,1,1,1,746822700.0,27660099.999999993,774482800.0,80.0,100.0
APP_NLIU_4673,Rule_3_iii_v_Health_Medical_Records,195701,CSRF,1,1,1,1,1,469682400.0,19570099.999999996,489252500.0,80.0,100.0
APP_NLIU_4674,Rule_3_i_Passwords,1349642,SSRF,1,0,1,0,1,3778997599.9999995,404892600.0,4183890199.9999995,40.0,60.0
APP_NLIU_4675,Rule_3_ii_Financial_Data,1456612,CSRF,0,1,1,1,0,3495868800.0,436983600.0,3932852400.0,40.0,40.0
APP_NLIU_4676,Multi_Category_SPDI,1479542,XSS,0,0,0,1,1,3254992400.0000005,739771000.0,3994763400.0000005,0.0,20.0
APP_NLIU_4677,Rule_3_i_Passwords,1423842,,1,1,1,1,1,2847684000.0,142384199.99999997,2990068200.0,80.0,100.0
APP_NLIU_4678,Multi_Category_SPDI,107020,SQL_Injection,1,1,1,1,0,321060000.0,10701999.999999998,331762000.0,80.0,80.0
APP_NLIU_4679,Rule_3_iii_v_Health_Medical_Records,239618,XSS,1,1,1,1,1,527159600.00000006,23961799.999999996,551121400.0,80.0,100.0
APP_NLIU_4680,Rule_3_iii_v_Health_Medical_Records,1567039,CSRF,1,1,1,1,0,3760893600.0,156703899.99999997,3917597500.0,80.0,80.0
APP_NLIU_4681,Rule_3_ii_Financial_Data,1746726,XSS,1,1,1,0,1,3842797200.0000005,305677050.0,4148474250.0000005,65.0,85.0
APP_NLIU_4682,Rule_3_ii_Financial_Data,1928413,SQL_Injection,1,0,1,1,1,5785239000.0,433892924.99999994,6219131925.0,55.00000000000001,75.0
APP_NLIU_4683,Multi_Category_SPDI,907562,CSRF,1,1,1,0,0,2178148800.0,158823350.0,2336972150.0,65.0,65.0
APP_NLIU_4684,Rule_3_ii_Financial_Data,170493,,1,1,1,1,1,340986000.0,17049299.999999996,358035300.0,80.0,100.0
APP_NLIU_4685,Rule_3_vi_Biometric_Information,1908046,XSS,1,0,1,1,1,4197701200.0000005,429310349.99999994,4627011550.0,55.00000000000001,75.0
APP_NLIU_4686,Rule_3_ii_Financial_Data,778317,XSS,1,1,0,1,0,1712297400.0000002,136205475.0,1848502875.0000002,65.0,65.0
APP_NLIU_4687,Rule_3_i_Passwords,218273,CSRF,1,1,1,0,0,523855200.0,38197775.0,562052975.0,65.0,65.0
APP_NLIU_4688,Rule_3_i_Passwords,1640189,CSRF,0,1,0,0,1,3936453600.0,615070875.0,4551524475.0,25.0,45.0
APP_NLIU_4689,Rule_3_iii_v_Health_Medical_Records,292744,CSRF,1,1,1,1,0,702585600.0,29274399.999999993,731860000.0,80.0,80.0
APP_NLIU_4690,Multi_Category_SPDI,215694,,0,1,1,1,1,431388000.0,64708200.0,496096200.0,40.0,60.0
APP_NLIU_4691,Rule_3_ii_Financial_Data,267051,,0,0,1,1,0,534102000.0,113496675.0,647598675.0,15.0,15.0
APP_NLIU_4692,Rule_3_ii_Financial_Data,1482963,XSS,1,0,1,1,0,3262518600.0000005,333666674.99999994,3596185275.0000005,55.00000000000001,55.00000000000001
APP_NLIU_4693,Rule_3_ii_Financial_Data,1808475,CSRF,0,1,1,1,1,4340340000.0,542542500.0,4882882500.0,40.0,60.0
APP_NLIU_4694,Rule_3_iii_v_Health_Medical_Records,1377246,,1,1,1,1,1,2754492000.0,137724599.99999997,2892216600.0,80.0,100.0
APP_NLIU_4695,Rule_3_ii_Financial_Data,1828384,XSS,1,0,0,1,0,4022444800.0000005,548515200.0,4570960000.0,40.0,40.0
APP_NLIU_4696,Multi_Category_SPDI,1066725,XSS,1,0,1,1,1,2346795000.0,240013124.99999997,2586808125.0,55.00000000000001,75.0
APP_NLIU_4697,Rule_3_iii_v_Health_Medical_Records,166466,SSRF,1,1,0,1,0,466104800.0,29131550.0,495236350.0,65.0,65.0
APP_NLIU_4698,Rule_3_iii_v_Health_Medical_Records,1199044,,1,1,1,0,1,2398088000.0,209832700.0,2607920700.0,65.0,85.0
APP_NLIU_4699,Rule_3_i_Passwords,1470116,XSS,1,1,0,1,1,3234255200.0000005,257270299.99999997,3491525500.0000005,65.0,85.0
APP_NLIU_4700,Multi_Category_SPDI,1231846,,1,0,1,1,0,2463692000.0,277165350.0,2740857350.0,55.00000000000001,55.00000000000001
APP_NLIU_4701,Rule_3_ii_Financial_Data,1005209,,0,1,1,1,1,2010418000.0,301562700.0,2311980700.0,40.0,60.0
APP_NLIU_4702,Rule_3_i_Passwords,117168,SSRF,0,1,1,0,1,328070400.0,43938000.0,372008400.0,25.0,45.0
APP_NLIU_4703,Rule_3_iii_v_Health_Medical_Records,1560602,,1,1,1,1,1,3121204000.0,156060199.99999997,3277264200.0,80.0,100.0
APP_NLIU_4704,Rule_3_iii_v_Health_Medical_Records,639101,,0,1,1,1,1,1278202000.0,191730300.0,1469932300.0,40.0,60.0
APP_NLIU_4705,Rule_3_ii_Financial_Data,1407499,CSRF,0,0,1,0,0,3377997600.0,703749500.0,4081747100.0,0.0,0.0
APP_NLIU_4706,Rule_3_ii_Financial_Data,261960,SSRF,1,1,0,1,1,733488000.0,45843000.0,779331000.0,65.0,85.0
APP_NLIU_4707,Rule_3_vi_Biometric_Information,953520,SQL_Injection,0,1,1,1,1,2860560000.0,286056000.0,3146616000.0,40.0,60.0
APP_NLIU_4708,Rule_3_i_Passwords,663554,XSS,0,1,1,0,1,1459818800.0,248832750.0,1708651550.0,25.0,45.0
APP_NLIU_4709,Rule_3_vi_Biometric_Information,1348118,CSRF,0,0,1,1,1,3235483200.0,572950150.0,3808433350.0,15.0,35.0
APP_NLIU_4710,Rule_3_iii_v_Health_Medical_Records,1320509,XSS,1,1,0,0,0,2905119800.0,231089075.0,3136208875.0,65.0,65.0
APP_NLIU_4711,Rule_3_ii_Financial_Data,483911,SSRF,1,1,0,0,1,1354950800.0,84684425.0,1439635225.0,65.0,85.0
APP_NLIU_4712,Rule_3_ii_Financial_Data,1380687,,1,0,1,0,0,2761374000.0,414206100.0,3175580100.0,40.0,40.0
APP_NLIU_4713,Rule_3_ii_Financial_Data,1817878,CSRF,0,1,1,1,1,4362907200.0,545363400.0,4908270600.0,40.0,60.0
APP_NLIU_4714,Rule_3_vi_Biometric_Information,197206,SSRF,1,1,1,0,0,552176800.0,34511050.0,586687850.0,65.0,65.0
APP_NLIU_4715,Rule_3_iii_v_Health_Medical_Records,266041,XSS,1,1,1,0,1,585290200.0,46557175.0,631847375.0,65.0,85.0
APP_NLIU_4716,Rule_3_ii_Financial_Data,1255534,XSS,1,0,1,1,1,2762174800.0,282495150.0,3044669950.0,55.00000000000001,75.0
APP_NLIU_4717,Rule_3_iii_v_Health_Medical_Records,365981,SSRF,1,1,1,1,1,1024746799.9999999,36598099.99999999,1061344899.9999999,80.0,100.0
APP_NLIU_4718,Multi_Category_SPDI,1209625,CSRF,1,0,0,1,1,2903100000.0,362887500.0,3265987500.0,40.0,60.0
APP_NLIU_4719,Rule_3_ii_Financial_Data,106967,SSRF,1,0,1,0,0,299507600.0,32090100.0,331597700.0,40.0,40.0
APP_NLIU_4720,Multi_Category_SPDI,398345,,1,1,1,1,0,796690000.0,39834499.99999999,836524500.0,80.0,80.0
APP_NLIU_4721,Rule_3_ii_Financial_Data,1375403,,0,1,1,1,1,2750806000.0,412620900.0,3163426900.0,40.0,60.0
APP_NLIU_4722,Rule_3_i_Passwords,1361051,XSS,1,0,1,0,0,2994312200.0000005,408315300.0,3402627500.0000005,40.0,40.0
APP_NLIU_4723,Rule_3_ii_Financial_Data,253719,,1,1,1,1,1,507438000.0,25371899.999999993,532809900.0,80.0,100.0
APP_NLIU_4724,Rule_3_ii_Financial_Data,1874634,,1,0,1,1,1,3749268000.0,421792649.99999994,4171060650.0,55.00000000000001,75.0
APP_NLIU_4725,Rule_3_ii_Financial_Data,446719,SQL_Injection,1,1,1,1,1,1340157000.0,44671899.99999999,1384828900.0,80.0,100.0
APP_NLIU_4726,Rule_3_i_Passwords,163621,,1,0,1,1,0,327242000.0,36814725.0,364056725.0,55.00000000000001,55.00000000000001
APP_NLIU_4727,Multi_Category_SPDI,1590206,,1,1,1,1,1,3180412000.0,159020599.99999997,3339432600.0,80.0,100.0
APP_NLIU_4728,Rule_3_vi_Biometric_Information,1876425,SSRF,1,1,1,1,1,5253990000.0,187642499.99999997,5441632500.0,80.0,100.0
APP_NLIU_4729,Rule_3_iii_v_Health_Medical_Records,736874,SSRF,1,1,1,1,0,2063247199.9999998,73687399.99999999,2136934599.9999998,80.0,80.0
APP_NLIU_4730,Rule_3_i_Passwords,712609,SQL_Injection,0,1,1,1,0,2137827000.0,213782700.0,2351609700.0,40.0,40.0
APP_NLIU_4731,Rule_3_i_Passwords,844096,SQL_Injection,1,1,1,1,1,2532288000.0,84409599.99999999,2616697600.0,80.0,100.0
APP_NLIU_4732,Rule_3_i_Passwords,1025668,,1,1,1,1,0,2051336000.0,102566799.99999997,2153902800.0,80.0,80.0
APP_NLIU_4733,Rule_3_iii_v_Health_Medical_Records,1816652,XSS,0,0,1,0,1,3996634400.0000005,908326000.0,4904960400.0,0.0,20.0
APP_NLIU_4734,Multi_Category_SPDI,800265,,0,0,0,1,1,1600530000.0,400132500.0,2000662500.0,0.0,20.0
APP_NLIU_4735,Rule_3_ii_Financial_Data,852090,,0,1,1,1,0,1704180000.0,255627000.0,1959807000.0,40.0,40.0
APP_NLIU_4736,Rule_3_i_Passwords,510655,Exception_Handling_Failure,0,0,1,1,0,1378768500.0,217028375.0,1595796875.0,15.0,15.0
APP_NLIU_4737,Rule_3_iii_v_Health_Medical_Records,235099,Exception_Handling_Failure,0,1,1,1,1,634767300.0,70529700.0,705297000.0,40.0,60.0
APP_NLIU_4738,Rule_3_ii_Financial_Data,923241,SQL_Injection,0,1,1,1,1,2769723000.0,276972300.0,3046695300.0,40.0,60.0
APP_NLIU_4739,Rule_3_ii_Financial_Data,1934973,CSRF,1,1,1,1,1,4643935200.0,193497299.99999997,4837432500.0,80.0,100.0
APP_NLIU_4740,Rule_3_iii_v_Health_Medical_Records,1904062,Exception_Handling_Failure,0,1,1,1,0,5140967400.0,571218600.0,5712186000.0,40.0,40.0
APP_NLIU_4741,Rule_3_iii_v_Health_Medical_Records,530587,SQL_Injection,1,0,1,1,0,1591761000.0,119382074.99999999,1711143075.0,55.00000000000001,55.00000000000001
APP_NLIU_4742,Rule_3_i_Passwords,1302816,SQL_Injection,1,0,1,1,0,3908448000.0,293133600.0,4201581600.0,55.00000000000001,55.00000000000001
APP_NLIU_4743,Rule_3_i_Passwords,1381595,,0,0,1,0,0,2763190000.0,690797500.0,3453987500.0,0.0,0.0
APP_NLIU_4744,Multi_Category_SPDI,693280,Exception_Handling_Failure,1,0,1,1,0,1871856000.0000002,155987999.99999997,2027844000.0000002,55.00000000000001,55.00000000000001
APP_NLIU_4745,Rule_3_ii_Financial_Data,453052,CSRF,1,1,1,1,1,1087324800.0,45305199.99999999,1132630000.0,80.0,100.0
APP_NLIU_4746,Rule_3_i_Passwords,178453,Exception_Handling_Failure,0,1,1,1,0,481823100.00000006,53535900.0,535359000.00000006,40.0,40.0
APP_NLIU_4747,Rule_3_i_Passwords,1558851,,0,1,1,1,0,3117702000.0,467655300.0,3585357300.0,40.0,40.0
APP_NLIU_4748,Rule_3_i_Passwords,381430,CSRF,0,1,0,1,0,915432000.0,143036250.0,1058468250.0,25.0,25.0
APP_NLIU_4749,Rule_3_ii_Financial_Data,1007475,SQL_Injection,0,0,1,1,1,3022425000.0,428176875.0,3450601875.0,15.0,35.0
APP_NLIU_4750,Rule_3_vi_Biometric_Information,890162,,0,0,0,1,1,1780324000.0,445081000.0,2225405000.0,0.0,20.0
APP_NLIU_4751,Rule_3_ii_Financial_Data,323442,CSRF,0,1,0,1,0,776260800.0,121290750.0,897551550.0,25.0,25.0
APP_NLIU_4752,Rule_3_ii_Financial_Data,1995589,SQL_Injection,0,0,1,1,1,5986767000.0,848125325.0,6834892325.0,15.0,35.0
APP_NLIU_4753,Rule_3_iii_v_Health_Medical_Records,1835374,XSS,1,1,1,1,1,4037822800.0000005,183537399.99999997,4221360200.0000005,80.0,100.0
APP_NLIU_4754,Rule_3_iii_v_Health_Medical_Records,1698899,,0,1,1,0,0,3397798000.0,637087125.0,4034885125.0,25.0,25.0
APP_NLIU_4755,Multi_Category_SPDI,1226743,SSRF,1,1,1,1,1,3434880400.0,122674299.99999997,3557554700.0,80.0,100.0
APP_NLIU_4756,Multi_Category_SPDI,449740,CSRF,0,1,1,1,0,1079376000.0,134922000.0,1214298000.0,40.0,40.0
APP_NLIU_4757,Rule_3_i_Passwords,521030,SSRF,1,0,0,1,0,1458884000.0,156309000.0,1615193000.0,40.0,40.0
APP_NLIU_4758,Rule_3_vi_Biometric_Information,1425545,,0,1,1,1,1,2851090000.0,427663500.0,3278753500.0,40.0,60.0
APP_NLIU_4759,Rule_3_ii_Financial_Data,1169213,SSRF,1,1,0,0,0,3273796400.0,204612275.0,3478408675.0,65.0,65.0
APP_NLIU_4760,Multi_Category_SPDI,266046,XSS,0,0,1,1,0,585301200.0,113069550.0,698370750.0,15.0,15.0
APP_NLIU_4761,Rule_3_ii_Financial_Data,989413,,1,1,0,1,1,1978826000.0,173147275.0,2151973275.0,65.0,85.0
APP_NLIU_4762,Multi_Category_SPDI,1575798,SQL_Injection,0,0,1,1,1,4727394000.0,669714150.0,5397108150.0,15.0,35.0
APP_NLIU_4763,Rule_3_vi_Biometric_Information,1912626,,1,1,0,1,0,3825252000.0,334709550.0,4159961550.0,65.0,65.0
APP_NLIU_4764,Rule_3_ii_Financial_Data,30532,,0,1,1,1,1,61064000.0,9159600.0,70223600.0,40.0,60.0
APP_NLIU_4765,Rule_3_iii_v_Health_Medical_Records,113197,,1,0,1,1,0,226394000.0,25469324.999999996,251863325.0,55.00000000000001,55.00000000000001
APP_NLIU_4766,Multi_Category_SPDI,1184436,SSRF,0,0,1,1,0,3316420800.0,503385300.0,3819806100.0,15.0,15.0
APP_NLIU_4767,Multi_Category_SPDI,65285,Exception_Handling_Failure,1,0,1,1,0,176269500.0,14689124.999999998,190958625.0,55.00000000000001,55.00000000000001
APP_NLIU_4768,Rule_3_i_Passwords,810298,,0,0,1,1,1,1620596000.0,344376650.0,1964972650.0,15.0,35.0
APP_NLIU_4769,Rule_3_iii_v_Health_Medical_Records,1716529,,0,0,1,1,0,3433058000.0,729524825.0,4162582825.0,15.0,15.0
APP_NLIU_4770,Rule_3_ii_Financial_Data,276639,SSRF,1,0,1,1,1,774589200.0,62243774.99999999,836832975.0,55.00000000000001,75.0
APP_NLIU_4771,Rule_3_i_Passwords,251130,,1,0,1,1,0,502260000.0,56504249.99999999,558764250.0,55.00000000000001,55.00000000000001
APP_NLIU_4772,Rule_3_ii_Financial_Data,1323557,CSRF,1,1,1,1,1,3176536800.0,132355699.99999997,3308892500.0,80.0,100.0
APP_NLIU_4773,Rule_3_ii_Financial_Data,1785644,SSRF,1,1,1,1,0,4999803200.0,178564399.99999997,5178367600.0,80.0,80.0
APP_NLIU_4774,Rule_3_vi_Biometric_Information,1989760,XSS,1,1,0,1,0,4377472000.0,348208000.0,4725680000.0,65.0,65.0
APP_NLIU_4775,Rule_3_ii_Financial_Data,519938,,1,0,0,1,1,1039876000.0,155981400.0,1195857400.0,40.0,60.0
APP_NLIU_4776,Rule_3_vi_Biometric_Information,977980,XSS,0,0,0,0,0,2151556000.0,488990000.0,2640546000.0,0.0,0.0
APP_NLIU_4777,Rule_3_i_Passwords,263750,XSS,0,1,1,1,1,580250000.0,79125000.0,659375000.0,40.0,60.0
APP_NLIU_4778,Rule_3_ii_Financial_Data,1568622,,1,1,1,1,0,3137244000.0,156862199.99999997,3294106200.0,80.0,80.0
APP_NLIU_4779,Rule_3_ii_Financial_Data,297490,CSRF,1,1,1,1,1,713976000.0,29748999.999999993,743725000.0,80.0,100.0
APP_NLIU_4780,Rule_3_ii_Financial_Data,113621,Exception_Handling_Failure,1,0,1,1,0,306776700.0,25564724.999999996,332341425.0,55.00000000000001,55.00000000000001
APP_NLIU_4781,Rule_3_i_Passwords,1048350,CSRF,1,1,1,1,1,2516040000.0,104834999.99999997,2620875000.0,80.0,100.0
APP_NLIU_4782,Rule_3_i_Passwords,1339132,CSRF,1,1,1,1,1,3213916800.0,133913199.99999997,3347830000.0,80.0,100.0
APP_NLIU_4783,Rule_3_iii_v_Health_Medical_Records,486615,Exception_Handling_Failure,1,1,1,1,0,1313860500.0,48661499.99999999,1362522000.0,80.0,80.0
APP_NLIU_4784,Rule_3_ii_Financial_Data,123833,,1,1,1,1,0,247666000.0,12383299.999999998,260049300.0,80.0,80.0
APP_NLIU_4785,Rule_3_ii_Financial_Data,1477596,XSS,0,1,1,0,1,3250711200.0000005,554098500.0,3804809700.0000005,25.0,45.0
APP_NLIU_4786,Rule_3_ii_Financial_Data,70206,,1,1,1,1,0,140412000.0,7020599.999999998,147432600.0,80.0,80.0
APP_NLIU_4787,Multi_Category_SPDI,15934,SQL_Injection,1,1,1,1,1,47802000.0,1593399.9999999995,49395400.0,80.0,100.0
APP_NLIU_4788,Multi_Category_SPDI,297867,SSRF,1,0,1,1,0,834027600.0,67020074.99999999,901047675.0,55.00000000000001,55.00000000000001
APP_NLIU_4789,Rule_3_ii_Financial_Data,1967976,XSS,1,0,0,1,0,4329547200.0,590392800.0,4919940000.0,40.0,40.0
APP_NLIU_4790,Rule_3_ii_Financial_Data,1467197,SQL_Injection,1,1,1,1,0,4401591000.0,146719699.99999997,4548310700.0,80.0,80.0
APP_NLIU_4791,Rule_3_i_Passwords,1727684,CSRF,0,0,1,1,0,4146441600.0,734265700.0,4880707300.0,15.0,15.0
APP_NLIU_4792,Multi_Category_SPDI,1779702,XSS,0,1,1,0,0,3915344400.0000005,667388250.0,4582732650.0,25.0,25.0
APP_NLIU_4793,Rule_3_i_Passwords,706773,SQL_Injection,1,1,0,1,0,2120319000.0,123685274.99999999,2244004275.0,65.0,65.0
APP_NLIU_4794,Rule_3_ii_Financial_Data,944858,CSRF,1,1,1,1,0,2267659200.0,94485799.99999999,2362145000.0,80.0,80.0
APP_NLIU_4795,Rule_3_ii_Financial_Data,996994,XSS,0,1,1,0,0,2193386800.0,373872750.0,2567259550.0,25.0,25.0
APP_NLIU_4796,Rule_3_ii_Financial_Data,913420,XSS,1,1,1,1,0,2009524000.0000002,91341999.99999999,2100866000.0000002,80.0,80.0
APP_NLIU_4797,Rule_3_i_Passwords,486891,,0,1,1,1,0,973782000.0,146067300.0,1119849300.0,40.0,40.0
APP_NLIU_4798,Rule_3_vi_Biometric_Information,246630,Exception_Handling_Failure,1,1,1,1,0,665901000.0,24662999.999999996,690564000.0,80.0,80.0
APP_NLIU_4799,Rule_3_i_Passwords,1988468,XSS,0,1,1,1,0,4374629600.0,596540400.0,4971170000.0,40.0,40.0
APP_NLIU_4800,Rule_3_iii_v_Health_Medical_Records,1552153,,1,1,0,1,1,3104306000.0,271626775.0,3375932775.0,65.0,85.0
APP_NLIU_4801,Rule_3_i_Passwords,1614387,,1,1,1,1,1,3228774000.0,161438699.99999997,3390212700.0,80.0,100.0
APP_NLIU_4802,Rule_3_i_Passwords,1941158,SSRF,0,1,1,1,1,5435242400.0,582347400.0,6017589800.0,40.0,60.0
APP_NLIU_4803,Multi_Category_SPDI,388094,SQL_Injection,1,1,1,1,0,1164282000.0,38809399.99999999,1203091400.0,80.0,80.0
APP_NLIU_4804,Rule_3_i_Passwords,980197,Exception_Handling_Failure,1,1,1,0,0,2646531900.0,171534475.0,2818066375.0,65.0,65.0
APP_NLIU_4805,Rule_3_vi_Biometric_Information,171804,XSS,0,1,0,1,0,377968800.00000006,64426500.0,442395300.00000006,25.0,25.0
APP_NLIU_4806,Rule_3_iii_v_Health_Medical_Records,1619510,,1,1,0,1,0,3239020000.0,283414250.0,3522434250.0,65.0,65.0
APP_NLIU_4807,Rule_3_i_Passwords,1729957,,1,0,0,1,1,3459914000.0,518987100.0,3978901100.0,40.0,60.0
APP_NLIU_4808,Multi_Category_SPDI,229310,Exception_Handling_Failure,1,1,1,1,0,619137000.0,22930999.999999996,642068000.0,80.0,80.0
APP_NLIU_4809,Rule_3_ii_Financial_Data,1295600,,1,1,1,0,1,2591200000.0,226730000.0,2817930000.0,65.0,85.0
APP_NLIU_4810,Multi_Category_SPDI,262476,XSS,1,1,1,1,0,577447200.0,26247599.999999993,603694800.0,80.0,80.0
APP_NLIU_4811,Rule_3_i_Passwords,1892784,SQL_Injection,1,1,1,1,1,5678352000.0,189278399.99999997,5867630400.0,80.0,100.0
APP_NLIU_4812,Multi_Category_SPDI,286260,,1,1,1,1,1,572520000.0,28625999.999999993,601146000.0,80.0,100.0
APP_NLIU_4813,Rule_3_i_Passwords,1166434,CSRF,1,1,1,1,0,2799441600.0,116643399.99999997,2916085000.0,80.0,80.0
APP_NLIU_4814,Rule_3_iii_v_Health_Medical_Records,1797207,,1,1,1,1,1,3594414000.0,179720699.99999997,3774134700.0,80.0,100.0
APP_NLIU_4815,Rule_3_vi_Biometric_Information,1546789,,0,0,0,1,1,3093578000.0,773394500.0,3866972500.0,0.0,20.0
APP_NLIU_4816,Multi_Category_SPDI,81620,Exception_Handling_Failure,1,1,1,0,0,220374000.0,14283500.0,234657500.0,65.0,65.0
APP_NLIU_4817,Multi_Category_SPDI,967275,XSS,1,0,1,1,0,2128005000.0000002,217636874.99999997,2345641875.0,55.00000000000001,55.00000000000001
APP_NLIU_4818,Rule_3_vi_Biometric_Information,426972,XSS,1,1,1,1,0,939338400.0000001,42697199.99999999,982035600.0000001,80.0,80.0
APP_NLIU_4819,Multi_Category_SPDI,87604,CSRF,1,0,1,1,1,210249600.0,19710899.999999996,229960500.0,55.00000000000001,75.0
APP_NLIU_4820,Rule_3_i_Passwords,623740,CSRF,0,1,1,0,0,1496976000.0,233902500.0,1730878500.0,25.0,25.0
APP_NLIU_4821,Rule_3_ii_Financial_Data,1973999,Exception_Handling_Failure,0,0,1,1,1,5329797300.0,838949575.0,6168746875.0,15.0,35.0
APP_NLIU_4822,Rule_3_ii_Financial_Data,1863558,,1,1,1,1,1,3727116000.0,186355799.99999997,3913471800.0,80.0,100.0
APP_NLIU_4823,Rule_3_ii_Financial_Data,1221172,Exception_Handling_Failure,1,1,1,1,1,3297164400.0,122117199.99999997,3419281600.0,80.0,100.0
APP_NLIU_4824,Rule_3_ii_Financial_Data,1501398,SSRF,1,1,0,0,1,4203914399.9999995,262744649.99999997,4466659049.999999,65.0,85.0
APP_NLIU_4825,Rule_3_iii_v_Health_Medical_Records,729179,XSS,1,1,1,1,1,1604193800.0000002,72917899.99999999,1677111700.0000002,80.0,100.0
APP_NLIU_4826,Rule_3_i_Passwords,1648091,,1,1,0,1,0,3296182000.0,288415925.0,3584597925.0,65.0,65.0
APP_NLIU_4827,Rule_3_iii_v_Health_Medical_Records,290356,XSS,0,0,1,0,1,638783200.0,145178000.0,783961200.0,0.0,20.0
APP_NLIU_4828,Rule_3_i_Passwords,307262,XSS,1,0,1,1,1,675976400.0,69133950.0,745110350.0,55.00000000000001,75.0
APP_NLIU_4829,Rule_3_ii_Financial_Data,1868610,,0,0,0,1,1,3737220000.0,934305000.0,4671525000.0,0.0,20.0
APP_NLIU_4830,Rule_3_iii_v_Health_Medical_Records,1595404,Exception_Handling_Failure,1,1,0,0,0,4307590800.0,279195700.0,4586786500.0,65.0,65.0
APP_NLIU_4831,Rule_3_vi_Biometric_Information,171901,XSS,1,0,1,0,1,378182200.00000006,51570300.0,429752500.00000006,40.0,60.0
APP_NLIU_4832,Rule_3_iii_v_Health_Medical_Records,192381,,1,0,1,1,0,384762000.0,43285724.99999999,428047725.0,55.00000000000001,55.00000000000001
APP_NLIU_4833,Rule_3_iii_v_Health_Medical_Records,1774339,SSRF,0,1,1,1,1,4968149200.0,532301700.0,5500450900.0,40.0,60.0
APP_NLIU_4834,Rule_3_i_Passwords,1911463,,0,0,1,1,0,3822926000.0,812371775.0,4635297775.0,15.0,15.0
APP_NLIU_4835,Rule_3_iii_v_Health_Medical_Records,1600141,SQL_Injection,1,0,1,1,1,4800423000.0,360031724.99999994,5160454725.0,55.00000000000001,75.0
APP_NLIU_4836,Rule_3_i_Passwords,1696997,SQL_Injection,1,1,0,0,1,5090991000.0,296974475.0,5387965475.0,65.0,85.0
APP_NLIU_4837,Rule_3_ii_Financial_Data,457889,,1,1,1,1,1,915778000.0,45788899.99999999,961566900.0,80.0,100.0
APP_NLIU_4838,Rule_3_ii_Financial_Data,1305772,SSRF,0,1,1,0,1,3656161600.0,489664500.0,4145826100.0,25.0,45.0
APP_NLIU_4839,Rule_3_i_Passwords,1988756,,1,0,0,1,0,3977512000.0,596626800.0,4574138800.0,40.0,40.0
APP_NLIU_4840,Rule_3_ii_Financial_Data,441060,,0,1,1,1,0,882120000.0,132318000.0,1014438000.0,40.0,40.0
APP_NLIU_4841,Multi_Category_SPDI,987212,,0,0,1,1,1,1974424000.0,419565100.0,2393989100.0,15.0,35.0
APP_NLIU_4842,Multi_Category_SPDI,801184,,0,1,1,0,0,1602368000.0,300444000.0,1902812000.0,25.0,25.0
APP_NLIU_4843,Rule_3_ii_Financial_Data,1266196,CSRF,1,1,1,0,0,3038870400.0,221584300.0,3260454700.0,65.0,65.0
APP_NLIU_4844,Rule_3_i_Passwords,1521503,,1,1,1,1,0,3043006000.0,152150299.99999997,3195156300.0,80.0,80.0
APP_NLIU_4845,Rule_3_i_Passwords,438886,SQL_Injection,0,1,0,1,0,1316658000.0,164582250.0,1481240250.0,25.0,25.0
APP_NLIU_4846,Rule_3_ii_Financial_Data,1252251,XSS,0,1,1,1,1,2754952200.0,375675300.0,3130627500.0,40.0,60.0
APP_NLIU_4847,Multi_Category_SPDI,691838,,0,1,0,0,0,1383676000.0,259439250.0,1643115250.0,25.0,25.0
APP_NLIU_4848,Rule_3_i_Passwords,424655,CSRF,1,1,1,1,1,1019172000.0,42465499.99999999,1061637500.0,80.0,100.0
APP_NLIU_4849,Rule_3_vi_Biometric_Information,957251,XSS,0,1,1,1,0,2105952200.0000002,287175300.0,2393127500.0,40.0,40.0
APP_NLIU_4850,Rule_3_i_Passwords,776784,XSS,1,0,1,1,0,1708924800.0000002,174776399.99999997,1883701200.0000002,55.00000000000001,55.00000000000001
APP_NLIU_4851,Multi_Category_SPDI,1965340,Exception_Handling_Failure,1,1,0,1,0,5306418000.0,343934500.0,5650352500.0,65.0,65.0
APP_NLIU_4852,Rule_3_ii_Financial_Data,1476602,,1,0,0,0,0,2953204000.0,442980600.0,3396184600.0,40.0,40.0
APP_NLIU_4853,Rule_3_vi_Biometric_Information,1858310,SQL_Injection,1,1,1,1,0,5574930000.0,185830999.99999997,5760761000.0,80.0,80.0
APP_NLIU_4854,Rule_3_ii_Financial_Data,1381956,XSS,0,1,0,1,0,3040303200.0000005,518233500.0,3558536700.0000005,25.0,25.0
APP_NLIU_4855,Rule_3_iii_v_Health_Medical_Records,69467,,1,1,1,0,0,138934000.0,12156725.0,151090725.0,65.0,65.0
APP_NLIU_4856,Rule_3_i_Passwords,1418070,XSS,1,1,1,1,0,3119754000.0000005,141806999.99999997,3261561000.0000005,80.0,80.0
APP_NLIU_4857,Rule_3_i_Passwords,957345,SQL_Injection,1,1,1,1,0,2872035000.0,95734499.99999999,2967769500.0,80.0,80.0
APP_NLIU_4858,Multi_Category_SPDI,1041853,XSS,1,0,0,1,1,2292076600.0,312555900.0,2604632500.0,40.0,60.0
APP_NLIU_4859,Multi_Category_SPDI,967217,CSRF,0,1,0,1,1,2321320800.0,362706375.0,2684027175.0,25.0,45.0
APP_NLIU_4860,Multi_Category_SPDI,1496338,SSRF,1,1,0,1,0,4189746399.9999995,261859149.99999997,4451605549.999999,65.0,65.0
APP_NLIU_4861,Rule_3_iii_v_Health_Medical_Records,785196,,0,1,1,1,0,1570392000.0,235558800.0,1805950800.0,40.0,40.0
APP_NLIU_4862,Rule_3_vi_Biometric_Information,794480,XSS,0,1,1,1,1,1747856000.0000002,238344000.0,1986200000.0000002,40.0,60.0
APP_NLIU_4863,Rule_3_i_Passwords,1827076,,0,0,1,1,1,3654152000.0,776507300.0,4430659300.0,15.0,35.0
APP_NLIU_4864,Rule_3_ii_Financial_Data,1636770,,0,1,0,1,1,3273540000.0,613788750.0,3887328750.0,25.0,45.0
APP_NLIU_4865,Rule_3_ii_Financial_Data,343781,Exception_Handling_Failure,1,1,1,0,0,928208700.0000001,60161674.99999999,988370375.0000001,65.0,65.0
APP_NLIU_4866,Rule_3_iii_v_Health_Medical_Records,296922,SQL_Injection,1,0,1,1,1,890766000.0,66807449.99999999,957573450.0,55.00000000000001,75.0
APP_NLIU_4867,Rule_3_ii_Financial_Data,1212073,XSS,1,1,1,1,1,2666560600.0,121207299.99999997,2787767900.0,80.0,100.0
APP_NLIU_4868,Rule_3_i_Passwords,767405,SSRF,1,1,1,1,0,2148734000.0,76740499.99999999,2225474500.0,80.0,80.0
APP_NLIU_4869,Rule_3_iii_v_Health_Medical_Records,743748,,1,0,0,1,0,1487496000.0,223124400.0,1710620400.0,40.0,40.0
APP_NLIU_4870,Rule_3_vi_Biometric_Information,125918,SSRF,1,1,0,0,0,352570400.0,22035650.0,374606050.0,65.0,65.0
APP_NLIU_4871,Rule_3_ii_Financial_Data,1930044,CSRF,1,0,1,1,1,4632105600.0,434259899.99999994,5066365500.0,55.00000000000001,75.0
APP_NLIU_4872,Rule_3_i_Passwords,1504968,XSS,1,0,0,1,0,3310929600.0000005,451490400.0,3762420000.0000005,40.0,40.0
APP_NLIU_4873,Rule_3_i_Passwords,1459466,CSRF,1,1,1,1,0,3502718400.0,145946599.99999997,3648665000.0,80.0,80.0
APP_NLIU_4874,Rule_3_ii_Financial_Data,460618,SSRF,0,1,1,1,1,1289730400.0,138185400.0,1427915800.0,40.0,60.0
APP_NLIU_4875,Rule_3_ii_Financial_Data,1562901,XSS,1,0,1,0,0,3438382200.0000005,468870300.0,3907252500.0000005,40.0,40.0
APP_NLIU_4876,Rule_3_iii_v_Health_Medical_Records,1274555,SQL_Injection,1,1,1,1,1,3823665000.0,127455499.99999997,3951120500.0,80.0,100.0
APP_NLIU_4877,Rule_3_iii_v_Health_Medical_Records,777793,SQL_Injection,1,0,1,1,0,2333379000.0,175003424.99999997,2508382425.0,55.00000000000001,55.00000000000001
APP_NLIU_4878,Rule_3_iii_v_Health_Medical_Records,16957,CSRF,1,1,1,0,1,40696800.0,2967475.0,43664275.0,65.0,85.0
APP_NLIU_4879,Rule_3_ii_Financial_Data,1912652,,0,1,0,1,0,3825304000.0,717244500.0,4542548500.0,25.0,25.0
APP_NLIU_4880,Rule_3_vi_Biometric_Information,976120,XSS,0,1,1,1,1,2147464000.0000002,292836000.0,2440300000.0,40.0,60.0
APP_NLIU_4881,Rule_3_ii_Financial_Data,1953302,XSS,1,0,1,1,1,4297264400.0,439492949.99999994,4736757350.0,55.00000000000001,75.0
APP_NLIU_4882,Rule_3_ii_Financial_Data,22829,XSS,1,1,1,0,0,50223800.00000001,3995074.9999999995,54218875.00000001,65.0,65.0
APP_NLIU_4883,Rule_3_vi_Biometric_Information,1321557,CSRF,0,0,1,0,1,3171736800.0,660778500.0,3832515300.0,0.0,20.0
APP_NLIU_4884,Rule_3_i_Passwords,1510933,,0,1,1,1,1,3021866000.0,453279900.0,3475145900.0,40.0,60.0
APP_NLIU_4885,Rule_3_i_Passwords,151104,SQL_Injection,1,1,0,1,1,453312000.0,26443200.0,479755200.0,65.0,85.0
APP_NLIU_4886,Multi_Category_SPDI,1153346,Exception_Handling_Failure,1,0,1,0,0,3114034200.0,346003800.0,3460038000.0,40.0,40.0
APP_NLIU_4887,Rule_3_ii_Financial_Data,1604216,,1,1,1,0,1,3208432000.0,280737800.0,3489169800.0,65.0,85.0
APP_NLIU_4888,Rule_3_iii_v_Health_Medical_Records,35215,,0,0,0,1,0,70430000.0,17607500.0,88037500.0,0.0,0.0
APP_NLIU_4889,Rule_3_i_Passwords,1503111,SSRF,0,1,1,1,1,4208710799.9999995,450933300.0,4659644100.0,40.0,60.0
APP_NLIU_4890,Rule_3_iii_v_Health_Medical_Records,1573327,CSRF,1,0,1,1,1,3775984800.0,353998574.99999994,4129983375.0,55.00000000000001,75.0
APP_NLIU_4891,Rule_3_ii_Financial_Data,735002,,1,1,1,1,1,1470004000.0,73500199.99999999,1543504200.0,80.0,100.0
APP_NLIU_4892,Rule_3_i_Passwords,1356967,SQL_Injection,0,1,1,1,1,4070901000.0,407090100.0,4477991100.0,40.0,60.0
APP_NLIU_4893,Rule_3_iii_v_Health_Medical_Records,1016806,,0,1,1,0,0,2033612000.0,381302250.0,2414914250.0,25.0,25.0
APP_NLIU_4894,Rule_3_ii_Financial_Data,658980,,1,0,1,1,1,1317960000.0,148270500.0,1466230500.0,55.00000000000001,75.0
APP_NLIU_4895,Rule_3_ii_Financial_Data,703408,,1,0,1,1,1,1406816000.0,158266799.99999997,1565082800.0,55.00000000000001,75.0
APP_NLIU_4896,Rule_3_i_Passwords,779474,SQL_Injection,0,0,1,1,0,2338422000.0,331276450.0,2669698450.0,15.0,15.0
APP_NLIU_4897,Rule_3_i_Passwords,1026740,,1,0,1,0,1,2053480000.0,308022000.0,2361502000.0,40.0,60.0
APP_NLIU_4898,Rule_3_ii_Financial_Data,211604,Exception_Handling_Failure,1,0,1,1,1,571330800.0,47610899.99999999,618941700.0,55.00000000000001,75.0
APP_NLIU_4899,Rule_3_i_Passwords,596002,,1,1,1,1,1,1192004000.0,59600199.999999985,1251604200.0,80.0,100.0
APP_NLIU_4900,Multi_Category_SPDI,302463,SQL_Injection,1,1,0,1,0,907389000.0,52931025.0,960320025.0,65.0,65.0
APP_NLIU_4901,Rule_3_i_Passwords,648346,SQL_Injection,1,1,0,1,0,1945038000.0,113460550.0,2058498550.0,65.0,65.0
APP_NLIU_4902,Rule_3_ii_Financial_Data,283169,CSRF,0,1,0,1,0,679605600.0,106188375.0,785793975.0,25.0,25.0
APP_NLIU_4903,Rule_3_i_Passwords,14780,SQL_Injection,1,1,1,0,1,44340000.0,2586500.0,46926500.0,65.0,85.0
APP_NLIU_4904,Rule_3_ii_Financial_Data,814138,XSS,1,1,1,1,0,1791103600.0000002,81413799.99999999,1872517400.0000002,80.0,80.0
APP_NLIU_4905,Multi_Category_SPDI,703276,,1,1,0,1,1,1406552000.0,123073299.99999999,1529625300.0,65.0,85.0
APP_NLIU_4906,Rule_3_i_Passwords,80503,CSRF,1,1,1,0,0,193207200.0,14088025.0,207295225.0,65.0,65.0
APP_NLIU_4907,Multi_Category_SPDI,166928,,1,1,1,1,0,333856000.0,16692799.999999996,350548800.0,80.0,80.0
APP_NLIU_4908,Rule_3_ii_Financial_Data,1943174,SQL_Injection,1,1,1,1,0,5829522000.0,194317399.99999997,6023839400.0,80.0,80.0
APP_NLIU_4909,Rule_3_iii_v_Health_Medical_Records,1062755,SSRF,0,1,1,1,1,2975714000.0,318826500.0,3294540500.0,40.0,60.0
APP_NLIU_4910,Rule_3_iii_v_Health_Medical_Records,698983,SQL_Injection,0,1,0,1,0,2096949000.0,262118625.0,2359067625.0,25.0,25.0
APP_NLIU_4911,Multi_Category_SPDI,677947,CSRF,1,1,0,1,0,1627072800.0,118640724.99999999,1745713525.0,65.0,65.0
APP_NLIU_4912,Rule_3_iii_v_Health_Medical_Records,684093,,0,1,1,1,1,1368186000.0,205227900.0,1573413900.0,40.0,60.0
APP_NLIU_4913,Rule_3_iii_v_Health_Medical_Records,786570,SQL_Injection,1,1,0,1,1,2359710000.0,137649750.0,2497359750.0,65.0,85.0
APP_NLIU_4914,Rule_3_i_Passwords,486522,Exception_Handling_Failure,0,1,1,0,1,1313609400.0,182445750.0,1496055150.0,25.0,45.0
APP_NLIU_4915,Rule_3_i_Passwords,1677287,XSS,1,1,1,1,1,3690031400.0000005,167728699.99999997,3857760100.0000005,80.0,100.0
APP_NLIU_4916,Multi_Category_SPDI,1176652,,1,1,1,1,1,2353304000.0,117665199.99999997,2470969200.0,80.0,100.0
APP_NLIU_4917,Rule_3_ii_Financial_Data,140047,SQL_Injection,0,0,1,1,1,420141000.0,59519975.0,479660975.0,15.0,35.0
APP_NLIU_4918,Rule_3_ii_Financial_Data,1308053,SSRF,0,1,1,1,1,3662548400.0,392415900.0,4054964300.0,40.0,60.0
APP_NLIU_4919,Rule_3_vi_Biometric_Information,1787391,SQL_Injection,0,1,1,1,1,5362173000.0,536217300.0,5898390300.0,40.0,60.0
APP_NLIU_4920,Rule_3_ii_Financial_Data,342282,XSS,1,0,1,1,0,753020400.0000001,77013449.99999999,830033850.0000001,55.00000000000001,55.00000000000001
APP_NLIU_4921,Multi_Category_SPDI,705823,CSRF,1,1,1,0,1,1693975200.0,123519024.99999999,1817494225.0,65.0,85.0
APP_NLIU_4922,Rule_3_iii_v_Health_Medical_Records,178226,,1,1,0,1,0,356452000.0,31189549.999999996,387641550.0,65.0,65.0
APP_NLIU_4923,Rule_3_iii_v_Health_Medical_Records,1260324,Exception_Handling_Failure,1,1,1,1,1,3402874800.0,126032399.99999997,3528907200.0,80.0,100.0
APP_NLIU_4924,Multi_Category_SPDI,516559,Exception_Handling_Failure,1,1,1,0,1,1394709300.0,90397825.0,1485107125.0,65.0,85.0
APP_NLIU_4925,Rule_3_i_Passwords,1664570,XSS,0,1,0,1,1,3662054000.0000005,624213750.0,4286267750.0000005,25.0,45.0
APP_NLIU_4926,Rule_3_ii_Financial_Data,121905,SQL_Injection,1,1,1,1,0,365715000.0,12190499.999999998,377905500.0,80.0,80.0
APP_NLIU_4927,Rule_3_ii_Financial_Data,1082406,XSS,0,1,1,1,1,2381293200.0,324721800.0,2706015000.0,40.0,60.0
APP_NLIU_4928,Rule_3_ii_Financial_Data,1950084,,1,1,1,1,1,3900168000.0,195008399.99999997,4095176400.0,80.0,100.0
APP_NLIU_4929,Rule_3_iii_v_Health_Medical_Records,1518918,,1,0,1,1,1,3037836000.0,341756549.99999994,3379592550.0,55.00000000000001,75.0
APP_NLIU_4930,Multi_Category_SPDI,297753,,1,1,1,1,0,595506000.0,29775299.999999993,625281300.0,80.0,80.0
APP_NLIU_4931,Rule_3_ii_Financial_Data,546689,,1,1,1,1,0,1093378000.0,54668899.999999985,1148046900.0,80.0,80.0
APP_NLIU_4932,Rule_3_ii_Financial_Data,425945,SQL_Injection,1,1,1,0,1,1277835000.0,74540375.0,1352375375.0,65.0,85.0
APP_NLIU_4933,Multi_Category_SPDI,894912,SSRF,1,0,1,1,1,2505753600.0,201355199.99999997,2707108800.0,55.00000000000001,75.0
APP_NLIU_4934,Rule_3_ii_Financial_Data,1171854,SQL_Injection,1,0,0,1,0,3515562000.0,351556200.0,3867118200.0,40.0,40.0
APP_NLIU_4935,Rule_3_ii_Financial_Data,705527,CSRF,0,1,0,1,1,1693264800.0,264572625.0,1957837425.0,25.0,45.0
APP_NLIU_4936,Rule_3_ii_Financial_Data,230253,SQL_Injection,1,1,1,0,0,690759000.0,40294275.0,731053275.0,65.0,65.0
APP_NLIU_4937,Multi_Category_SPDI,1897399,XSS,0,1,1,1,1,4174277800.0000005,569219700.0,4743497500.0,40.0,60.0
APP_NLIU_4938,Rule_3_iii_v_Health_Medical_Records,1704407,Exception_Handling_Failure,1,1,1,1,0,4601898900.0,170440699.99999997,4772339600.0,80.0,80.0
APP_NLIU_4939,Rule_3_vi_Biometric_Information,1968894,,1,0,1,1,0,3937788000.0,443001149.99999994,4380789150.0,55.00000000000001,55.00000000000001
APP_NLIU_4940,Rule_3_vi_Biometric_Information,1672447,,1,1,1,0,1,3344894000.0,292678225.0,3637572225.0,65.0,85.0
APP_NLIU_4941,Rule_3_ii_Financial_Data,194243,,1,1,1,1,1,388486000.0,19424299.999999996,407910300.0,80.0,100.0
APP_NLIU_4942,Rule_3_ii_Financial_Data,486312,SQL_Injection,0,1,1,1,1,1458936000.0,145893600.0,1604829600.0,40.0,60.0
APP_NLIU_4943,Rule_3_vi_Biometric_Information,142719,SQL_Injection,1,1,0,0,1,428157000.0,24975825.0,453132825.0,65.0,85.0
APP_NLIU_4944,Rule_3_ii_Financial_Data,1992186,Exception_Handling_Failure,0,1,1,1,1,5378902200.0,597655800.0,5976558000.0,40.0,60.0
APP_NLIU_4945,Rule_3_vi_Biometric_Information,1321735,CSRF,0,0,1,1,1,3172164000.0,561737375.0,3733901375.0,15.0,35.0
APP_NLIU_4946,Multi_Category_SPDI,288650,CSRF,1,1,1,1,1,692760000.0,28864999.999999993,721625000.0,80.0,100.0
APP_NLIU_4947,Rule_3_iii_v_Health_Medical_Records,250221,CSRF,0,1,1,1,0,600530400.0,75066300.0,675596700.0,40.0,40.0
APP_NLIU_4948,Rule_3_iii_v_Health_Medical_Records,1077643,CSRF,1,1,1,1,0,2586343200.0,107764299.99999997,2694107500.0,80.0,80.0
APP_NLIU_4949,Rule_3_vi_Biometric_Information,1051371,XSS,1,1,1,1,0,2313016200.0,105137099.99999997,2418153300.0,80.0,80.0
APP_NLIU_4950,Rule_3_vi_Biometric_Information,397963,XSS,1,1,0,1,0,875518600.0000001,69643525.0,945162125.0000001,65.0,65.0
APP_NLIU_4951,Rule_3_ii_Financial_Data,1563569,XSS,0,0,0,1,1,3439851800.0000005,781784500.0,4221636300.0000005,0.0,20.0
APP_NLIU_4952,Rule_3_i_Passwords,1579920,Exception_Handling_Failure,1,1,1,0,1,4265784000.0000005,276486000.0,4542270000.0,65.0,85.0
APP_NLIU_4953,Rule_3_ii_Financial_Data,259770,CSRF,1,1,1,1,1,623448000.0,25976999.999999993,649425000.0,80.0,100.0
APP_NLIU_4954,Rule_3_iii_v_Health_Medical_Records,558616,CSRF,1,1,1,1,0,1340678400.0,55861599.999999985,1396540000.0,80.0,80.0
APP_NLIU_4955,Rule_3_ii_Financial_Data,869144,SSRF,1,0,1,1,1,2433603200.0,195557399.99999997,2629160600.0,55.00000000000001,75.0
APP_NLIU_4956,Rule_3_iii_v_Health_Medical_Records,57832,CSRF,1,1,1,1,0,138796800.0,5783199.999999999,144580000.0,80.0,80.0
APP_NLIU_4957,Rule_3_ii_Financial_Data,1096347,,0,1,1,1,1,2192694000.0,328904100.0,2521598100.0,40.0,60.0
APP_NLIU_4958,Rule_3_iii_v_Health_Medical_Records,102421,,1,0,1,0,1,204842000.0,30726300.0,235568300.0,40.0,60.0
APP_NLIU_4959,Rule_3_i_Passwords,1231163,Exception_Handling_Failure,1,0,1,1,0,3324140100.0,277011675.0,3601151775.0,55.00000000000001,55.00000000000001
APP_NLIU_4960,Rule_3_iii_v_Health_Medical_Records,593826,SSRF,1,1,1,0,1,1662712800.0,103919550.0,1766632350.0,65.0,85.0
APP_NLIU_4961,Rule_3_iii_v_Health_Medical_Records,1525770,XSS,0,1,1,0,1,3356694000.0000005,572163750.0,3928857750.0000005,25.0,45.0
APP_NLIU_4962,Rule_3_ii_Financial_Data,1355871,XSS,1,1,1,1,0,2982916200.0000005,135587099.99999997,3118503300.0000005,80.0,80.0
APP_NLIU_4963,Rule_3_ii_Financial_Data,1710565,XSS,1,0,1,1,0,3763243000.0000005,384877124.99999994,4148120125.0000005,55.00000000000001,55.00000000000001
APP_NLIU_4964,Rule_3_iii_v_Health_Medical_Records,1399183,XSS,1,1,1,1,1,3078202600.0000005,139918299.99999997,3218120900.0000005,80.0,100.0
APP_NLIU_4965,Rule_3_ii_Financial_Data,1674717,XSS,1,1,1,1,1,3684377400.0000005,167471699.99999997,3851849100.0000005,80.0,100.0
APP_NLIU_4966,Rule_3_ii_Financial_Data,1667296,XSS,0,1,1,1,0,3668051200.0000005,500188800.0,4168240000.0000005,40.0,40.0
APP_NLIU_4967,Multi_Category_SPDI,295299,,1,0,0,1,0,590598000.0,88589700.0,679187700.0,40.0,40.0
APP_NLIU_4968,Rule_3_iii_v_Health_Medical_Records,780817,SQL_Injection,1,1,0,1,1,2342451000.0,136642975.0,2479093975.0,65.0,85.0
APP_NLIU_4969,Multi_Category_SPDI,154360,,1,0,1,1,0,308720000.0,34731000.0,343451000.0,55.00000000000001,55.00000000000001
APP_NLIU_4970,Rule_3_ii_Financial_Data,1366308,SQL_Injection,1,0,1,0,1,4098924000.0,409892400.0,4508816400.0,40.0,60.0
APP_NLIU_4971,Rule_3_ii_Financial_Data,223023,SQL_Injection,0,1,1,1,1,669069000.0,66906900.0,735975900.0,40.0,60.0
APP_NLIU_4972,Multi_Category_SPDI,696445,,1,1,1,1,0,1392890000.0,69644499.99999999,1462534500.0,80.0,80.0
APP_NLIU_4973,Rule_3_iii_v_Health_Medical_Records,1048904,,0,1,1,0,1,2097808000.0,393339000.0,2491147000.0,25.0,45.0
APP_NLIU_4974,Rule_3_iii_v_Health_Medical_Records,540539,SQL_Injection,1,0,1,1,1,1621617000.0,121621274.99999999,1743238275.0,55.00000000000001,75.0
APP_NLIU_4975,Rule_3_ii_Financial_Data,1155996,XSS,0,1,1,1,1,2543191200.0,346798800.0,2889990000.0,40.0,60.0
APP_NLIU_4976,Rule_3_ii_Financial_Data,1734510,SSRF,1,1,1,1,1,4856628000.0,173450999.99999997,5030079000.0,80.0,100.0
APP_NLIU_4977,Rule_3_i_Passwords,276767,XSS,1,1,0,0,1,608887400.0,48434225.0,657321625.0,65.0,85.0
APP_NLIU_4978,Rule_3_ii_Financial_Data,222544,,1,0,1,1,0,445088000.0,50072399.99999999,495160400.0,55.00000000000001,55.00000000000001
APP_NLIU_4979,Rule_3_i_Passwords,1370435,,1,0,1,0,1,2740870000.0,411130500.0,3152000500.0,40.0,60.0
APP_NLIU_4980,Rule_3_i_Passwords,273267,Exception_Handling_Failure,1,0,1,1,0,737820900.0,61485074.99999999,799305975.0,55.00000000000001,55.00000000000001
APP_NLIU_4981,Multi_Category_SPDI,1318781,CSRF,1,1,1,1,1,3165074400.0,131878099.99999997,3296952500.0,80.0,100.0
APP_NLIU_4982,Rule_3_ii_Financial_Data,1159969,Exception_Handling_Failure,1,1,1,0,1,3131916300.0,202994575.0,3334910875.0,65.0,85.0
APP_NLIU_4983,Rule_3_iii_v_Health_Medical_Records,783504,CSRF,1,1,1,1,1,1880409600.0,78350399.99999999,1958760000.0,80.0,100.0
APP_NLIU_4984,Rule_3_vi_Biometric_Information,893467,,0,1,1,1,1,1786934000.0,268040100.0,2054974100.0,40.0,60.0
APP_NLIU_4985,Rule_3_iii_v_Health_Medical_Records,1354815,,1,1,1,1,1,2709630000.0,135481499.99999997,2845111500.0,80.0,100.0
APP_NLIU_4986,Rule_3_i_Passwords,195690,XSS,1,1,1,0,0,430518000.00000006,34245750.0,464763750.00000006,65.0,65.0
APP_NLIU_4987,Rule_3_iii_v_Health_Medical_Records,950955,CSRF,0,1,1,1,0,2282292000.0,285286500.0,2567578500.0,40.0,40.0
APP_NLIU_4988,Rule_3_iii_v_Health_Medical_Records,873329,CSRF,0,0,1,1,0,2095989600.0,371164825.0,2467154425.0,15.0,15.0
APP_NLIU_4989,Rule_3_iii_v_Health_Medical_Records,1659307,SQL_Injection,1,1,1,0,0,4977921000.0,290378725.0,5268299725.0,65.0,65.0
APP_NLIU_4990,Rule_3_vi_Biometric_Information,385149,,1,1,1,1,0,770298000.0,38514899.99999999,808812900.0,80.0,80.0
APP_NLIU_4991,Multi_Category_SPDI,1874822,XSS,0,1,1,1,1,4124608400.0000005,562446600.0,4687055000.0,40.0,60.0
APP_NLIU_4992,Rule_3_iii_v_Health_Medical_Records,1564624,CSRF,1,0,1,0,1,3755097600.0,469387200.0,4224484800.0,40.0,60.0
APP_NLIU_4993,Rule_3_ii_Financial_Data,90141,XSS,1,0,1,1,1,198310200.00000003,20281724.999999996,218591925.00000003,55.00000000000001,75.0
APP_NLIU_4994,Rule_3_iii_v_Health_Medical_Records,496008,,0,1,0,1,1,992016000.0,186003000.0,1178019000.0,25.0,45.0
APP_NLIU_4995,Rule_3_i_Passwords,737228,SQL_Injection,0,0,1,1,1,2211684000.0,313321900.0,2525005900.0,15.0,35.0
APP_NLIU_4996,Multi_Category_SPDI,1746768,,1,1,0,1,0,3493536000.0,305684400.0,3799220400.0,65.0,65.0
APP_NLIU_4997,Rule_3_i_Passwords,1017516,,1,0,1,1,1,2035032000.0,228941099.99999997,2263973100.0,55.00000000000001,75.0
APP_NLIU_4998,Rule_3_ii_Financial_Data,1718381,,1,0,1,1,0,3436762000.0,386635724.99999994,3823397725.0,55.00000000000001,55.00000000000001
APP_NLIU_4999,Rule_3_vi_Biometric_Information,1218138,CSRF,1,0,1,1,1,2923531200.0,274081050.0,3197612250.0,55.00000000000001,75.0
APP_NLIU_5000,Rule_3_iii_v_Health_Medical_Records,1607631,SSRF,0,0,1,1,0,4501366800.0,683243175.0,5184609975.0,15.0,15.0
